,source_id,ra,dec,phot_bp_mean_mag,phot_rp_mean_mag,phot_bp_mean_flux_over_error,phot_rp_mean_flux_over_error,astrometric_excess_noise,bp_rp,teff_gspphot,logg_gspphot,mh_gspphot,vbroad,parallax,phot_g_mean_mag,alphafe_gspspec,original_ext_source_id,angular_distance,plate,mjd,fiberID,redshift,abs_g_mag,x_test_index,X_test_index
4,28248000706176,45.0068166131502,0.4094734857046148,16.161688,14.960652,322.59467,508.41214,0.042590454,1.2010355,4788.102,4.4755,-0.3356,,1.281026447747244,15.637931,,1237666301090136087,0.051929038,1068,52614,622,-1.44499e-05,6.175721350911186,2765,2765
20,97998269560192,44.62570723962393,0.6698155026272286,17.435019,16.416044,102.30307,151.70697,0.0,1.0189743,5117.3,4.6725,-0.6332,,0.5764706116452717,16.992327,,1237678617437339698,0.091567785,1068,52614,582,0.0002725943,5.796212596202935,2935,2935
59,314151088178944,44.23275815353443,1.0910042004571394,18.070688,16.693186,73.47063,131.58975,0.0,1.3775024,4348.3765,4.6556,-1.1642,,0.7319422441616033,17.450212,,1237657072240230492,0.038266722,1512,53742,525,0.0001734782,6.772596544916613,385,385
844,73674601980782592,32.76391622494341,12.86507720016902,16.057884,14.606453,322.21924,951.85547,0.0,1.4514313,4589.328,4.6573,0.3628,,1.9754199966337243,15.390971,,1237653651312017515,0.048116054,428,51883,189,-6.191932e-05,6.869268412269459,2540,2540
897,77491517941849728,31.492721239279494,14.506172318789378,16.654724,15.379417,151.9492,330.52823,0.062445603,1.2753067,4664.6025,4.6044,-0.0535,,1.1062796981853258,16.094517,,1237679167162024051,0.08129878,427,51900,617,-0.0001484645,6.313841466848782,3890,3890
2416,147038480256758784,71.87415605244608,24.13575882778194,16.078638,14.590919,135.92085,191.91896,0.23852567,1.4877195,,,,,0.7833022255079944,16.122528,,1237664088608800906,0.31276724,1257,52944,61,-4.350504e-05,5.592174878452562,1925,1925
2888,148281375073152000,70.72871973421121,25.941517422578784,16.837479,14.96441,170.99406,610.0184,0.0,1.8730688,5969.357,4.3718,-0.6704,,1.2067464557361731,15.915433,,1237660559210053885,0.06984476,1257,52944,415,-0.0001759757,6.323513089752176,1668,1668
2935,148303953716447616,71.04501350217278,26.062979349426488,17.239504,15.702187,231.54134,421.04312,0.0,1.5373173,5696.5684,4.5935,-1.2048,,0.6970117671742454,16.536167,,1237660761073844405,0.036761303,1257,52944,463,0.0001048137,5.752367695062455,4069,4069
2961,148320549470080640,70.86034304374687,26.182464022478477,17.515123,16.111576,162.8698,294.60403,0.1281811,1.4035473,5362.7495,4.7034,-1.7899,,0.5717637780651537,16.887024,,1237660559746990462,0.045573752,1257,52944,449,-0.000111607,5.673107119814624,3598,3598
3151,149154632120154112,64.61946562983827,24.22533735764477,17.306555,16.064772,104.99148,142.52516,0.14860347,1.2417831,,,,,0.585218391819194,17.416481,,1237660557060145348,0.39053613,1254,52972,41,2.486418e-05,6.253070849865196,2751,2751
3154,149167207782445184,64.63250546726013,24.30003903522907,16.377283,15.18553,41.798107,49.093452,0.0,1.1917534,5932.1997,4.5825,-3.9404,,0.8198386568392255,16.280476,,1237660557060145365,0.04765254,1254,52972,43,-0.0001182453,5.849117577527014,1016,1016
3514,150632577613107456,64.34716637817144,25.891547975831756,16.797096,15.558901,32.165665,40.39626,0.51906747,1.2381954,,,,,0.7159494743558621,16.53209,,1237660559207563395,0.07825481,1250,52930,294,9.000874e-05,5.806501106231702,2542,2542
3957,151374133778605824,67.32333709339333,26.59032133096449,17.131914,15.379289,179.1728,540.59686,0.0,1.7526255,5088.65,4.3854,-0.668,,0.9039514943257198,16.285069,,1237660761609273736,0.06567591,1255,52962,443,-0.0001243414,6.065794147128088,3389,3389
4023,151519368097369472,68.72213327730167,26.62811843971592,17.634907,15.893774,120.93731,274.81732,0.08071175,1.7411327,5683.2305,4.6447,-1.7839,,0.6430276362491131,16.791494,,1237660761609797866,0.37916914,1256,52902,404,0.001176776,5.832642562374975,3023,3023
4486,164392007855086848,64.8924159942121,27.57579768682736,17.251816,15.641702,172.92723,496.6444,0.0,1.6101141,5636.4004,4.551,-0.6721,,0.8300957359892976,16.498104,,1237660751945728581,0.077928916,1251,52964,125,0.9667591,6.093745010436823,917,917
4770,164807623252052224,64.81517800093461,28.843155398790607,16.788555,15.272428,241.70589,602.5222,0.0,1.5161276,5311.35,4.619,-0.7622,,1.2333924944098151,16.094059,,1237660554913448022,0.015113869,1251,52964,432,-2.550957e-05,6.549565496861845,2523,2523
5559,175762706137837184,64.79637794783862,33.942574697453274,17.339903,15.781942,142.93382,252.39261,0.0,1.5579605,4437.4194,4.3854,-1.0143,,0.7558657466295037,16.616928,,1237660751948546237,0.042537708,1253,52974,377,6.12665e-05,6.009151425475217,2237,2237
5606,175875066777638528,64.71639154085503,34.25319675682587,16.72793,15.324953,47.02692,86.62436,2.1684058,1.402977,,,,,1.5122070490748734,16.548025,,1237660554915807930,0.2195081,1253,52974,367,-0.0002168977,7.446081422086401,4036,4036
9542,576571390661653120,134.96956505187975,0.7358551932913261,18.058378,16.447432,95.82079,277.54788,0.0,1.6109467,4393.994,4.6752,0.0233,,1.0845934826371817,17.294313,,1237674462023581954,0.033854146,469,51913,153,-7.708537e-05,7.470648382863562,4019,4019
9665,578634280633468544,135.36554877956206,4.250101682554674,18.099771,16.76108,47.899967,51.81891,0.0,1.3386917,4496.765,4.7294,-0.6286,,0.7327546204637273,17.576847,,1237658423006199977,0.020253774,1192,52649,251,-3.889573e-05,6.901639904466329,1488,1488
9835,581472257583619072,131.91952047549964,4.240088385100583,16.586336,15.396491,41.029747,35.62383,1.6336066,1.1898451,,,,,0.9281696253270644,16.548185,,1237658298985545860,0.3938778,1188,52650,27,9.540466e-05,6.386322107900739,1061,1061
9856,581769950356622720,133.91261855780286,4.934058611361851,17.436783,16.191067,212.68312,420.98453,0.07327559,1.2457161,4709.172,4.5931,0.0043,,0.8221415459381666,16.884567,,1237658299523334320,0.029345887,1190,52670,518,0.0001278568,6.459300237297601,3557,3557
11447,591208811005107456,136.2656331516888,9.13957164379157,18.250668,16.6015,88.12173,228.14748,0.25619382,1.649168,4281.196,4.6611,0.0025,,1.0476679518204595,17.458544,,1237664285099622635,0.027597502,1300,52973,379,0.0001135473,7.5596620726597905,1570,1570
11759,595913625556379136,127.16238055531419,6.992281324903128,17.200722,15.663666,199.21446,395.33847,0.12645137,1.537056,4504.1724,4.6693,0.4886,,1.3192257549510638,16.477957,,1237661065480241490,0.020776486,1297,52963,359,-3.279965e-06,7.079552378619709,2238,2238
17250,671636853922576896,117.18619274979831,18.645351932939267,16.218605,14.826556,292.5858,552.48065,0.04151355,1.3920488,4532.825,4.4223,0.4787,,1.5442776321553735,15.582318,,1237661086415651196,0.025890881,1582,52939,106,-3.357559e-05,6.5259452110777545,183,183
17312,672088439667989376,117.03315554710508,20.277071829124274,17.821758,16.539143,43.148598,73.27138,0.15835619,1.2826157,4527.6694,4.8191,-1.2518,,0.6251824396832408,17.39573,,1237661088026722546,0.06582984,1263,52708,92,-6.533552e-05,6.375762919548446,3650,3650
17398,673193934185997056,115.88959871730857,21.33661376405107,17.456747,16.399584,61.918705,64.95502,0.1118666,1.0571632,,,,,0.5798125281904625,17.261856,,1237660343922917981,0.12426191,1203,52669,181,0.000201325,6.078294054386209,2887,2887
17499,674256990129942912,118.63526080833765,22.26348496116664,17.765213,16.550522,58.161785,53.023632,0.69259363,1.2146912,,,,,0.5073164882495624,17.581816,,1237660958105338399,0.24183416,1264,52707,210,0.0001922848,6.108210607176478,594,594
17535,674926180394465536,116.18050767634382,22.62713564512286,17.93243,16.571032,30.719513,25.386566,0.0,1.3613987,4507.6255,4.8514,-1.381,,0.7036173944484773,17.51442,,1237657877538472497,0.04428574,927,52577,66,0.0002369411,6.751102392220599,2226,2226
18329,680281832815398784,121.35171060401298,23.403202965939805,17.42198,15.811537,100.392075,216.43393,0.533939,1.6104431,6137.1836,4.5121,-4.1107,,1.4623038576087117,16.689837,,1237661088028885210,0.04425962,1265,52705,117,9.313781e-05,7.515024630475729,2129,2129
18516,683318683930668288,125.66709997569045,27.79273249418761,16.143103,14.794929,322.0968,470.02057,0.11098407,1.3481741,4521.0728,4.36,-0.568,,1.1529306445760403,15.541495,,1237660765372678376,0.31768808,1267,52932,348,0.0001206263,5.850511237001292,1220,1220
19942,699574585391451392,135.7433076702375,30.182733863184282,17.935791,16.62653,130.32185,199.69138,0.0,1.3092613,4563.9546,4.6294,0.1089,,0.5623370142672701,17.337679,,1237661124542726229,0.05489005,1590,52974,88,-6.83664e-05,6.087662262674545,3134,3134
20680,706335001354561792,130.0712640239505,30.327358488531864,17.359112,15.789596,224.63063,474.04898,0.19741872,1.5695162,4434.809,4.6688,0.2674,,1.4292216274624265,16.621178,,1237660962399191201,0.086088635,1269,52937,440,0.0001081807,7.396675570691414,3799,3799
20697,706551330266014336,132.67825554036514,30.695968445191774,17.892305,16.45373,121.04171,164.98671,0.0,1.4385757,4506.4478,4.6373,0.3884,,0.6979889949993124,17.214794,,1237660961326366897,0.028708218,1270,52991,106,-6.3923e-05,6.434037035312457,943,943
20877,709976171548521984,130.23754517761293,32.2024281458466,16.733023,15.203048,359.32657,698.3705,0.0,1.5299749,4366.504,4.4034,-0.0878,,1.7463356895379383,16.022432,,1237660343930257619,0.04819609,1209,52674,168,-0.0003409068,7.233070975724775,1424,1424
20972,711286102214058624,130.1109300717905,34.89516907856729,16.666788,15.019572,347.7454,1178.3826,0.0,1.6472158,4445.4414,4.6754,0.4905,,2.061496288371939,15.882505,,1237658205029925156,0.03034909,933,52642,537,7.511026e-06,7.4534182029255795,1693,1693
22029,719589854542835712,133.58172019523005,38.581146249455976,16.841269,15.214373,143.4137,193.22105,1.0408437,1.6268959,,,,,1.614409375053705,16.71297,,1237657628975825134,0.29109302,1198,52669,203,-8.525272e-05,7.753039088123696,2,2
22144,720407238358975744,134.33130499202545,40.50245039095014,17.924171,16.478542,71.82932,120.790825,0.08672913,1.4456291,,,,,0.8993223180269794,17.638176,,1237657776079765711,0.12308064,1198,52669,459,-1.163484e-05,7.407752820423628,1561,1561
25366,756275678479530368,157.6531850284263,40.24843905248523,16.362652,15.35943,375.1204,416.27353,0.0,1.0032215,5121.3105,4.6558,-0.2229,,0.8247105862798885,15.9447975,,1237661384387657793,0.03673115,1359,53002,3,-0.0001549812,5.526305362659764,1445,1445
26567,777668807501552384,167.50457165299707,41.86523566459325,16.90735,15.235689,82.00045,226.47276,0.08811718,1.6716614,4654.414,4.342,-1.3906,,1.4685946634428932,16.12892,,1237662195594625134,0.0771483,1437,53046,607,0.0002527474,6.9634293301501025,1792,1792
26571,777751064715258624,166.9936356695421,41.49919686780204,16.796463,15.540788,196.19424,395.3587,0.037386794,1.2556753,4611.353,4.5291,-0.0036,,1.0363859837115412,16.24042,,1237662195057557581,0.062735654,1437,53046,505,-0.0002015494,6.318027042163738,1286,1286
26821,782347534420170624,165.7799767880111,45.41761665854265,18.53176,16.565737,68.40183,190.25256,0.0,1.9660225,3831.5522,4.7386,-0.282,,1.177487470071718,17.548134,,1237660634924580996,0.0837808,1436,53054,119,-1.678129e-05,7.902915322063411,1230,1230
26889,783589540187616384,166.43291487095468,47.63122738165458,17.986242,16.298557,110.61004,309.11075,0.24495713,1.687685,4243.9097,4.6161,0.2526,,0.9653283336453141,17.170462,,1237658611980042313,0.09385741,964,52646,85,-0.0001640885,7.093836922095669,920,920
26901,783771092740825216,170.29576436397167,42.858112488693905,18.23329,16.616484,61.743576,188.82466,0.0,1.616806,4148.4155,4.6974,-0.1039,,1.024604467493897,17.474993,,1237661871325118577,0.032057617,1440,53084,446,3.354528e-05,7.527773977880056,332,332
27125,788526587907979776,168.79158207215252,46.85475999382332,18.430182,16.614452,87.802765,179.68272,0.0,1.8157291,3942.4446,4.6917,-0.104,,0.9206099132538812,17.547266,,1237661358076461192,0.07234303,1441,53083,346,-0.0001136875,7.367644242098297,3523,3523
27193,789920459415232512,170.64960292826547,49.114781166686306,16.080864,14.919297,498.59344,752.54913,0.0,1.1615667,4774.259,4.5899,-0.2868,,1.4537868281153157,15.579264,,1237658613055094821,0.11749105,966,52642,313,-4.502019e-05,6.391767335428252,500,500
27259,791739154725471488,175.1413384511948,51.23364598996631,16.193985,15.15834,368.0275,530.8235,0.1479167,1.0356445,5054.9624,4.6796,-0.4152,,1.0635139853217879,15.772958,,1237657855534825510,0.048838478,880,52367,138,-0.0001235632,5.906673828293004,2973,2973
27620,796190287033252224,148.81853824709452,35.50618347598587,16.118227,14.75819,355.378,541.15375,0.0,1.3600368,4490.085,4.532,-0.0385,,1.8054451142632202,15.506392,,1237661136884203562,0.04983946,1595,52999,26,-3.276681e-05,6.789312977077984,3489,3489
27626,796229216616741888,147.9859667943095,35.533849596874774,17.82263,16.480019,105.2788,166.78598,0.0,1.3426113,4785.185,3.626,0.3895,,0.7023891803359397,17.218601,,1237661137420812347,0.07567753,1595,52999,103,5.723887e-05,6.451490292004525,2207,2207
27806,798556917090970624,141.537819015119,35.31649688191877,17.093323,15.708437,185.06113,335.95145,0.10831316,1.3848858,4405.218,4.4748,-0.2751,,1.1527849291579466,16.466995,,1237660961330168024,0.028890837,1274,52995,141,-0.0001093988,6.775736689901265,805,805
27823,798816195676656512,141.8152589939059,36.882086586333685,18.125467,16.690096,96.10893,185.7546,0.0,1.4353714,4235.04,4.5773,-0.5475,,0.9694674619952339,17.52453,,1237660962941239384,0.07902551,1274,52995,579,7.174497e-05,7.457196598453638,12,12
28056,801998732084692736,150.72556606746363,37.01362953382371,17.141087,15.970337,90.96559,216.20154,4.2848644,1.1707497,,,,,0.668860292162588,18.512278,,1237661137958862899,0.08965444,1596,52998,634,0.04057169,7.638954674207618,2736,2736
28276,805253423942747904,153.4117532278788,41.87035648064994,17.794846,16.2674,110.790886,237.32104,0.0,1.5274448,4495.6694,4.6357,0.4819,,1.1155871711538217,17.07804,,1237660634383450302,0.020929206,1218,52709,84,8.780274e-05,7.31555672628329,280,280
28334,805941855659582336,154.20188217466293,43.37387164103103,16.426325,14.752228,146.67142,682.8304,0.0,1.6740971,4125.718,4.5984,-0.0117,,2.5040804113803716,15.63272,,1237661357534806151,0.011700563,1358,52994,318,1.250643e-05,7.625961348028593,2174,2174
28477,808457606982171648,152.39312368010025,42.78696121083636,16.906374,15.238864,231.36371,671.51385,0.0,1.66751,4313.246,4.5776,0.2582,,1.9236784745622202,16.11187,,1237661357534216284,0.044126518,1218,52709,272,-4.635539e-05,7.5325322388983516,1833,1833
28575,810435319161607040,153.41769169027768,46.84789079931979,16.638178,15.420103,59.521748,45.310013,0.0,1.2180748,4832.5273,4.6868,-0.6014,,1.14463834767718,16.263031,,1237657851234222126,0.034691606,872,52339,62,-6.685896e-05,6.556372463614707,466,466
28804,814163247696766720,141.9313835424304,41.612747422142746,17.342117,15.788435,82.62182,195.93875,0.0,1.5536823,4297.7314,4.617,0.024,,1.4719274068457135,16.658087,,1237657874866503907,0.01632069,939,52636,444,-0.0001126531,7.497518735763407,845,845
28857,814883633969520896,142.9778754454858,42.96250150443586,15.66389,14.478983,75.92344,154.90817,0.13007565,1.184907,,,,,1.6725733146967061,15.847265,,1237657773935165482,0.34429106,870,52325,4,0.0001131585,6.964191060992295,2198,2198
28937,816033169081207296,138.8427407654336,41.58115224526994,18.276188,16.807024,79.8715,179.54562,0.0,1.4691639,4449.685,4.5756,0.2574,,0.6077525685336982,17.577038,,1237657628978053404,0.058008224,1201,52674,204,0.0001473737,6.495671826130163,676,676
28988,816658348816602496,135.43136018420273,41.992132417821054,17.497612,16.402422,97.18926,250.61388,0.0,1.09519,4894.6196,4.6807,-0.6497,,0.6134219337892216,17.03681,,1237657117339418843,0.016771037,831,52294,218,-1.593356e-05,5.975606425024543,4040,4040
28990,816671371157434752,135.69996890993247,42.0636036977253,17.338955,15.987149,139.9585,317.71313,0.6129429,1.3518057,4546.51,4.7201,-0.6608,,1.441330292601702,16.753302,,1237657117339484418,0.043054696,831,52294,135,8.754849e-05,7.547119192205553,1737,1737
29034,817191302718400000,137.54640358289583,43.712727336757865,17.904716,16.506777,96.28892,222.63301,0.30526662,1.3979397,4516.2505,4.5518,0.1424,,0.7808672971831904,17.266954,,1237657242432372900,0.029553559,832,52312,252,-0.0001124714,6.729840596518798,2194,2194
29100,818266345916522880,141.5558520584199,44.529591721534885,18.012655,16.277195,47.190773,53.88142,0.14208734,1.7354603,4804.063,4.7309,-1.0735,,0.8327506564321596,17.36283,,1237657630590107871,0.068534456,870,52325,326,0.0001747569,6.965404126896804,3083,3083
29133,818663445708702464,139.5561984992187,44.72626433246802,18.135893,16.306793,102.822426,172.42229,0.13177504,1.8290997,4094.5437,4.3816,0.2151,,1.240764101535082,17.249834,,1237657242433159352,0.12428823,832,52312,596,-0.0001771672,7.718280159379326,3039,3039
29187,819176127364924800,140.79237200124948,45.74148104061877,17.540068,16.440367,119.72584,256.98798,0.0,1.0997009,4878.5723,4.6353,-0.5167,,0.6542499685403734,17.066336,,1237657242970619984,0.030859804,833,52314,193,1.346242e-05,6.145054230244874,1538,1538
29218,819459285968862720,140.13877949435866,46.63360899242026,16.895153,15.747076,320.6378,495.9405,0.0,1.148077,4810.4863,4.5326,-0.161,,1.0091221812868092,16.404243,,1237657632187220006,0.05193629,833,52314,327,0.0001281742,6.423962231276128,743,743
29500,825189871853785344,147.01700000047705,48.88348058414912,15.676356,14.627884,726.48224,1015.036,0.0,1.0484724,5100.2676,4.6013,-0.1953,,1.2040173671857373,15.235222,,1237657243509784584,0.023493595,1005,52703,461,-2.620062e-05,5.638385619738102,3778,3778
29519,825593079087403136,142.24293982226308,47.813772468683325,18.12099,16.637196,34.82205,51.379604,0.10646507,1.4837952,4196.476,4.7349,-0.5863,,0.756955541335863,17.606096,,1237657769633251455,0.014925843,900,52637,14,5.445884e-05,7.001448130725564,2781,2781
29593,826955580152533120,149.0101145908583,51.018251429352354,17.677565,16.477654,165.69197,277.44324,0.0,1.1999111,4759.622,4.531,0.2602,,0.4959097262856284,17.151546,,1237657632727302279,0.073074825,902,52409,73,-6.12166e-05,5.628559609268818,3211,3211
29663,828072138506011904,147.41631799525743,52.32818760190224,17.269226,15.981606,58.645622,46.143806,0.36800942,1.2876205,4794.0225,4.7499,-1.133,,0.9289142165669009,16.860516,,1237657634874654892,0.06367087,902,52409,419,-6.759937e-05,6.70039364242799,3953,3953
30539,835281430091919744,158.30488597500317,49.8255540623917,17.650757,16.257725,153.28523,308.35703,0.218807,1.3930321,4423.264,4.6414,-0.2177,,0.8854702723578961,17.019415,,1237657630058741841,0.07799312,874,52338,604,-0.0001539594,6.755284828360793,2222,2222
30795,840092515017720320,175.46575133551744,52.648054201313684,17.274302,15.886047,147.35678,217.38412,4.627709,1.3882542,,,,,0.530859547941354,18.911875,,1237657630063591531,0.0888884,880,52367,499,0.05013228,7.5367729356353195,2602,2602
30804,840269776907757952,174.3218391263404,53.01227151991546,16.883726,15.091744,76.44256,73.279724,0.53761286,1.7919817,,,,,1.332458772037017,16.278778,,1237657630600134792,0.10246635,880,52367,408,-0.000214206,6.902046977596168,1778,1778
30826,840527509305239168,177.4898953488511,53.477856059331955,17.21653,15.735942,194.68419,259.41376,0.0,1.480588,4394.942,4.5535,0.0353,,1.4508445715588112,16.544516,,1237657858219901042,0.042006224,881,52368,407,9.044426e-05,7.3526200553553664,905,905
31136,844902294273472768,175.35804166894238,56.58286317890928,16.622847,15.030483,379.84726,841.29535,0.0,1.5923634,4467.7246,4.6144,0.4939,,1.8359591653643186,15.871142,,1237657611265048711,0.009870591,1311,52765,186,-2.912897e-05,7.190457475272453,140,140
31189,845607626686468096,173.47997279250865,56.68989432507348,16.729385,15.343212,358.35385,490.34225,0.0,1.3861732,4554.0337,4.5811,0.4787,,1.2001277026808417,16.105818,,1237661352704540807,0.047589317,1311,52765,308,-4.581199e-05,6.5019550984495815,3619,3619
31257,846746862468190208,155.18663929184427,49.259961455236436,16.343575,14.666849,46.220875,84.74441,0.18829323,1.6767254,4187.119,4.6813,0.0166,,2.7032443325575355,15.722383,,1237657857676738624,0.07518009,874,52338,393,-0.0001483395,7.881809051223172,1852,1852
31322,848423686419633280,156.3223799779471,52.04361156494687,16.18575,14.708352,471.21616,800.44464,0.040298454,1.477397,4589.5225,4.6379,0.7345,,1.8706380440534904,15.504304,,1237658802567315552,0.034208946,1009,52644,317,-0.0001026765,6.864252744950772,1539,1539
31479,851179131278396928,163.6649917848649,57.335843823199035,18.010841,16.633364,130.957,281.30994,0.0,1.3774776,4383.5327,4.6704,-0.1841,,0.9379397992332096,17.39095,,1237655107299246213,0.042471863,949,52427,126,4.80103e-05,7.25182407176073,592,592
31652,854792431429644160,157.585251108737,57.4078190063664,16.591871,15.060245,59.42411,83.108246,0.0,1.5316267,,,,,1.8505375995237425,16.259745,,1237658303815221298,0.046430867,947,52411,510,5.003404e-05,7.596234212098299,1755,1755
32322,859514082251926016,174.1495376066161,61.019673035581576,18.03132,16.990107,102.51017,154.61835,0.0,1.041214,5007.052,4.6686,-0.6572,,0.6363840207878508,17.581577,,1237655368748892319,0.059101433,776,52319,127,-7.516016e-05,6.600173632243283,3936,3936
32594,862195413154963328,167.49237737810003,61.71033052900276,17.077217,15.5523815,76.80366,75.39054,0.0,1.5248356,4449.551,4.6655,0.0917,,1.2979086731855833,16.461763,,1237655370358259731,0.023760365,774,52286,543,4.354457e-05,7.027984054884751,3700,3700
32659,863265061874168960,179.70952403464642,63.88873671306749,16.45265,15.24826,53.82354,67.35639,0.10139889,1.2043905,4760.934,4.6912,-0.5196,,1.1355819471596251,16.086977,,1237651065204703241,0.06500751,598,52316,56,-0.000404455,6.36306940370654,1283,1283
33044,872177565689912064,114.65711727692307,27.04259078725698,17.92073,16.612608,77.83152,134.04909,0.0,1.3081226,4547.915,4.6695,0.0092,,0.636535703853291,17.320856,,1237657594070696344,0.040020257,888,52339,145,5.67419e-05,6.339969937541923,2081,2081
33659,878116169727243008,121.21025086254626,32.01265238966913,17.080078,15.51884,148.98393,389.96555,0.13749214,1.5612383,4383.4507,4.6794,-0.0095,,1.7458068194445318,16.341454,,1237657401337512155,0.02526767,1061,52641,544,0.0001909819,7.551434480219669,3200,3200
33945,881492666855948672,119.76872834481613,33.44378726828357,16.879059,15.329464,107.064705,36.356777,0.09627691,1.5495949,4558.3687,4.6803,-0.3087,,1.0350630172980804,16.31251,,1237674365919691093,0.08750084,891,52584,208,0.0001503275,6.387343494556564,455,455
33961,881866019774172160,115.92564848891458,32.2623852420636,18.02745,16.951048,126.007515,143.57686,0.3886212,1.0764027,4931.6416,4.7991,-1.5304,,0.40106352939828704,17.567467,,1237674288607068543,0.022525355,755,52235,407,-6.207164e-05,5.583532592479436,3473,3473
34619,901311875046966912,125.2397006339001,31.881269345716557,18.197048,16.833414,52.491688,97.22166,0.0,1.3636341,4391.983,4.7072,-0.6634,,0.8286178510749098,17.572586,,1237657773927366985,0.036003824,931,52619,408,0.0001365747,7.164357485336435,2559,2559
35011,908728016551608064,122.17817484252465,38.306943089228945,17.804068,16.41146,34.100792,38.54103,0.49392694,1.3926067,,,,,0.5023379832103817,17.603975,,1237654652562112740,0.400766,759,52254,267,8.848062e-05,6.108955384260092,3191,3191
35062,909805606667625984,128.97937318209304,36.332857000076224,18.004137,16.207651,139.44572,341.09012,0.0,1.7964859,4299.001,4.5576,0.2128,,1.4753859122716049,17.120111,,1237657629510861090,0.0080477875,1197,52668,608,-1.113533e-05,7.964639626851746,891,891
35130,910582407337111936,130.25198730490928,38.27289077717611,17.675133,16.301039,122.63549,78.317,0.0,1.374094,4543.296,4.658,-0.1895,,0.6090560829437698,17.129513,,1237657630585520305,0.06602196,828,52317,6,0.0001726292,6.052799212193641,211,211
35271,912603898119884928,133.95165342951856,41.08330427734686,17.411104,15.781597,226.66483,534.05493,0.0,1.6295071,4396.834,4.5934,0.3592,,1.4308698144549477,16.639936,,1237657117338828927,0.049333297,830,52293,57,1.485659e-05,7.417937056767684,2136,2136
35278,912737694941380224,134.55658650063322,41.75162557923778,18.09471,16.406769,94.212845,178.59254,0.0,1.6879406,4218.7134,4.4787,0.0356,,0.9402879741327109,17.292673,,1237657117876027563,0.017950172,830,52293,591,-0.0001374505,7.1589775195105005,1045,1045
35366,914111191123237376,131.92935069863955,43.7968121671831,18.339045,16.347065,92.540985,265.34906,0.0,1.9919796,4059.2307,4.6526,0.1095,,0.8029526392406922,17.330772,,1237657771240325304,0.043499168,896,52592,535,8.66005e-05,6.854222049564658,2163,2163
35392,914409055694627840,127.71225497291387,39.9767143200698,17.122225,15.530648,81.83082,59.079742,0.11004555,1.5915766,4639.045,4.6419,0.4947,,1.035199093800559,16.557674,,1237657607499612379,0.01979578,894,52615,549,0.0001331235,6.63279382370504,406,406
35484,916362338101335040,126.18584404476015,43.805058965694066,17.962101,16.433832,127.808464,203.30783,0.14156371,1.5282688,4483.831,4.6638,0.1919,,1.1140331391712557,17.250021,,1237654385731108885,0.061462488,547,51959,11,-8.022223e-05,7.484511530827582,2077,2077
35536,917540121212053120,130.06060058574624,45.54753179820202,17.115341,15.3138,117.9788,169.70575,0.16168398,1.8015413,4225.695,4.5559,0.2392,,1.9571317565497204,16.271584,,1237655108899504422,0.09183126,763,52235,279,3.340614e-05,7.729683876569538,124,124
35584,918676535199284992,128.52795631774072,47.38342563204834,17.563805,16.20048,76.25693,183.0158,2.9996076,1.3633251,,,,,0.4474365879133059,18.73432,,1237654383048261828,0.116119236,550,51959,293,0.06851339,6.987977159219273,750,750
35686,920943281498728960,117.73297550275635,41.084919289799444,16.762846,14.973223,41.201885,46.55908,0.1982344,1.7896233,,,,,1.3887493977051546,16.340286,,1237651252016578773,0.3344384,435,51882,388,-8.494615e-05,7.053405672869072,244,244
35744,922100173890670336,121.74663359664918,43.025171739087675,17.39142,15.60277,114.950676,741.6155,0.12156873,1.7886505,4235.7725,4.6143,0.2818,,1.4840631657544863,16.522417,,1237673310968086777,0.015372142,437,51876,588,5.547325e-06,7.379678998920237,3261,3261
36009,928758266552140032,124.33479865963574,45.60200130676702,17.319952,15.693357,152.08348,465.3117,0.0,1.6265945,4484.6387,4.5945,0.4782,,1.4507937136537052,16.541746,,1237651250408784116,0.019156225,441,51868,240,5.397654e-06,7.349774465013272,2052,2052
36205,934505207672105984,122.0571251425423,48.45870461603312,18.36751,16.758816,55.98312,154.35292,0.0,1.6086941,4296.1743,4.5317,0.0213,,0.898800092250301,17.585995,,1237651273495347356,0.046540562,438,51884,523,-7.973312e-05,7.354310262068243,2611,2611
36232,935089220145098752,123.34543624720618,50.28131766171774,17.394285,16.066816,146.47958,160.80577,0.10981951,1.3274689,4583.703,4.5338,-0.0779,,0.5976638397290335,16.796665,,1237651496833908888,0.046714563,440,51885,413,0.0001418693,5.678950094867581,1239,1239
36894,1009643014816111488,137.32243050727112,45.51808302183426,17.119041,15.7901325,163.38644,332.71466,0.0,1.3289089,4514.639,4.6689,-0.0145,,1.1511835213046884,16.524195,,1237657606966608078,0.016518857,898,52606,106,-2.114858e-05,6.829917538582006,582,582
36923,1009761109237023104,135.6558277962612,45.14513607282237,17.42506,15.786414,141.5351,358.13712,0.0,1.6386461,4273.6743,4.5289,0.0342,,1.507554995580677,16.646843,,1237657607503020198,0.050958376,897,52605,633,-5.023807e-05,7.538208777325515,586,586
36956,1009928922199050240,136.40792095151394,46.34137091314071,17.932913,16.86817,92.03528,139.21161,0.17204069,1.064743,4888.2666,4.6889,-0.6689,,0.5042698585479967,17.476068,,1237657608040349882,0.026351854,899,52620,291,-0.0001971977,5.989383547122092,3687,3687
36960,1009966580472920192,133.46293125959053,44.087278691111244,17.860168,16.599524,121.188255,181.61198,0.0,1.2606449,4587.5625,4.6988,-0.4466,,0.5422182851770176,17.299343,,1237657770703913101,0.041592102,897,52605,252,-0.0001496142,5.9702139049509295,534,534
36963,1010006609568128128,133.2788483644256,44.05054399003433,17.355515,16.301968,48.945854,52.92746,0.14066271,1.0535469,5010.783,4.598,-0.7798,,0.649032943525869,17.054619,,1237657611789205583,0.043738853,897,52605,285,-0.0001001306,6.115952541549618,1360,1360
37001,1010582341343980288,134.7444832547446,45.88321600083738,17.742449,16.173481,81.231636,298.9677,0.012749021,1.5689678,4302.866,4.5248,-0.0845,,1.1660272630277195,17.02101,,1237657608576762073,0.14381124,897,52605,458,-0.0001787525,7.3545529693640646,3462,3462
37066,1011155010807412480,137.6977351152433,45.82725959258326,17.55117,16.286766,119.34611,253.68147,0.06607413,1.2644043,4525.2715,4.3973,-0.7572,,0.736836654224138,16.997782,,1237657606966804642,0.07600868,898,52606,33,-8.882878e-05,6.334637862905101,1908,1908
37071,1011159344429979264,137.57659183562575,45.91106978311537,16.92104,15.287348,243.54868,538.3743,0.0,1.6336918,4374.715,4.5877,0.2746,,1.9914864738369746,16.144894,,1237657606966804620,0.11300537,898,52606,78,-0.0001160091,7.640780451390739,975,975
37248,1013515357331362560,133.17558160002653,46.780542253661785,16.95432,15.679605,157.44965,376.99066,2.2641673,1.2747164,,,,,0.5426528842574844,18.371641,,1237654652567224360,0.032088213,764,52238,245,0.07695445,7.044251737424236,2716,2716
38600,1029126154701204992,131.7319050896601,51.932658843841544,16.856163,15.6627655,252.37022,484.38724,0.33063194,1.1933975,4989.748,4.6579,-0.6506,,0.9749419230716558,16.406336,,1237651250949128324,0.05823613,447,51877,198,0.0002075266,6.351229559228656,3551,3551
39368,1038568863640316544,139.90270814812308,59.87164126148912,16.90117,15.205991,127.13413,309.1957,0.51658994,1.6951799,,,,,1.392514437806239,16.766924,,1237651272965161197,0.3485332,485,51909,228,-1.589817e-05,7.485922437928117,798,798
39740,1047978312351960064,159.7137748723071,60.443027191364365,15.875814,14.480472,504.36606,1064.786,0.015281796,1.3953428,4576.997,4.6458,0.4755,,1.9607576449580477,15.243312,,1237655370356490298,0.025777135,560,52296,583,-5.979492e-05,6.705431466977235,3833,3833
39783,1048808031314326400,157.69210077754087,61.008181933499316,16.597328,15.406063,379.08493,495.14774,0.0327757,1.1912651,4778.289,4.4318,-0.6179,,0.9460574600151163,16.08478,,1237655371429969935,0.027479265,772,52375,86,-4.539907e-05,5.964367312560389,2857,2857
39847,1049541336850327424,149.46922173433285,58.96719910397712,17.759233,16.340775,119.83338,286.95474,0.17580424,1.4184589,4349.995,4.6485,-0.2489,,0.9716594108591338,17.110474,,1237651249880760432,0.0131391715,453,51915,37,-0.0002624827,7.048043939411794,3692,3692
40306,1054220720899518080,161.73346845118385,61.986015233258115,17.739038,16.263226,146.76341,217.7821,0.0,1.4758129,4508.9346,4.6687,0.4376,,0.9286865478842453,17.052353,,1237651249883709544,0.071777515,773,52376,6,-0.0001885362,6.891698679250524,1402,1402
40355,1055350911477559552,160.54731224435884,63.5644062015204,17.49788,16.046267,186.19164,385.26273,0.0,1.4516144,4492.3164,4.6154,-0.0217,,1.1722587910921467,16.82501,,1237651067348517117,0.023721544,773,52376,455,8.876571e-06,7.170127791268907,3438,3438
40555,1060898226813439616,168.27791340665894,67.46780841660696,16.98914,15.867994,113.0543,195.27742,2.762999,1.1211452,,,,,0.4808708657846546,18.319204,,1237651539783254090,0.036628693,491,51942,332,0.07063182,6.729346658189691,850,850
44858,1224639216410251392,236.90758940946404,28.647265050508764,16.995203,15.813806,67.27305,55.835876,0.43839142,1.1813974,,,,,0.8127944044796961,16.833,,1237662305661681689,0.022634717,1390,53142,297,-0.0003165552,6.382903708789211,2075,2075
46285,1277578875924278400,232.36917050710449,33.07669287788815,17.00624,15.897555,66.72691,69.33177,0.7166181,1.1086855,,,,,0.7173281709338998,16.945192,,1237662196153778345,0.21899678,1355,52823,301,-9.943158e-05,6.22378177101886,1273,1273
47132,1293537226345866880,223.3427981009685,35.95080908001041,15.926752,14.696433,532.6868,1017.45764,0.050332125,1.230319,,,,,1.6568956978471077,15.386748,,1237662195076563049,0.04829517,1384,53121,333,-0.0001319918,6.483224165369293,3130,3130
47524,1298795228389707264,247.81004376825518,22.919381686456813,16.361673,14.95803,205.41672,464.8513,0.3416506,1.4036436,,,,,1.1104559307152366,16.304243,,1237662306740338970,0.29679406,1572,53177,93,-8.868952e-05,6.531749727373537,3125,3125
47801,1300513661982773888,248.6363400238285,24.086438253576837,17.424603,15.715063,67.89852,93.07154,0.0819066,1.7095394,4465.2676,4.6977,-0.5012,,1.2704693166453214,16.866602,,1237662667500355947,0.023307797,1572,53177,555,-2.884172e-05,7.3864228478771246,2689,2689
47858,1301244081303629952,250.97469781082523,26.2714171877414,17.168848,15.78144,64.87665,66.81602,1.5392061,1.3874083,,,,,0.5443104646161887,16.963737,,1237662504299594071,0.34451592,1423,53167,488,1.309751e-05,5.642970907324125,3530,3530
47860,1301268304918507136,249.85036043305303,25.519729337474566,17.375156,16.164667,177.1798,373.11084,0.035649735,1.2104893,4680.0747,4.4472,-0.3075,,0.7551816192868892,16.839905,,1237662337333592587,0.07116589,1409,52824,26,-0.0001927242,6.230161839782802,1108,1108
47889,1301816067867508224,245.49142308255682,23.81072724333934,16.991467,15.756999,146.18748,208.7903,0.43334857,1.2344675,,,,,1.3275746013458896,16.890213,,1237662306202484886,0.14025523,1574,53476,220,-2.643527e-05,7.505507687988409,2260,2260
48360,1308906646556267520,257.99693795494875,29.352799280934928,17.064718,15.73878,174.82114,422.6434,0.0,1.3259382,4559.8574,4.5766,-0.1077,,1.0853056312645373,16.468649,,1237655473437278813,0.04183877,978,52441,299,6.7933e-05,6.646409192599236,3508,3508
48573,1312163189542499200,249.12682806859758,30.890755510294134,17.818853,16.334833,105.25744,217.81105,0.0,1.4840202,4369.866,4.6396,0.0246,,1.0946897802029882,17.134895,,1237662501084266523,0.013474509,1340,52781,316,6.359803e-05,7.33135064280664,2723,2723
48598,1312410824473261824,251.07621402551064,31.301526503707883,17.699135,15.90731,90.71748,179.15976,1.2331928,1.7918253,,,,,0.6616521988203846,17.381603,,1237659161743327693,0.19802335,1341,52786,200,-2.871154e-05,6.48475204144475,3665,3665
48680,1313254734007515392,253.14657667575773,31.96422610552525,17.702873,16.670208,94.4222,141.76982,0.0,1.0326653,4998.4775,4.7791,-1.6328,,0.7823423378307681,17.249939,,1237659324959555931,0.024544565,1176,52791,315,-0.001242783,6.716923132300032,1027,1027
48737,1313952167975182464,251.77478556279272,31.807734016222977,17.46659,15.893757,104.1047,140.90558,0.9888771,1.572834,,,,,0.9494627009666876,17.071531,,1237659162817069558,0.12438403,1341,52786,85,-8.046591e-05,6.958920837916047,2382,2382
48738,1313962956934497152,252.1365695337694,31.8821872099816,16.84638,15.408211,93.243355,157.61848,5.5353985,1.4381695,,,,,0.39742212418231976,18.85454,,1237661387620286470,0.086987555,1341,52786,53,0.05398364,6.85080007263949,2278,2278
49218,1318977279712692480,243.21581255948013,31.0531937961866,16.708107,15.072513,54.51805,103.05565,0.6241373,1.6355944,4506.0176,4.6737,-0.226,,1.9093062735320085,16.154022,,1237662337866989620,0.017967377,1420,53146,313,-3.98405e-05,7.558400214543035,2446,2446
49743,1325088227901660416,249.50058464672307,33.439067200637325,17.59067,16.555214,167.00868,201.51988,0.0,1.0354557,5037.795,4.6372,-0.4606,,0.49395919525905446,17.152365,,1237659162279149890,0.0098029375,1339,52767,126,-9.352401e-05,5.620820102925228,740,740
49773,1325375990709872000,247.30625519528917,32.86703195186862,16.8452,15.120681,175.6586,673.4289,0.0,1.7245188,4274.4463,4.5782,0.2588,,2.1642347627558554,16.024162,,1237662303521276199,0.039663777,1058,52520,255,-5.788606e-06,7.700684135280294,3262,3262
50712,1328537979992963072,250.54943550632487,38.242621679504836,17.24615,15.90965,93.176056,167.86703,5.6684184,1.3364992,,,,,0.5789342200922993,18.926321,,1237655374111441015,0.10011669,818,52395,452,0.06168745,7.739467134363764,2656,2656
50774,1329193735599892096,246.53039231192554,35.2290598928506,16.627771,15.551145,262.39108,575.96716,0.0,1.0766268,,,,,0.7909360202225091,16.180202,,1237659161204097082,0.036325105,1057,52522,586,-0.0002449648,5.6709092556766905,3137,3137
50811,1329680922330399360,246.07753378079545,36.923164754068765,17.052835,15.719856,96.26367,216.40479,3.0195906,1.3329792,,,,,0.61930404348593,18.688496,,1237661387080270208,0.031054797,1338,52765,321,0.03270601,7.648015213798551,550,550
50995,1332089711788521216,247.02419378413444,38.18761324291911,17.31466,16.293894,177.54591,187.61885,0.0,1.0207653,5084.5703,4.658,-0.6583,,0.5304209772622582,16.877064,,1237659324956016919,0.03948056,1173,52790,431,-5.995755e-05,5.500167208003429,2125,2125
51005,1332210073952164352,246.62227775469418,39.08219066258674,16.303495,14.929364,132.62523,255.58861,2.828815,1.3741312,,,,,0.5237619750790001,17.979107,,1237659329778483267,0.06480802,1172,52759,83,0.03288549,6.5747767311701395,1492,1492
51136,1333434375853085824,257.86675474612105,31.486648694077164,17.952368,16.212906,35.598515,56.508667,0.64420277,1.7394619,3936.562,4.5082,-1.0417,,1.1874671110746793,17.393902,,1237655474510233975,0.07762899,975,52411,630,-0.0002115896,7.767009774639554,3103,3103
51895,1352291485602324096,251.44278219138147,37.996252876574545,17.134571,15.85339,105.328896,204.15524,4.346379,1.2811813,,,,,0.43636714893565115,18.725475,,1237655374648574080,0.016886018,818,52395,82,0.03074713,6.924735551876044,1706,1706
52862,1369795916875151232,237.68343716802914,32.653800276110466,16.569967,15.519382,58.017605,53.258766,0.5520048,1.0505848,,,,,0.944124780858451,16.500637,,1237662335717408880,0.30818787,1403,53227,189,4.865077e-05,6.375784038947362,371,371
53026,1371895223873320448,238.9180744921417,35.33326541302728,18.038334,16.984407,75.26447,134.20854,0.12706469,1.0539265,4927.9175,4.4065,-1.0997,,0.44907557005500837,17.609173,,1237662474228793618,0.034268416,1417,53141,518,-0.0002329969,5.870769970341051,1785,1785
53198,1374801821517188352,231.73164768436226,34.89605208569647,17.479315,15.94068,201.80971,393.71747,0.08745782,1.5386353,4398.2925,4.6644,0.2444,,1.3220454088829519,16.755342,,1237661851485470917,0.058829796,1354,52814,556,-5.032528e-05,7.361574345080307,1536,1536
53233,1375339929379553152,233.61852324972747,36.2995771345043,16.993711,15.831611,259.09866,382.7289,0.15566246,1.1621008,4833.066,4.4465,-0.313,,0.7305424719318215,16.500711,,1237661464911610125,0.085526146,1401,53144,513,-3.596311e-05,5.8189387900947835,1608,1608
53892,1386313708260213504,241.2776639181815,45.0309193505232,16.334534,15.218965,363.53214,526.94714,0.0,1.1155691,4859.767,4.5214,-0.1989,,1.0539456715495317,15.85753,,1237659326563156066,0.12643722,1169,52753,79,-0.0001714475,5.9716207631080955,2492,2492
53938,1387329828803043584,231.12314875069404,37.064112528805175,18.074684,16.591051,91.05394,176.78722,0.04128598,1.483633,4446.525,4.5733,0.1975,,0.9872119650505903,17.354774,,1237661464373821725,0.020972978,1400,53470,166,-0.0001134287,7.32682652704003,2564,2564
53946,1387528840406503936,229.94800782944958,37.76218878329316,16.71785,15.132299,72.48432,93.57988,0.2993403,1.5855503,,,,,1.4239928208880552,16.43906,,1237661361844519161,0.3342537,1400,53470,328,-0.0001608644,7.206599210155765,3525,3525
54000,1388320145181841152,228.92560260307422,37.96424412802922,17.49139,16.130104,136.26009,326.41083,0.0,1.3612862,4439.159,4.5674,-0.0115,,0.799654257720259,16.88018,,1237661464372969709,0.05616645,1399,53172,146,-0.0001784291,6.3946916287201105,3407,3407
54212,1391835146416831744,228.49240523731382,40.2279968968664,17.664747,15.979495,84.39741,262.16025,0.0,1.6852522,4318.862,4.665,0.4915,,1.4462922448279822,16.86164,,1237658203988492464,0.033950385,1292,52736,189,-0.0001077403,7.662921217555571,171,171
54237,1392143662507665280,227.83780945069586,41.21202678758749,18.06559,16.73337,107.76022,245.24248,0.0,1.3322201,4470.468,4.5282,-0.0178,,0.614371712016325,17.4572,,1237661211511554219,0.02865303,1291,52738,70,-0.0001526507,6.39935515134416,1350,1350
54601,1398379714503265280,240.4529993800964,45.40575057807313,16.147654,14.928178,374.40964,501.97217,0.0,1.2194757,4666.3877,4.5166,-0.3339,,1.379038540815056,15.632831,,1237659326562893827,0.060192656,1169,52753,549,-2.701746e-05,6.330712638977737,2481,2481
54630,1398947199942225024,242.38193048321546,47.04625348368151,17.920458,16.644968,33.73021,46.688854,0.22206855,1.2754898,4483.3115,4.5648,-1.6366,,0.5136461275457176,17.591051,,1237655349429928083,0.2709833,813,52354,74,-0.0001193911,6.14437119294476,754,754
54932,1402772087361843328,235.46141456018486,50.33680828338096,17.798563,16.694386,40.293224,58.195927,0.0,1.1041775,4785.8,4.4805,-0.9135,,0.49114243495841114,17.452147,,1237655464318468334,0.047372054,796,52401,162,-0.0002125375,5.9081838252454055,1465,1465
55175,1405219054785728128,247.31006190019062,42.704479028899335,16.334414,15.243179,47.788048,82.5264,0.11067153,1.0912342,4974.6533,4.6181,-0.0356,,0.9443470570960621,15.985347,,1237655473967202410,0.046415966,815,52374,40,-4.576194e-05,5.861004950374346,1509,1509
56090,1428849552529993600,241.3446756426966,53.55387878738845,17.018015,15.848179,131.04008,183.79759,0.0,1.169836,4761.7627,4.5486,-0.1133,,0.9138564105912195,16.532331,,1237654949451071614,0.05705643,621,52055,447,-9.548906e-05,6.336721280208341,3682,3682
59063,1484883379502144000,213.99632546925037,38.89357933962469,17.270306,16.020676,129.83264,179.44281,5.0309715,1.24963,,,,,0.2714167214310664,18.599524,,1237662306725986376,0.018254688,1380,53084,464,0.1009875,5.76770654504098,3925,3925
59274,1487944041916960640,219.61680675076013,39.65696051439773,16.915373,15.276605,226.98032,692.6674,0.0,1.6387682,,,,,2.1836284407608226,16.140182,,1237661872951787737,0.019039737,1349,52797,39,-9.923724e-05,7.836076205905069,3591,3591
60153,1502520061407639040,208.97818466020826,43.63204595545707,18.016447,16.548595,116.513245,223.79802,0.0,1.4678516,4275.3076,4.4839,-0.2105,,0.9903139046001688,17.34477,,1237661852550627506,0.05205311,1346,52822,373,-6.186331e-05,7.323634815755259,1320,1320
60659,1511796258758083968,213.76939943385318,51.841333399972434,16.781757,15.243793,201.07666,625.20996,0.0,1.5379648,4344.6587,4.678,0.0039,,1.9812557965210253,16.06439,,1237659120396206165,0.45460725,1045,52725,381,-9.99509e-05,7.549092933347563,289,289
60710,1512647250694082688,211.2062159814881,51.357138264226144,17.789038,16.148186,118.233116,280.26965,0.13564819,1.640852,4191.1533,4.656,-0.1385,,1.3636841307991139,17.013237,,1237659131670233308,0.019935876,1044,52468,132,-0.0002992239,7.686805932722507,2738,2738
61677,1525463707983784704,201.1153202493382,42.106969633649534,16.626839,15.341882,246.98897,447.46545,0.0,1.2849569,,,,,1.1307223479400266,16.220076,,1237662195605438546,0.08404726,1462,53112,534,-0.0002110097,6.486855486210715,1143,1143
62915,1540213587750276736,180.36592175551192,47.59202378292096,15.905087,14.479511,691.0453,1324.7329,0.056119885,1.4255762,4451.185,4.5877,0.2285,,2.0616031772400185,15.253339,,1237661357543063554,0.06555288,1449,53116,394,-4.78688e-05,6.824364188063559,1569,1569
63130,1544326620232725888,189.6458107066502,49.32415881520637,15.786183,14.764732,569.9795,898.09393,0.0,1.021451,5138.419,4.7005,-0.8031,,1.4324478867429447,15.362246,,1237658203975974953,0.013749013,1278,52735,137,-0.0001620387,6.142639714943066,141,141
63149,1544659119420774912,187.929100462956,50.67190486102941,16.867388,15.453828,116.57704,355.22586,3.8027256,1.4135599,,,,,0.6231227761840024,18.425663,,1237658205586063417,0.08586648,971,52644,590,0.03037766,7.398531123072729,50,50
63263,1547291796935890304,184.18614592808746,49.36265053967707,16.638813,14.986152,384.69656,881.5402,0.27588752,1.6526613,4281.6543,4.4923,0.2652,,1.4912860519779758,15.855251,,1237658611985219737,0.04905356,970,52413,189,5.993904e-05,6.723056091828365,3454,3454
63376,1549157977403361792,181.05050730907465,53.7009224879391,17.536404,16.140398,204.95253,385.99097,0.1403966,1.3960056,4369.1606,4.6573,-0.3004,,0.9905167912867573,16.907438,,1237658800426385521,0.04452369,1018,52672,260,3.158774e-06,6.886747488784458,4078,4078
63758,1557149090475327360,196.38284549406768,50.306636401230975,16.859783,15.7655115,214.15889,345.8621,0.17987071,1.0942717,,,,,0.6361889537820943,16.582153,,1237661152452345922,0.068873085,1280,52738,618,-0.0001985408,5.600083940985238,2310,2310
64057,1561844314363599744,205.0988274914242,54.23282475361109,18.20673,16.709787,74.53682,176.01091,0.0,1.4969425,4434.9355,4.6397,0.2667,,0.6760710337100191,17.503962,,1237658803116834952,0.07051792,1042,52725,540,-0.0001145509,6.653923207963331,721,721
64099,1562597273669631232,203.80646575280505,56.32428837509103,17.500795,15.9869175,147.29993,330.91074,0.22992648,1.5138779,4373.927,4.5444,-0.0033,,1.2919170830064481,16.786734,,1237661387602198765,0.08048217,1322,52791,333,-0.0002595716,7.342906832037539,1398,1398
64292,1565942915754165888,200.95700019191983,57.489703467885505,17.177559,15.828632,139.34285,295.15527,3.7517855,1.3489265,,,,,0.6966609481721215,18.553108,,1237661418746150966,0.010934682,1320,52759,418,0.03642375,7.768215547976894,1928,1928
64582,1571101343275808512,189.21791858286883,55.07730933828234,16.549305,15.140426,57.25734,47.114727,0.520639,1.4088793,4219.693,4.3059,-0.9902,,1.071731012755768,16.193802,,1237658802039029971,0.25728792,1020,52721,554,-0.0001264226,6.344230870404555,2733,2733
64660,1572471128605784704,187.39104976175372,53.908655659694745,16.959534,15.47695,238.13873,437.0676,0.0,1.482584,4448.874,4.6219,0.361,,1.4768949611178712,16.269905,,1237658800428023854,0.038242444,1020,52721,260,-0.0001147689,7.116653134159698,3537,3537
64670,1572755691662533632,185.34015298154512,54.76188052853407,18.223722,16.813328,99.971466,147.81773,0.0,1.4103947,4466.3467,4.5447,-0.0079,,0.6666745717690439,17.595001,,1237658801501175987,0.059946325,1019,52707,110,-5.77139e-05,6.714570673839621,1572,1572
64820,1575414452513104640,182.16209138568794,58.053188996820765,16.331118,15.082613,383.18143,513.69635,0.0903989,1.2485046,4616.472,4.5793,-0.1608,,1.398761890771929,15.782463,,1237661353780379708,0.053442184,1314,53050,486,-8.9398e-05,6.511182031018166,1598,1598
65411,1579737659218280704,191.41572569797881,59.84441498399395,17.894785,16.523315,27.65318,51.350967,0.0,1.3714695,4284.7275,4.2767,-0.5286,,0.880878204010793,17.459843,,1237655108379345030,0.021202212,957,52398,352,-2.09133e-05,7.184422002703865,1110,1110
65700,1581558386050382208,187.19265817672388,60.47317177009889,18.26308,16.653242,101.89642,154.56895,0.0,1.6098385,4229.6567,4.6139,-0.0037,,0.8882790193269365,17.506527,,1237658607145910400,0.082146585,955,52409,624,-6.699267e-05,7.249273969160658,2209,2209
65702,1581559073244797696,187.13414739156337,60.462724322276785,18.142403,16.505802,97.47081,209.40073,0.0,1.6366005,4248.6304,4.5393,0.0049,,0.7316364955379249,17.358725,,1237658607145910389,0.09121212,955,52409,637,-0.0001980247,6.68020139836376,2379,2379
65767,1582499052607214592,184.5896786606126,61.149077656602124,16.419191,15.106422,70.88204,59.01641,0.0,1.3127689,,,,,1.0983033579437576,16.128258,,1237658313477849339,0.16249922,955,52409,403,-0.0002449732,6.33186930852305,1209,1209
65780,1582682945927264384,182.72124555416588,61.886125520070884,17.778154,15.994821,78.23653,358.18665,0.0,1.7833338,3794.4868,4.5631,-0.5954,,1.6158086830404155,16.923954,,1237658609830920270,0.12130916,779,52342,233,-7.410489e-05,7.96590369808569,4033,4033
66296,1590367020377021824,223.4335783335645,47.22647195947839,17.394915,15.561527,34.680687,38.78739,0.32300374,1.8333874,3704.9253,4.3253,-0.7836,,1.7267275013062289,16.782007,,1237659131137294482,0.07147398,1048,52736,126,-3.645056e-05,7.968126247408222,518,518
66333,1591173340357548672,221.0482651037199,48.782183090465296,16.18513,14.841117,429.72153,1047.6003,1.4074082,1.3440123,4453.074,4.4826,-0.4007,,1.8202601414736221,15.615005,,1237659119324889099,0.01836484,1047,52733,155,1.006806e-06,6.915671836373992,2397,2397
66660,1594582784180268800,230.85219023857195,49.39576652016642,17.904661,16.866827,132.73167,153.66156,0.0,1.0378342,4988.6772,4.7941,-1.6508,,0.5679124484500826,17.465513,,1237659148851609786,0.019813651,1166,52751,252,-0.0004305981,6.236920171254809,3148,3148
67224,1600413464278559232,226.67227717325292,55.22365776101972,18.092106,16.498629,101.85675,248.04391,0.0,1.5934772,4235.0913,4.5743,0.003,,0.8775825635288308,17.334545,,1237655464852193445,0.13785042,792,52353,38,-0.0002512497,7.050985064311032,3095,3095
67229,1600530940224017664,229.4610741075515,55.27520421159284,17.580336,16.20034,180.1227,376.29312,0.0,1.3799953,4501.5347,4.6089,-0.0091,,0.8181073101978917,16.954443,,1237668601533890742,0.047245577,793,52370,629,-0.0002924223,6.518494344490197,13,13
67394,1603739040276335360,218.72722487028958,50.14423015864507,17.21864,15.559805,196.1037,360.3354,0.13335562,1.6588345,4244.977,4.5267,0.1275,,1.4892057414561408,16.437658,,1237659132746137777,0.055476166,1046,52460,552,-1.032487e-05,7.3024318195388105,2474,2474
67592,1607258714435618944,221.60632358182835,54.82176689348632,17.651402,16.160723,97.281555,187.99962,4.067868,1.4906788,,,,,0.325991589990704,18.970655,,1237659150458814592,0.049756244,1163,52669,435,0.09759648,6.53668742217997,2303,2303
67623,1607811768785148800,214.47607536067375,51.69214166751998,17.460457,15.859683,117.18966,301.7464,0.6385716,1.6007738,4657.98,4.557,0.7827,,1.6408235765019934,16.703875,,1237659120396402818,0.096084684,1045,52725,465,-1.351437e-05,7.779184026274375,3132,3132
67643,1608325653031241216,214.24665817495395,54.00085281391956,17.36037,15.793458,186.6741,389.6267,0.0,1.5669127,4448.552,4.604,0.5437,,1.2054103163668382,16.619946,,1237661417675948180,0.032787297,1325,52762,117,-8.586752e-05,7.025620046161219,1359,1359
68466,1613302180097408000,227.0540513653352,57.926831432333366,16.676224,15.324712,373.26776,511.7846,0.0,1.351512,4448.603,4.5575,0.0118,,1.3356208756856234,16.06281,,1237671940334420092,0.017467842,610,52056,16,2.861802e-05,6.691226890006185,3163,3163
69204,1660422060143092352,212.82593928899098,59.74936951279243,16.465527,14.785998,401.91116,774.58716,0.049419414,1.6795282,4311.104,4.5884,0.3131,,2.3728672253444922,15.662688,,1237655464848392384,0.018770799,788,52338,479,-1.514505e-05,7.539055444261315,1992,1992
69267,1661244735359052544,208.68253482015876,61.57173915624031,16.796495,15.222584,107.76852,69.94157,0.0,1.5739117,4317.3804,4.6731,-0.4133,,1.745776788533992,16.13461,,1237655371440390285,0.1949483,786,52319,609,0.0001941318,7.344552796966152,2069,2069
69354,1662742884375390464,203.90653463613415,60.77826489786493,17.407463,15.851208,168.16205,486.9455,0.084353074,1.5562553,4245.5225,4.3222,-0.1503,,0.9252441159884502,16.675299,,1237655464309555299,0.025698202,785,52339,106,-6.484488e-05,6.50658035038078,1507,1507
69671,1666457107669619456,215.38335934115636,61.55107227772011,16.743736,15.082429,46.64505,43.86207,0.35066512,1.6613073,,,,,1.493884273011259,16.48005,,1237651250968199410,0.5301802,607,52368,353,-4.712753e-05,7.351633909388106,1495,1495
69783,1670854673143241600,209.43738030128395,63.76623162435512,16.686136,15.167411,48.98912,47.155643,0.40051937,1.5187254,4551.7295,4.7246,-0.7143,,1.8378118693295282,16.258287,,1237651252040433789,0.049746595,605,52353,383,0.0001346109,7.579792690049672,1270,1270
70070,1675609030142224640,196.9531271320411,62.34720762757463,16.56313,15.228077,125.92619,249.12729,5.1929045,1.3350525,,,,,0.47242293705612715,18.67157,,1237655370364223561,0.013177471,783,52325,510,0.02742151,7.043224700711484,1130,1130
70076,1675648784359108992,195.65892193123375,61.70720003637186,17.27434,15.853301,45.81706,86.07098,0.9173007,1.4210386,4481.515,4.7996,-1.1166,,1.3109667305789607,16.910883,,1237655464307785801,0.037525006,782,52320,12,-0.000287814,7.498841301836691,1470,1470
70152,1677075606854692608,195.1702683814917,64.2061661823714,17.469618,15.829241,172.29762,285.7509,0.20857558,1.640377,4345.119,4.6618,0.2713,,1.3344325191411708,16.69767,,1237651250427134129,0.008358036,602,52072,230,-0.0002224866,7.3241530672122686,4075,4075
70367,1678697730103211136,198.837924417747,67.65278237994941,17.523186,16.269644,113.36299,212.64519,0.07804922,1.253542,4656.433,4.6352,-0.2099,,0.8188932108077184,16.965488,,1237651539788300403,0.3385625,496,51988,326,-0.0002977934,6.5316247864690276,3879,3879
70692,1729520245621369728,314.91136172707354,1.0522101677316282,17.55174,16.396772,144.02089,248.47557,0.0,1.1549683,4860.8745,4.5169,-0.2025,,0.7593103093041575,17.05501,,1237666210340274956,0.033786137,1114,53179,449,5.750236e-05,6.457106324013083,668,668
70727,1729689329892352896,314.06716516773184,0.9676819600533973,17.955496,16.422194,43.235886,46.84364,0.22845794,1.5333023,4219.4336,4.747,-0.6101,,0.9337031069114844,17.401836,,1237666209803141619,0.007285735,983,52443,609,-5.177126e-05,7.25288041491789,2283,2283
70731,1729699916988901248,314.7113255418741,0.9860040258484568,16.79199,15.697838,250.26071,443.8553,0.0,1.0941525,5039.322,4.6039,-0.3132,,0.7762893487169964,16.322298,,1237678596460052584,0.051252622,1114,53179,409,-0.0001129919,5.772416186687625,683,683
70998,1743586366595164160,319.0664204250669,9.348371409081969,17.926159,16.58434,52.87884,58.698128,0.0,1.3418198,4638.393,4.8505,-1.5496,,0.6288588520787716,17.58719,,1237678877245309617,0.017465936,728,52520,6,-0.0001423744,6.5799565210793745,520,520
71029,1743595682378652928,319.18622075006937,9.493394142005823,17.122492,15.80795,117.41753,368.884,0.50477797,1.3145418,4667.8433,4.4335,-0.5085,,0.8273867984703327,16.564411,,1237678860064654119,0.022271842,729,52468,253,-0.0001884816,6.152954099057041,3274,3274
71246,1744491372038636032,316.8832296642543,10.233994597690831,17.977867,16.53748,51.89868,48.693657,0.24323182,1.4403877,4720.4155,4.6406,0.306,,0.5922191085909664,17.549002,,1237653008120283881,0.06196194,727,52207,567,-4.587986e-05,6.411413775031569,1866,1866
71528,1745375104507934848,320.7609230645601,10.753206834399014,15.724021,14.55888,59.525684,52.372726,0.24672467,1.1651411,,,,,1.0977658025252597,15.5863905,,1237652943158509604,0.20362659,730,52466,315,-8.144814e-05,5.788938983121721,2505,2505
71903,1746361568302253184,318.8212020352073,11.405209725417855,17.23073,15.718522,171.11873,447.2767,0.083452456,1.512208,4445.903,4.575,0.2219,,1.2575619213180467,16.529507,,1237653009194943279,0.038297053,729,52468,332,-0.0002730872,7.027153576143139,2105,2105
72722,1766637254207535744,324.5568541453439,11.570928039485164,16.760305,14.98385,42.79214,37.808895,0.474575,1.7764559,4370.07,4.6712,-0.3958,,2.1568707873509245,16.099697,,1237656495635366541,0.08563764,732,52221,253,9.057936e-05,7.768817755051121,3442,3442
72785,1767906842245237376,329.3354333058035,13.463580535177554,17.926367,16.659891,86.10747,143.85683,0.0,1.2664757,4618.373,4.6352,-0.2257,,0.6479317297538252,17.350306,,1237678600218476824,0.019049242,734,52224,373,-2.551701e-06,6.407951798385099,1612,1612
77550,2426941162608266112,8.905435943768953,-8.884488771812103,17.148792,16.0039,154.6202,227.17577,0.08870315,1.1448917,4831.076,4.519,-0.2691,,0.8076505453210985,16.678478,,1237652949066383425,0.026386166,655,52162,324,7.215848e-05,6.214595694176751,1661,1661
77562,2427968621865244928,2.856415084227265,-10.127060002004022,15.985805,14.844743,316.4677,783.93994,0.0,1.1410618,4989.7754,4.6425,-0.612,,1.409819660598114,15.498743,,1237652947453149222,0.013714179,651,52141,115,-0.0001670447,6.244560870825261,3018,3018
77898,2449578732635520768,1.1022649496891181,-1.2584700627052996,17.307549,16.281908,181.14029,236.41281,0.05536788,1.0256405,4994.429,4.7518,-1.226,,0.5958125589538779,16.876616,,1237663275780735084,0.05632171,1490,52994,283,5.385988e-05,5.752163790983882,2801,2801
77902,2449617868377482368,0.6121171227964681,-1.2005481716170758,15.77704,14.640277,463.01147,785.56934,0.0,1.1367626,4979.41,4.765,-1.1789,,2.146528520466888,15.291234,,1237663275780538403,0.0364482,1489,52991,18,-0.000211803,6.949917332578444,1381,1381
77906,2449648654703056384,0.7024020721501499,-0.9715275052472525,17.77852,16.120144,102.67841,229.81752,0.049873207,1.6583767,4323.6064,4.6791,-0.389,,1.1842397200576973,17.073643,,1237657189831803048,0.06267362,1090,52903,301,-0.0001666583,7.440840848054457,3810,3810
77923,2449867526236442240,0.44507833242080636,-0.5811131526711678,17.538197,16.174543,158.41379,287.40063,0.0,1.3636532,4425.363,4.5342,-0.019,,0.9157932447741507,16.915533,,1237657190368542813,0.036381368,1489,52991,117,-3.37583e-05,6.724520244238835,3210,3210
78827,2485813447565621504,21.912670374652784,-1.0825285686624144,17.31943,15.532919,190.72409,529.0993,0.14324163,1.7865105,4151.368,4.6164,0.0021,,1.7503855692557249,16.45158,,1237663782596378897,0.007489628,1501,53740,111,5.397744e-06,7.667248668627639,2722,2722
78854,2485891371156709760,23.001235455193907,-0.6924600315359508,17.755302,16.691286,111.93929,162.0841,0.0,1.0640163,4934.428,4.6545,-0.5821,,0.4746287638605742,17.311533,,1237663783133708450,0.079292655,1078,52643,245,-2.655885e-05,5.693303245076155,266,266
78950,2494654959866759936,34.32001480600351,-1.1594691394808414,17.411303,16.371096,97.05481,175.88533,0.0,1.0402069,4960.7964,4.5245,-0.9949,,0.5554483378678254,16.976408,,1237663782601818130,0.19908886,1073,52649,56,8.845158e-05,5.699626362348548,99,99
78966,2494694649659664640,34.61948176375809,-0.8010152328962228,17.082998,16.000349,189.96443,258.22827,0.25936472,1.0826492,4901.1616,4.5057,-0.5536,,0.894071845180803,16.621477,,1237663783138820113,0.048603002,1073,52649,20,-9.267925e-06,6.378339221680555,626,626
78998,2494847924157152512,33.18691984806847,-0.7200086985086449,18.372477,16.676605,100.110405,171.0712,0.0,1.6958714,4159.0464,4.6514,-0.0061,,1.029690206510567,17.554684,,1237663783138164966,0.030533276,1073,52649,213,-1.382294e-05,7.618216596012516,3501,3501
79021,2494891389226082176,34.225840515740686,-0.7725371023058715,17.05103,16.043951,179.16083,362.48193,0.0,1.0070782,5096.517,4.6444,-0.499,,0.6868136098868041,16.631985,,1237663783138623560,0.13452908,1073,52649,59,-6.720926e-05,5.816179173424407,3276,3276
79023,2494894172364892672,33.98527106626942,-0.7595267717844508,16.70507,14.983723,159.24463,521.89185,0.18677026,1.7213478,4095.8994,4.2665,0.1413,,1.5617471583387577,15.893366,,1237663783138558103,0.093541116,1073,52649,95,-0.0001563293,6.861419481998588,1970,1970
79248,2497953082432842624,44.34897801081858,-0.4567497046758156,16.597084,15.489195,263.45847,488.68933,0.21188764,1.1078892,5012.8057,4.7198,-1.1068,,1.193836010636152,16.128027,,1237666300016132114,0.055386122,1068,52614,70,0.0004063183,6.512750335915893,3170,3170
79301,2498100799243745152,43.00705556020706,-0.35738757164239404,16.432638,14.885068,309.44415,565.11237,0.1539101,1.5475702,4504.7163,4.6602,0.216,,1.9719274816057655,15.708425,,1237663783679361136,0.10657887,1511,52946,26,-6.706155e-05,7.182879265934602,1922,1922
79346,2498236348411557504,43.573506421385694,0.1511680669132888,16.840311,15.318231,172.61615,394.40274,0.1248838,1.5220804,4500.2275,4.6688,0.4535,,1.533808901311235,16.123163,,1237663784216494156,0.07610676,1068,52614,439,-3.198417e-05,7.0520194924008095,1605,1605
79570,2499048092935441536,42.142708488573234,0.798118844734116,16.71543,15.584584,279.8385,335.33548,0.0,1.1308451,4880.2974,4.4946,-0.0463,,0.7848996835316866,16.225681,,1237678617436291130,0.009222786,1069,52590,540,0.000154872,5.699752074819607,1090,1090
79601,2499251983622644864,41.82950301847179,0.9565086375656925,18.41614,16.783726,51.98694,79.208786,0.0983393,1.6324139,4097.3184,4.3935,-0.0083,,0.9721591602901611,17.640406,,1237678437017321711,0.03522604,1069,52590,453,0.0001829767,7.579092518515662,3873,3873
79681,2500055383025128960,36.63176532270903,-0.16013893846979366,16.467142,15.292003,213.25882,451.16525,0.05068645,1.1751394,4749.5938,4.4436,-0.1354,,0.8258148257620702,15.952389,,1237666407921614850,0.07098613,1509,52942,318,-3.412362e-05,5.5368021406746735,991,991
79696,2500112630644645760,38.47192130443881,-0.5212606659664981,16.892487,15.342012,140.92586,400.25916,0.0,1.5504742,4286.7812,4.3732,0.1504,,1.467959226655402,16.168915,,1237657070090191009,0.023434117,1070,52591,305,6.61727e-05,7.002484759864078,2650,2650
79747,2500382973066081664,37.47366720271185,-0.16716447528205616,18.419079,16.766624,38.122158,104.63124,0.0,1.6524544,4248.18,4.5107,0.0209,,0.6631695373911858,17.619373,,1237666407921942664,0.10482104,704,52205,35,-4.840234e-05,6.727496165224679,3995,3995
79773,2500520201565550848,38.31331383422344,0.41750204991419193,18.404444,16.459894,46.974537,199.89618,0.0,1.9445496,4145.053,4.5163,0.182,,1.2321778021996792,17.41822,,1237666408459206744,0.11931312,1071,52641,521,-2.099883e-05,7.871587423376827,88,88
79788,2500596656279020160,37.936306797175035,0.8370012632227448,16.049726,14.933941,343.02814,546.35187,0.13092917,1.1157856,4877.391,4.6094,-0.2673,,1.2295534168729543,15.570009,,1237657587096682674,0.087294094,1509,52942,456,4.080546e-06,6.018746236710214,142,142
79796,2500624109709951360,35.163723016346395,-1.1455863460842817,17.674725,16.437824,42.86103,53.27233,0.0,1.2369003,,,,,0.6875962070733818,17.480812,,1237663782602145934,0.062138084,1072,52643,296,-0.0002275817,6.6674794345593185,1712,1712
79813,2500701212962798592,34.85647803976425,-0.6976278956891085,17.690353,16.07466,94.44948,211.9473,0.63092977,1.615694,,,,,1.1876361576565961,17.162016,,1237663783138885941,0.09527122,1073,52649,38,-0.0001086709,7.535432971155817,3363,3363
79843,2500842598990783488,35.45905541535205,-0.08326144857367265,18.027111,16.903263,54.98311,110.41611,0.0,1.123848,4886.788,4.6592,-0.5028,,0.4917987305780138,17.541689,,1237666407921090721,0.050831128,1155,52581,156,0.0003477422,6.000625936122809,1452,1452
79957,2501252927281748736,36.8129278913109,0.709059877241169,16.095152,14.928866,290.7283,526.5351,0.9828443,1.1662855,5122.905,3.6685,-0.282,,0.9444360987099545,15.634086,,1237657587096223805,0.044345457,1509,52942,332,-2.771457e-05,5.509948547938972,3734,3734
80005,2501511961054182400,36.21063939806051,1.16662726157446,18.326801,16.642706,37.30229,67.865776,0.0842019,1.6840954,3903.1365,4.5601,-0.5082,,0.7554286601300131,17.469625,,1237678437014831237,0.07769313,1072,52643,526,0.000101001,6.860592760310549,3052,3052
80018,2501561786969880064,35.214180677567875,1.1996133720086481,18.188185,16.56553,80.60445,211.63147,0.37721294,1.622654,4244.003,4.6804,-0.0092,,1.258879031380742,17.405737,,1237678437014437969,0.050668653,1508,52944,368,0.0002721903,7.905656921938579,1510,1510
80028,2501842265514138368,38.75314831316131,0.5541660168656493,16.282827,15.196064,278.51663,433.7162,0.28401995,1.0867634,4926.557,4.6296,-0.7498,,1.0032849035676785,15.8288145,,1237663784751202398,0.019594027,1070,52591,350,0.0001798333,5.835935893853755,2708,2708
80037,2501904044323877376,40.168805014730765,0.8809152475240606,18.300238,16.644348,38.50394,129.79149,0.3285894,1.6558895,3971.5554,4.6405,-0.5712,,1.1202412823363461,17.518368,,1237678617435439287,0.06713752,1510,52992,531,2.421141e-05,7.764925632031531,1058,1058
80040,2501912565538966272,39.83041872270961,0.8675764242052838,16.230925,14.8566065,321.0195,416.59793,0.0,1.3743181,4426.6846,4.5144,-0.1928,,1.6899949414558926,15.610328,,1237678617435242571,0.029244732,1510,52992,458,-8.307774e-05,6.74975474400312,459,459
80090,2505958317357116288,28.70638009958353,-0.8537764977830472,17.957468,16.367678,102.614,166.8639,0.22494273,1.5897903,4068.0515,4.5491,-0.3894,,0.9781585713475022,17.207493,,1237657069549060201,0.01820239,1075,52933,292,8.153595e-05,7.159539152812499,2705,2705
80171,2506219180786267648,28.075209357348186,-0.5410217179601392,17.507605,16.482357,125.6607,175.82759,0.0,1.0252476,4953.019,4.7362,-1.2143,,0.783077745468737,17.079746,,1237666407380942951,0.031629317,1076,52914,85,0.0006492453,6.548770655298817,674,674
80186,2506458530723707776,32.101102614247,-1.0587817670670427,17.2417,16.09787,158.43222,157.85147,0.0,1.1438293,4896.0576,4.6876,-0.7675,,0.6760670320970255,16.749334,,1237663782600835092,0.027529748,1506,53003,44,8.55649e-05,5.8992831273621675,1702,1702
80251,2506801097315268736,30.81584447082478,-0.32757798451503933,17.31198,15.651089,92.54067,348.14548,0.0,1.6608906,4361.593,4.5884,0.2909,,1.7246952936712259,16.517393,,1237663783673987294,0.04006195,1505,52941,63,1.424322e-05,7.700955003529835,2664,2664
80267,2506856687076418176,32.65026381183095,-0.7326231202958493,16.925219,15.855565,133.97289,260.01065,0.0,1.0696535,5004.246,4.6326,-0.5223,,0.7733879843061849,16.464594,,1237663783137968137,0.02656999,1074,52937,62,0.0001447785,5.906580989331783,2264,2264
80316,2507011413273916032,33.21744680394998,-0.04562733173754096,17.038235,15.852246,247.69627,350.8339,0.0,1.1859884,4790.852,4.6121,-0.1856,,0.773170427176612,16.514805,,1237666407920107622,0.0797354,1507,53763,235,-9.738575e-06,5.95618101229449,1588,1588
80338,2507061063095773184,32.72240804262454,0.21243876608062426,16.833488,15.438675,180.44568,319.0402,0.14093009,1.3948135,4439.5903,4.6563,0.0837,,1.281263317965666,16.19682,,1237666408456716405,0.027211456,1073,52649,359,-9.053882e-05,6.7350112686929755,4070,4070
80344,2507076147020948864,33.12708165485364,0.2891184346604792,17.487116,15.969403,138.72269,224.86147,0.18316336,1.5177126,4352.845,4.6607,0.1257,,1.154232084532196,16.781252,,1237666408456913118,0.07456912,1507,53763,436,0.000218337,7.092717619114556,2111,2111
80370,2507157648320356864,31.864894812489148,0.06856681764875158,16.100058,15.042726,333.97668,631.9015,0.11289355,1.057332,4947.869,4.4826,-0.6468,,1.1204766618375737,15.654453,,1237663784211316810,0.035773467,1506,53003,506,-4.556281e-05,5.901467353292174,3250,3250
80387,2507227291215036416,31.367229977072515,0.3542730743361571,17.961494,16.772917,78.10241,133.35999,0.0,1.1885777,4631.9272,4.7913,-1.1931,,0.9012083254621785,17.440285,,1237666408456126721,0.063139774,1074,52937,463,-0.0002066349,7.214410704657801,717,717
80390,2507235881149653120,31.528664119641636,0.4769140999621145,17.953188,16.589539,143.74399,130.02107,0.26076013,1.3636494,4552.269,4.6318,-0.0601,,0.6737225605340862,17.30837,,1237663784748056703,0.10472275,1074,52937,500,0.0001471813,6.450776042955333,3302,3302
80395,2507244196206064768,32.17856757584038,0.15332013730550167,18.076593,16.360222,60.80082,149.50525,0.2192809,1.7163715,4177.6,4.6022,0.0011,,1.217826405520783,17.250608,,1237663784211448016,0.07361171,1074,52937,550,-3.324294e-05,7.678535376266897,501,501
80424,2507333535820978944,31.848195068115857,0.6588861298045812,17.038986,15.768378,193.11272,221.5609,0.0,1.270608,4506.809,4.4378,-0.6839,,1.166165434608257,16.475317,,1237657071697920145,0.063955,1506,53003,518,8.985466e-05,6.809117824817253,350,350
80445,2507397135696729600,29.366030712373593,-0.9917340788867355,16.803473,15.395447,236.10103,541.6433,0.0,1.4080257,4435.97,4.6467,0.0845,,1.3616030469193499,16.158916,,1237657069549387949,0.058085047,1505,52941,257,-6.307947e-05,6.8291690462965065,1517,1517
80464,2507457123504930048,29.221645601029334,-0.6449185400912029,17.04442,15.894651,167.32222,309.8293,0.0,1.1497688,4757.4307,4.4909,-0.4556,,0.9208880435817942,16.548645,,1237663783136460813,0.03884498,1075,52933,255,2.956319e-05,6.3696791910903094,3572,3572
80576,2507778803670634752,29.10496272642218,0.3178057935247384,17.341663,16.020555,147.71025,272.3013,0.18983628,1.3211079,4620.161,4.7284,-0.8824,,0.9213940510197092,16.75918,,1237657071159869538,0.03225888,1505,52941,398,-4.535718e-05,6.5814070884876195,3478,3478
80615,2507869169782551680,29.823991233586987,0.7933316763086804,16.987349,15.547411,104.81013,228.17848,0.058389693,1.4399376,4482.455,4.6723,0.4499,,1.3610907466696112,16.309343,,1237657071697068134,0.039574746,1075,52933,456,1.401823e-05,6.978778745307974,3158,3158
80654,2507979941283433600,31.376363122185264,0.4375543179853425,17.988071,16.506144,83.91067,151.01123,0.0,1.4819279,4359.663,4.6141,0.1948,,0.7777318070678726,17.298765,,1237663784747991146,0.06582288,1074,52937,468,-6.124071e-05,6.752914486268999,691,691
80660,2507995201302718336,31.084261524524734,0.49445414308759095,17.076984,15.239452,216.26163,267.43878,0.091615595,1.837532,4191.116,4.6531,0.1974,,1.8474322632260542,16.179407,,1237663784747860163,0.0425267,1075,52933,625,0.0001212782,7.512249738721437,2581,2581
80732,2508266196559241728,30.605654461206775,1.1194466007781338,17.118769,16.03296,238.3019,258.2387,0.0,1.0858078,4940.4346,4.629,-0.3734,,0.7714128857210691,16.65115,,1237678617431244809,0.10069398,1505,52941,611,-6.219504e-06,6.087584195097289,1114,1114
80927,2509077838003826688,26.854688713564762,-1.001091822916721,17.716057,16.57124,135.96652,228.59453,0.19686785,1.1448174,4785.022,4.6353,-0.3699,,0.6086418900243956,17.219084,,1237657069548273788,0.035156246,1077,52644,11,-2.538331e-05,6.140892983732154,4000,4000
81004,2509181054658045952,26.76991805977597,-0.3623934194373866,17.839878,16.088097,140.62845,276.37726,0.0,1.7517815,4237.8193,4.6806,0.0054,,1.5294319458226624,16.987833,,1237663783672217758,0.08731129,1504,52940,314,-9.360138e-06,7.91048380917384,1578,1578
81267,2509628422746689408,26.60475026419807,1.0685369872946129,17.714483,16.223263,80.83067,213.11362,0.48510176,1.4912205,4298.387,4.4491,-0.2397,,1.518264929430837,17.055714,,1237678617429475433,0.04828489,1077,52644,605,-7.597778e-05,7.962451455205176,1955,1955
81377,2509857189884586112,24.310229175738577,0.03214504121094221,16.503096,14.925022,357.42667,972.54785,0.0,1.5780735,4399.9175,4.6622,0.2616,,2.0577530985764163,15.763201,,1237663784208040029,0.08146776,1502,53741,573,2.995392e-05,7.330167081508346,335,335
81399,2509917250707520000,23.1023657231749,-0.463959905140554,17.758694,16.676298,121.85183,195.30463,0.073889874,1.0823956,4868.649,4.7391,-0.9327,,0.9140660684546529,17.293882,,1237666407378780356,0.0012956422,1502,53741,254,-0.0004319907,7.098770307790595,2568,2568
81443,2510038918541062528,23.076762818415236,0.29126146746634674,17.739979,16.38746,147.56862,271.63602,0.0,1.3525181,4437.6777,4.6078,-0.3368,,0.9776536801060626,17.11712,,1237657071157248085,0.036451913,1078,52643,410,0.0001322592,7.068045939766801,340,340
81464,2510112895057646208,24.076129255531757,0.642802290908325,18.408869,16.754925,74.64563,164.27861,0.0,1.653944,4674.7236,4.5644,-1.5705,,0.8703523972506209,17.630537,,1237657071694512376,0.11982261,1078,52643,495,-1.199278e-05,7.3290126823474075,2325,2325
81485,2510161990828757888,23.95639681572761,0.7290526573670743,17.978146,16.670757,104.75096,217.45616,0.13757284,1.3073883,4452.6904,4.3995,-0.821,,1.309174889760699,17.400858,,1237657071694512310,0.12706281,1502,53741,482,-0.0002481616,7.985846259714069,2534,2534
81637,2510416046734011648,25.926228822006266,1.1543339612761783,18.314108,16.457214,94.79565,246.00554,0.0,1.8568935,5087.4097,3.7795,-0.1322,,1.2637395202444734,17.396576,,1237678617429213263,0.06382525,1077,52644,445,0.0002424898,7.904863763533349,104,104
81712,2510837919896842752,27.9388240202717,0.555404445016118,17.41797,16.390839,111.13118,181.46231,0.196847,1.027132,5008.7153,4.5911,-0.7276,,0.6238412182084723,16.9783,,1237663784746483760,0.037057605,1076,52914,489,9.014009e-05,5.953670424179752,3905,3905
81806,2513110713510628608,33.35373623506001,0.7627870123595069,17.270367,15.56649,136.38048,242.61421,1.1142869,1.7038765,4148.042,4.6687,0.0119,,0.7917348887085338,16.527452,,1237657071698575501,0.12039014,1073,52649,410,-6.837473e-05,6.02035138410838,2408,2408
81810,2513113629793532032,33.40292261358511,0.8396349314706438,17.545172,16.24162,80.04191,209.32935,0.0,1.3035526,4460.5884,4.4982,-0.2226,,0.8239175487458091,16.971684,,1237666408993915048,0.045660358,1507,53763,409,0.0001258046,6.551102267501044,4021,4021
81831,2513160363332641024,34.73459965731504,0.836194670090133,17.093128,15.981781,109.28149,229.09984,0.0,1.1113472,4852.6704,4.4935,-0.3944,,0.7655754155434589,16.614456,,1237666408994504876,0.09910505,1072,52643,337,9.93509e-05,6.034396070551821,399,399
81854,2513309308502964480,32.866568077819544,0.8262956446333526,16.930187,15.613435,133.64323,195.41588,0.0,1.3167524,4396.214,4.19,-0.7597,,0.9378009666274492,16.347954,,1237657071698378895,0.020697856,1073,52649,324,-0.0002999374,6.208507176621978,3882,3882
81860,2513329649468405888,33.31315324434696,0.9832424693413344,16.691568,15.33424,172.37616,265.47913,0.0,1.3573284,,,,,0.827855174980491,16.088152,,1237678617432424682,0.02777536,1507,53763,417,1.1507e-06,5.6779237714354664,194,194
81951,2530704961139596288,11.631876293977923,-0.9792893826033084,16.550495,14.874121,298.01923,463.1648,0.066530235,1.6763744,4219.531,4.5203,0.162,,1.9400863142471885,15.753468,,1237657189836587175,0.040802356,1131,52902,287,1.707987e-05,7.192572820206259,2614,2614
81970,2530717983480515712,12.25739099004632,-0.9051980447292977,17.097029,15.774689,213.86415,488.66476,0.037996344,1.32234,4636.0713,4.6504,-0.066,,1.1318208940562509,16.502337,,1237657189836849239,0.024169836,1130,52669,222,-4.999923e-05,6.771225037055203,2405,2405
81977,2530723893355511552,12.132652843843742,-0.7595393118108127,16.430202,15.334551,342.70053,470.94934,0.0,1.0956516,4886.997,4.4724,-0.3062,,0.8874097596365657,15.963278,,1237663783128989703,0.073480844,1496,52883,259,-6.937095e-05,5.703898820425188,3910,3910
82035,2530851157531031936,10.647055264097443,-0.9974187999536596,18.078175,16.81727,133.16695,234.46315,0.0,1.2609043,4480.7554,4.3988,-1.0121,,0.6610069055547397,17.524143,,1237657189836128339,0.03176754,1495,52944,204,-7.557377e-05,6.625173201964341,126,126
82071,2530905862529882112,10.936597785172658,-0.8696450638658776,17.50878,16.43052,141.3612,311.455,0.0,1.0782604,4865.122,4.3919,-1.0405,,0.5113156503544277,17.050095,,1237657189836259489,0.048557144,1495,52944,131,-0.0001650097,5.593540033590816,3186,3186
82104,2530929811267607424,11.799654944914538,-0.6146738514256078,18.032644,16.478827,108.15554,176.76161,0.08010557,1.5538177,4116.541,4.7149,-0.4098,,0.7526416905165354,17.298801,,1237656971301486760,0.062056374,1130,52669,246,8.458752e-06,6.68174277811201,1918,1918
82132,2530945204430380416,11.541952803468748,-0.5287104561207118,17.594255,16.265154,130.10449,264.0473,0.0,1.3291016,4434.497,4.3949,-0.4638,,0.6727725350819294,16.998116,,1237656971301421134,0.032406375,1131,52902,311,-6.924918e-05,6.13745680824271,1365,1365
82142,2530949465037937664,11.4906730034312,-0.4555124907612188,18.351276,16.48398,79.282036,287.72742,0.06584484,1.8672962,4137.7256,4.3668,0.0656,,1.1896756945240732,17.417393,,1237656971301355669,0.06532698,1132,52903,318,-3.3248e-05,7.794535675179986,1881,1881
82277,2533040976672053632,16.720237899568517,-1.181138300404027,17.789652,16.08136,103.63522,370.98508,0.0,1.708292,4339.9814,4.5735,0.2699,,1.1499192034574912,16.955736,,1237663782594084985,0.04786733,1498,52914,84,-5.631864e-05,7.2590727936755854,3783,3783
82288,2533056640417338880,16.523469454907392,-1.0959404836293383,18.358162,16.64671,71.13519,150.83669,0.0,1.7114525,3797.8423,4.3714,-0.7171,,1.1117293520025056,17.536058,,1237663782594019403,0.039769303,1082,52523,121,-8.059161e-05,7.7660537864220665,2302,2302
82493,2533652408216200704,18.402826275956784,-1.1068920780189628,17.83029,16.764084,84.40878,149.54866,0.16719367,1.066206,4947.6763,4.7204,-0.8541,,0.5255790916653055,17.367575,,1237663782594805932,0.020745166,1499,53001,82,-0.0001403972,5.97076509177807,1750,1750
82498,2533657596536697728,18.581605930773264,-1.0776110118531947,17.117226,15.819689,133.2687,352.60867,0.0,1.2975368,4492.7334,4.4245,-0.4628,,0.9666719785398299,16.532555,,1237663782594936883,0.022888057,1081,52531,90,8.391708e-05,6.458950274658889,609,609
82504,2533682301188629760,18.96713010239574,-0.9071264771882619,16.562092,14.822503,311.03238,718.74554,0.0,1.7395887,4274.4277,4.5701,0.2479,,2.451257435118777,15.723089,,1237666338116272254,0.045395244,1500,53730,281,-4.722283e-05,7.670033838007704,2206,2206
82603,2533953296444577408,21.224561832891954,-0.37452906126006386,16.928728,15.511079,197.19167,341.68716,0.71589,1.4176493,,,,,1.6866843952868318,16.593998,,1237663783669792908,0.124664,1501,53740,201,-0.0001116976,7.729167090235535,3704,3704
82633,2534028505617126144,22.236110718694317,0.0007917554867923843,17.948988,16.515213,138.99706,289.89487,0.06968747,1.433775,4351.8296,4.5244,-0.0012,,0.7798613656445242,17.283852,,1237663784207122572,0.06519625,1501,53740,58,5.135454e-05,6.743938653097771,1577,1577
82654,2534102555148461824,21.648907585221078,0.23625596568271334,16.322351,15.135082,432.57797,663.82477,0.0,1.1872692,4790.121,4.5293,-0.0442,,1.3228297571619794,15.804944,,1237656512816087092,0.02910153,1079,52621,497,-8.217565e-05,6.41246381759569,2919,2919
82738,2534317608455483776,21.17625323720218,0.5740681082587158,17.957502,16.29896,87.0941,264.52512,0.0,1.6585426,4437.79,4.5976,0.4507,,1.2714052378962166,17.15763,,1237663784743534723,0.046777584,1079,52621,434,-0.0001308402,7.679050901866056,2200,2200
82757,2534370934769822464,21.029765112921353,0.7641879354830732,18.041693,16.816235,73.927216,178.17012,0.13595596,1.2254581,4628.92,4.6511,-0.496,,0.8391978896538304,17.48956,,1237663204923343031,0.028113024,1500,53730,611,-3.894792e-06,7.108881088877265,1486,1486
82791,2534445568416714368,18.82286512725919,-0.6664618096311454,16.166636,14.89937,330.8536,551.05286,0.0,1.2672653,4639.7197,4.5704,-0.0545,,1.4504886245892976,15.603826,,1237663783131873339,0.033866674,1081,52531,57,-0.0001389196,6.411397205210019,537,537
82820,2534496317750189952,17.802008055430782,-0.4996842538647433,16.371935,15.357807,268.36475,320.4814,0.0,1.0141277,5109.6113,4.6035,-0.1942,,0.8566763417967024,15.945015,,1237666338652618819,0.015914185,1499,53001,184,-0.0001564346,5.609098820981901,2445,2445
82847,2534532086237853824,18.111872851407306,-0.21730688459016345,17.214596,15.504323,157.13347,354.41098,0.1251701,1.7102728,4294.0947,4.5677,0.2449,,1.816010682409469,16.400902,,1237663783668416759,0.02336424,1499,53001,180,5.214862e-06,7.696493788756065,854,854
83003,2534780885103346432,17.214401201777317,0.10619389457222775,16.515303,14.848038,289.3149,675.1451,0.08377208,1.6672649,4417.1494,4.6067,0.4919,,2.065588203465789,15.718131,,1237663784204959851,0.03204693,1499,53001,399,-5.557337e-05,7.293349788778929,737,737
83024,2534807170303215744,17.414180824071597,0.26293401524732235,16.740274,15.189679,157.47826,429.0555,1.9992658,1.5505953,4235.4517,4.6918,-0.3408,,1.0653380177369662,16.102018,,1237666339726229635,0.13505024,1498,52914,600,-0.0001202784,6.239455484148916,486,486
83082,2534881249899201024,18.31750975751336,0.5750889058756385,18.226963,16.580208,65.2263,239.33179,0.0,1.6467552,4265.0073,4.6529,0.0024,,0.8662238705184101,17.429592,,1237663784742289509,0.060211904,1081,52531,494,0.0001620087,7.117742869595112,3641,3641
83151,2535037861586600448,19.417695569081523,0.4558532267506487,16.170488,14.717976,414.06357,625.4411,0.0,1.4525127,4599.9497,4.6342,0.7023,,1.8040392898341533,15.503179,,1237663784742748206,0.017800642,1500,53730,468,-2.027737e-05,6.784408555132508,2485,2485
83172,2535107538840693632,20.52083418881551,0.7507142972828265,18.126482,16.951874,76.41264,130.98315,0.0,1.1746082,4659.576,4.4696,-0.6236,,0.6422352159780931,17.624458,,1237663204923146400,0.025817744,1500,53730,577,-0.0002407907,6.662928891747665,2701,2701
83173,2535115480235563392,20.657039610113728,0.8518194508937003,16.476404,14.742817,369.1523,688.3809,0.0,1.7335873,4357.201,4.593,0.3355,,2.4900932923540746,15.6396265,,1237663785280208993,0.027904715,1080,52614,619,1.478401e-05,7.620704595087052,4007,4007
83192,2535176125173740032,19.972010294323155,0.9617200017871569,17.32278,15.6119995,164.34335,217.68137,0.08635517,1.7107811,4072.449,4.6828,-0.2821,,1.9628053022375647,16.521374,,1237663785279881329,0.06812292,1500,53730,452,-4.764661e-05,7.985759861253495,2578,2578
83238,2535316312906396416,18.651080129759354,0.9661309692365231,17.186413,15.988669,136.13408,239.17084,0.0,1.1977434,4679.0522,4.4745,-0.4764,,0.8458604806057908,16.663603,,1237663785279291529,0.06888149,1499,53001,538,-9.198309e-05,6.3000965029220914,1129,1129
83249,2535730416473425920,15.06991292568689,-1.1144702325328617,16.052412,14.731693,402.5051,814.17084,0.038413357,1.3207188,,,,,1.909521764889681,15.464703,,1237663782593364189,0.061967503,1083,52520,45,9.766296e-05,6.869325670514073,536,536
83271,2535796009213914368,14.471023506905771,-0.9108125319172161,17.040565,15.698204,177.1243,301.9536,0.29340157,1.3423615,4553.0938,4.7076,-0.7114,,1.1125000033603898,16.466166,,1237666338114306143,0.05270807,1083,52520,135,-0.0001941998,6.697665647426479,3791,3791
83286,2535867340030733056,13.45624357642085,-1.1397943046207455,16.635902,14.917115,325.39243,627.9544,0.29622537,1.7187872,4174.771,4.3775,0.0065,,2.0216894799880376,15.812345,,1237663782592643280,0.07983019,1129,52641,46,6.031499e-05,7.340916807154045,1085,1085
83299,2535886375325728256,12.99399557204374,-1.2578194193768137,17.73169,16.041077,108.52804,360.0411,0.16410856,1.6906128,4407.1963,4.667,0.2633,,1.2759582720164173,16.915556,,1237663782592446652,0.0059894184,1132,52903,89,1.574941e-05,7.444738312859222,2440,2440
83331,2535915473728808192,13.377208972335342,-1.0850081826497406,17.830912,15.869374,112.34133,500.70554,0.08332856,1.9615374,3610.6963,4.2076,-0.7391,,1.5633741698102397,16.849987,,1237663782592643171,0.046367373,1128,52637,48,-0.0001597529,7.820301691194949,1961,1961
83339,2535923891864776576,13.47338775944333,-0.95795049238581,18.084826,16.52014,104.31754,241.31705,0.0,1.5646858,4426.291,4.5902,0.2985,,1.1198770308279633,17.33545,,1237666338113847457,0.045834277,1129,52641,55,9.127611e-05,7.581300904579315,667,667
83431,2536042574696422912,13.38987648399249,-0.5940443570333013,17.382141,15.8454,118.93458,303.4934,0.86803913,1.5367413,4348.381,4.4918,-0.1243,,1.4153155140433866,16.700562,,1237656971302207635,0.044729166,1128,52637,103,-1.307397e-05,7.454827859606095,1426,1426
83482,2536088066990094208,14.133654014072935,-0.07648330728191777,16.23103,14.687561,396.45404,836.392,0.0,1.5434685,4378.006,4.6019,0.2589,,2.0607777850769042,15.50979,,1237666339187916987,0.031106457,1132,52903,37,-0.0001114135,7.079946240859879,2241,2241
83577,2536241375846926336,16.430499279035203,-0.34624725199050066,16.407528,15.107866,288.71954,681.3263,0.0,1.2996616,4531.2803,4.4925,-0.0124,,1.3411213707149574,15.826665,,1237663783667695682,0.03262154,1082,52523,179,5.445565e-06,6.46400533978024,2031,2031
83586,2536249317242059776,15.909485195473234,-0.3738754921740442,17.54003,16.215788,149.65619,158.9356,0.0,1.3242416,4610.305,4.6192,-0.0429,,0.8634709733380065,16.943493,,1237663783667499126,0.021438107,1498,52914,230,0.0003137677,6.624731603374407,3712,3712
83594,2536255845592337920,15.932291691604194,-0.22922049320626023,16.951397,15.561377,213.09991,347.36707,0.14633968,1.3900204,4529.298,4.5406,0.0175,,1.1772447906778145,16.32106,,1237663783667499143,0.019230444,1498,52914,225,-9.509268e-05,6.675394067467913,672,672
83619,2536280550244296448,16.627401298832112,0.04408472551096526,16.683609,15.309085,203.48697,384.70392,0.0,1.3745241,4498.5728,4.5298,-0.0938,,1.3044646281931267,16.068115,,1237663784204697704,0.07470027,1082,52523,491,0.0001413193,6.645276770801836,322,322
83620,2536283470822032384,16.346276226256876,-0.10770898779179609,16.881147,15.374006,277.14584,651.23627,0.0,1.5071411,4487.9414,4.5993,0.4842,,1.393851827882885,16.17791,,1237666339188834481,0.103173666,1498,52914,494,3.794709e-05,6.898992895805748,1555,1555
83729,2536523920271126016,15.673389648620565,0.2753004828821791,17.353212,15.787772,159.63385,399.84778,0.858316,1.5654402,4093.9277,4.7256,-0.4327,,1.2839947687424424,16.665232,,1237666339725443244,0.06268603,1083,52520,587,0.0001477788,7.208047976370953,1072,1072
83755,2536574222928114048,15.82857118445023,0.672500647013643,17.463663,15.6946535,123.921814,294.17734,0.0,1.7690096,4090.2368,4.6788,-0.2023,,1.8746323123689022,16.60356,,1237663204921114723,0.038392473,1082,52523,383,-0.0001235768,7.968139986688207,2576,2576
83792,2536650325453513216,15.477321483398198,1.0684708399254979,18.3653,16.565329,66.63453,199.36908,0.0,1.7999706,4104.3354,4.3932,-0.0043,,1.0203796678691428,17.48069,,1237666340799119446,0.026823122,1083,52520,605,7.386396e-06,7.524498983704987,3182,3182
83807,2536663145931122048,12.838795086645716,-0.9377586954073315,18.16112,16.717712,93.46445,210.71782,0.027361412,1.443407,4332.55,4.481,-0.1188,,0.4211510026372557,17.497643,,1237657189837111437,0.050043754,1132,52903,127,7.219789e-05,5.6198317118739425,1883,1883
83820,2536673591291543936,12.538338467057821,-0.8952320444380016,18.388706,16.676592,67.70483,234.73602,0.0,1.7121143,4157.129,4.6781,-0.0087,,0.8575806838478388,17.551075,,1237657189836980366,0.025733061,1129,52641,131,-5.943363e-05,7.217449933726943,837,837
83835,2536692729665891456,12.962223167042533,-0.7575420432679454,16.392588,14.705216,436.33585,732.76605,0.046120845,1.6873713,4430.122,4.6051,0.5066,,2.2324067951114834,15.582727,,1237663783129317505,0.032160904,1128,52637,95,-3.476108e-05,7.326594111120503,1654,1654
83855,2536708432066321536,12.961134984173237,-0.588641397679745,16.997934,15.899067,183.96445,257.30377,0.0,1.0988674,4991.5073,3.7548,-0.1,,0.7169812286345296,16.527754,,1237656971302011033,0.012288421,1084,52591,106,8.02426e-05,5.805292757478048,1400,1400
83889,2536739527629463296,12.4709718762095,-0.5164767926489425,17.388432,15.628754,208.27632,457.69427,0.0,1.7596779,4268.863,4.3443,0.1782,,1.2732352648737597,16.536915,,1237656971301814385,0.030711086,1132,52903,187,5.322165e-05,7.061458119419207,1410,1410
83926,2536764713317720576,12.647976826102319,-0.42339036725997115,17.941505,16.223906,111.88187,252.49364,0.0,1.7175999,4149.7,4.3402,0.0371,,1.1320589149951032,17.114395,,1237657190373851248,0.023305593,1132,52903,180,2.814698e-05,7.383740287309262,903,903
83955,2536787047147692544,12.749173484734403,-0.1808182989026785,17.42504,15.931383,146.58958,276.8793,0.11355102,1.4936562,4193.206,4.1163,-0.3543,,0.798249418252921,16.739296,,1237657190910787788,0.012853742,1128,52637,166,-0.0001099215,6.2499890130080615,3659,3659
84006,2536828759870037504,13.673226052506953,-0.2651825975938284,16.301237,14.8001375,353.28903,554.1797,0.0,1.5010996,4498.6543,4.666,0.4965,,1.872678648371244,15.609891,,1237663783666516055,0.046191197,1131,52902,61,-8.814002e-05,6.972207232015084,2525,2525
84080,2536889026851041152,12.805499623438221,0.06654760066506393,18.128231,16.741636,90.12851,165.01921,0.1425273,1.3865948,4307.6143,4.6461,-0.8124,,0.8291008879473806,17.494957,,1237663784202993769,0.053947363,1129,52641,499,-0.0002015777,7.08799387153643,3938,3938
84086,2536894352610535680,13.098373274527047,0.2135742654061392,16.152752,14.62602,313.29602,1018.4609,1.445274,1.5267315,4239.7134,4.0925,-0.0454,,1.4487947801628864,15.484297,,1237657191447789635,0.046136145,1132,52903,502,-0.0001047724,6.289331161690583,249,249
84098,2536905721388741504,13.3267377157946,0.18232003253014437,17.439001,16.233543,116.86166,307.28574,0.19974858,1.2054577,4651.132,4.7133,-0.6797,,0.8724557418086037,16.912092,,1237663784203255921,0.030781714,1496,52883,546,-0.0002606112,6.615809234721425,823,823
84144,2536938126917216768,12.02260093517291,-0.4095616823807658,16.848759,14.988901,152.85178,611.3114,0.0,1.8598576,4133.9976,4.6482,0.1426,,2.160940546055412,15.945489,,1237663783665795176,0.06811677,1128,52637,279,-0.0001383486,7.618703021278904,1126,1126
84266,2537023613946219776,11.437200913779401,-0.05742032011291052,17.632807,15.986778,141.79936,323.17484,0.0,1.6460285,4397.725,4.6498,0.4643,,1.1878101281447364,16.849092,,1237657190910197857,0.02822111,1130,52669,298,-7.372535e-06,7.222827603878905,3146,3146
84394,2537116419599605504,12.91176486238029,0.4973346583724216,17.079966,15.144094,255.19728,614.2904,0.16599767,1.9358711,4177.4487,4.5385,0.1502,,2.1070546183871586,16.144625,,1237663784739930230,0.01822001,1131,52902,496,0.0001518742,7.763003677057334,834,834
84411,2537129437644877568,12.821323582836943,0.5631838563578472,16.228643,14.93223,500.3202,833.888,0.0,1.2964134,4605.099,4.6536,-0.4418,,1.739603558773614,15.653975,,1237663784739864625,0.037044547,1132,52903,515,0.0001169129,6.856225970316348,3162,3162
84430,2537144938182487680,13.010426807453685,0.8742129731109771,17.628416,16.083488,149.13614,311.76193,0.0,1.5449276,4417.787,4.6624,0.1461,,1.1328683747084403,16.906687,,1237663785276801158,0.026619269,1130,52669,554,1.935794e-05,7.177584048576858,1095,1095
84450,2537161911893136000,12.405707416510307,0.6684200824169642,17.924824,16.38685,89.537285,246.08156,0.0,1.5379734,4381.6343,4.6217,0.0304,,1.0129773619550435,17.194948,,1237663204919607355,0.028746305,1130,52669,436,-8.702893e-05,7.222946895631768,898,898
84459,2537167473875116160,12.042145375562981,0.568957392369395,17.639082,16.003159,124.017494,399.10895,0.0,1.6359234,4253.5684,4.6693,0.0093,,1.2157826276640662,16.859537,,1237663716019601546,0.038748015,1132,52903,422,4.079129e-05,7.283816791896228,4046,4046
84490,2537197680380850816,12.80973374322662,1.0207869014038333,16.120138,14.724089,444.47055,913.479,0.0,1.3960495,4477.8315,4.6124,-0.0333,,1.9806075935233574,15.485725,,1237663785276735544,0.0051474012,1132,52903,447,-1.261189e-05,6.969717601704673,429,429
84497,2537204621047957632,12.509691411651477,0.933250850023528,17.569466,15.866278,153.28777,343.95914,0.10224431,1.703188,4387.021,4.5696,0.2777,,1.4465323563157175,16.747679,,1237663785276604449,0.031218113,1132,52903,406,4.325783e-05,7.549319519092254,2254,2254
84506,2537209259612680448,12.747893423843168,1.0211850131167997,17.69256,15.941638,112.51576,347.54224,0.0,1.7509222,4299.5933,4.5791,0.2829,,1.6268704143683155,16.84342,,1237663785276735686,0.01626449,1130,52669,512,-0.0001302552,7.900184835269734,3675,3675
84570,2537296292830001024,13.892377997705337,0.5419764767726918,18.399551,16.727018,91.000824,177.7359,0.030475823,1.672533,4156.7363,4.3802,0.0006,,0.8358531989434589,17.58865,,1237663784740323499,0.016715512,1128,52637,596,2.209037e-05,7.199299794324702,2529,2529
84645,2537522036310978176,13.196886800192804,0.9777719250586371,16.875181,14.991733,258.36658,705.4312,0.0,1.8834486,4163.188,4.5358,0.3132,,2.3348663230367026,15.96313,,1237663785276932191,0.048041433,1129,52641,576,-0.0001164533,7.804440103071592,3549,3549
84692,2537576663999557504,13.238701392243852,1.0940484801905108,18.106115,16.994934,84.20328,188.18614,0.0,1.1111813,4765.1255,4.3919,-1.267,,0.6612980140149196,17.627663,,1237666340798136434,0.061925106,1129,52641,571,2.661867e-05,6.729648750937635,664,664
84779,2537887280329893120,16.932615665743654,0.7303628370193601,17.837317,16.809145,131.3222,79.39244,0.0,1.0281715,4958.09,4.7503,-1.1533,,0.5144916929124986,17.401093,,1237663204921573561,0.032117534,1082,52523,579,-0.0007146207,5.957984364037065,1568,1568
84814,2537917345100448896,16.86889979927602,1.0931676961627255,16.506893,15.252214,277.11432,644.90125,0.09314979,1.2546787,,,,,1.0226321676677397,16.117483,,1237666340799709334,0.13384692,1082,52523,563,-0.0001467512,6.166080387370837,3419,3419
84817,2537920231318836096,17.538117353656663,0.6414861954527445,17.645798,16.514002,177.36623,171.11856,0.0,1.1317959,4813.577,4.4988,-0.3218,,0.6047727937228696,17.161253,,1237663204921835638,0.05724321,1499,53001,429,-3.393825e-05,6.069214204383044,1022,1022
84848,2537965032122429824,18.077204085857105,1.1462129607977065,17.376476,16.066536,132.04755,400.58752,0.13265581,1.3099403,4541.5107,4.5912,0.0822,,0.8257355577444055,16.782246,,1237666340800233606,0.020216249,695,52202,321,-7.288501e-05,6.366450568713297,556,556
84849,2537968025714961152,18.015641097745036,1.1902027168276295,17.78874,16.465937,94.06998,162.29286,0.15363535,1.3228035,4400.601,4.6484,-0.6785,,0.9280532139054575,17.192362,,1237678617425739840,0.104389094,1499,53001,419,-0.0001617263,7.030226226999211,3315,3315
84895,2538083268277555712,15.856795154300146,0.8927847539477299,17.607698,15.633245,69.59866,281.78452,0.15915354,1.974453,3758.0176,4.387,-0.4,,1.713083233565371,16.629389,,1237663785278046385,0.030790824,1082,52523,375,-0.0001139664,7.798281131912496,2597,2597
84924,2541859266085691136,5.638322453767969,-1.2460923753586408,17.50527,15.737434,123.50765,599.8175,0.0,1.7678356,4306.522,4.5829,0.3544,,1.5898679644346345,16.645584,,1237663782589235331,0.07068916,1119,52581,81,5.889259e-05,7.652389398807088,199,199
84962,2541957466218282112,5.993633552699596,-1.1072546379497075,17.115505,15.216626,273.08954,568.41833,0.0,1.898879,4241.2124,4.6614,0.3868,,2.2869073378406584,16.179867,,1237663782589431964,0.020670466,1119,52581,52,-4.358379e-05,7.976109630683759,1237,1237
84984,2541983167302605184,6.168283371885773,-0.9979544115398282,17.672794,15.871684,126.329025,341.6695,0.0,1.8011103,4231.1104,4.6816,-0.0049,,1.6308099096695408,16.79237,,1237657189834162373,0.040264003,1122,52876,6,1.317164e-05,7.854386551492816,1899,1899
84988,2541986878154381696,6.233395342227234,-0.8662266791599368,17.05283,15.2390175,220.74533,481.8429,0.0,1.8138123,4148.846,4.5294,0.0049,,2.173084895945479,16.165966,,1237657189834162383,0.019417947,1119,52581,2,-3.917164e-05,7.851349500145741,1954,1954
84999,2541994265498130432,6.377288852589472,-0.7859408422764131,18.33433,16.758322,82.86826,167.41367,0.0,1.5760078,4266.1055,4.578,-0.0197,,0.9945507899128048,17.581026,,1237663783126433997,0.039888088,1120,52589,5,-6.326268e-05,7.569160910578976,3874,3874
85034,2542067108142955136,5.216381584452229,-1.0671451212494405,17.340181,15.653863,205.96973,451.53934,0.0,1.6863184,4361.777,4.5829,0.2643,,1.7112942587713589,16.530972,,1237663782589038846,0.03945052,1122,52876,123,-0.0002186613,7.697594993778772,3386,3386
85043,2542070166159668864,5.200968036909383,-0.9579252023899096,16.395079,14.848376,404.0937,720.1795,0.0,1.5467024,,,,,1.7707078075617342,15.671345,,1237657189833769136,0.06881532,1120,52589,136,-2.136262e-05,6.912079268188599,2460,2460
85052,2542109714218484992,4.941744768824585,-1.0434325351268519,17.8354,16.181429,94.3037,239.5773,0.17977437,1.6539707,4257.6313,4.5443,0.183,,1.1184578088590924,17.044333,,1237657189833638043,0.049779005,1122,52876,216,8.68116e-05,7.287430534387067,3735,3735
85071,2542126825368187904,4.868573744943517,-0.8848717971904456,16.489119,14.927511,309.01346,657.2577,0.06571577,1.5616074,4326.149,4.6224,0.1734,,1.6826227227661021,15.776889,,1237657189833572486,0.025455186,1122,52876,213,-6.811987e-05,6.90682259482201,3744,3744
85074,2542129917744638080,4.666138855220884,-0.8588751598049307,16.274006,14.589951,265.1974,679.3832,0.0,1.6840553,,,,,2.670877583744273,15.473081,,1237657189833506931,0.015828442,1119,52581,241,-0.0001324772,7.606350550799704,644,644
85077,2542132387349837184,4.729154346022435,-0.7610127848729213,18.271664,16.794865,62.39839,131.72533,0.0,1.476799,4212.37,4.7019,-0.4486,,0.779893353552128,17.59029,,1237663783125713037,0.03869908,1122,52876,217,4.623049e-05,7.050466165529805,725,725
85087,2542142081092850304,5.652321195927025,-1.1249058156544105,18.136923,16.436516,116.49331,243.54715,0.0988238,1.700407,4206.0825,4.5183,0.0441,,1.3331254825361853,17.317768,,1237663782589235345,0.03229761,1121,52873,89,-0.0001963032,7.942123246874527,1137,1137
85126,2542167094982368128,5.447657835402032,-0.8190247455945688,17.96925,16.244364,116.910835,209.96869,0.0,1.724886,4246.016,4.4697,0.0601,,1.3063829652476855,17.127804,,1237663783126040775,0.06493524,1122,52876,95,0.0001262807,7.70815634611812,2696,2696
85150,2542187435947576064,6.244986776548559,-0.6651499639863545,17.421951,15.938112,182.1201,402.13107,0.0,1.483839,4291.479,4.4928,-0.2573,,1.3475415691397399,16.74054,,1237663783126368420,0.042285774,1122,52876,65,-5.619404e-06,7.3882504069751285,2360,2360
85157,2542198018746972544,5.91924617356214,-0.5698276701165994,18.185139,16.639185,102.99061,186.48787,0.0,1.5459538,4301.678,4.633,-0.014,,1.2252222039132548,17.451145,,1237657190370902119,0.04935031,1087,52930,315,-0.000199207,7.892219465344972,2157,2157
85180,2542213618068092544,5.239602163987537,-0.7852215711580925,17.709064,16.034178,163.52386,379.48517,0.20024037,1.6748867,4245.758,4.6375,0.0566,,0.8827953296909852,16.925907,,1237663783125975105,0.060297415,1119,52581,138,4.363507e-05,6.6552072696078355,3934,3934
85207,2542232034887852800,5.217575486677144,-0.6184476433325495,18.251646,16.624779,85.865906,263.4963,0.27340606,1.6268673,4242.321,4.5232,0.0135,,1.0263465380971444,17.476152,,1237657190370640017,0.04189103,1118,52559,131,4.947105e-05,7.532622528859481,182,182
85241,2542248866863068416,5.629738749780378,-0.4757655190302098,17.902952,16.478672,98.44014,204.78383,0.0,1.4242802,4346.832,4.6192,-0.2455,,1.1200665277081572,17.239012,,1237657190370771176,0.015437178,1121,52873,102,-8.019814e-05,7.48523085894189,1372,1372
85275,2542279485686593152,5.556769650566291,-0.10845433552558656,16.919153,15.507166,256.79785,414.99252,0.0,1.4119873,,,,,0.972690652282894,16.273886,,1237657190907641874,0.037807655,1122,52876,156,-0.0001059544,6.213759438199489,3298,3298
85339,2542488873932325248,9.44022222252835,-1.075010175096942,17.579008,15.95182,117.39703,307.61282,0.0,1.6271877,4207.7104,4.6356,0.0025,,1.371031251058767,16.811716,,1237663782590939229,0.07600951,1127,52932,42,6.27472e-05,7.496952850405261,909,909
85472,2542559929871226112,9.08222289348291,-0.7449907324599598,16.294704,14.873508,333.48587,975.38904,0.0,1.421196,4450.672,4.5673,0.1211,,1.8312634220513846,15.6493225,,1237663783127613573,0.07467448,1127,52932,94,0.0001213954,6.963076613892017,1582,1582
85529,2542676581182482048,7.779606000414239,-0.9676786355106459,16.35268,14.514322,326.63254,1043.2406,0.0988074,1.8383579,4148.1514,4.6779,0.1329,,3.053536912056222,15.453799,,1237657189834883202,0.082377784,1123,52882,293,1.50929e-05,7.877815118959727,1318,1318
85721,2542779591678874112,8.025098774600139,-0.7656364390197706,17.874237,16.14317,110.93453,365.3982,0.016743,1.7310677,4147.7983,4.6765,-0.001,,1.3164956249842874,17.034397,,1237663783127154876,0.019025672,1126,52618,293,4.685911e-05,7.631494226167682,56,56
85822,2542820582846829824,8.589577416456146,-0.32521201641206327,16.421299,14.773192,320.54156,708.54846,0.0,1.6481066,4276.249,4.6544,-0.1791,,2.753113773437852,15.642039,,1237663783664287931,0.046768475,1125,52606,236,-0.0003645589,7.841160094727002,1657,1657
85872,2542848242435403520,9.882737668624396,-1.0761252544704065,16.874426,15.807755,201.6019,327.08087,0.0,1.0666704,4895.7593,4.1958,-0.5936,,0.8792221084811909,16.42382,,1237663782591135747,0.08326393,1133,52993,20,-0.0001938338,6.144313496132735,681,681
85876,2542851334811854976,9.722137062330598,-1.008673075327593,16.616129,15.434378,431.70764,564.83136,0.0,1.1817513,4704.952,4.5023,-0.546,,1.147013368556808,16.10707,,1237657189835735062,0.086073615,1134,52644,64,-0.0001820836,6.404913321235924,3732,3732
85916,2542868544744795392,9.526556627655127,-0.86828247148742,17.357656,16.356133,191.32382,233.83592,0.32304332,1.001524,5041.9697,4.1895,-0.789,,0.6899529753051659,16.939476,,1237657189835604039,0.08782042,1134,52644,71,-0.0001553253,6.1335734722218405,133,133
85945,2542877620011712256,9.782627199468164,-0.6970499961578983,17.474413,16.06582,132.98866,222.09663,0.15139252,1.4085922,4373.9727,4.5209,-0.0613,,1.1575356478495513,16.86613,,1237663783127941243,0.018017692,1127,52932,2,-3.45754e-05,7.183802701717571,3044,3044
86002,2542907169385629952,10.236510813404012,-0.52936580073476,17.806707,16.708925,149.99338,124.16383,0.15660451,1.0977821,5031.1147,4.8183,-2.416,,0.5854887222737143,17.479574,,1237656971300831325,0.07654675,1134,52644,2,-0.0002024099,6.317166873876712,339,339
86139,2542975025574253312,9.630506879980034,-0.26541947440989627,18.406576,16.804777,62.174816,153.10999,0.0,1.601799,4196.098,4.6866,-0.0501,,0.9987236813570081,17.638887,,1237663783664746617,0.08163633,1126,52618,61,-2.839834e-05,7.63611414451751,529,529
86151,2542981730017696512,9.76613430617097,-0.17247542850393677,17.927845,16.299702,95.48981,216.95705,0.09681435,1.6281433,4261.087,4.6557,0.3859,,1.2308038151235983,17.27982,,1237657190909476977,0.095409654,1125,52606,78,1.744356e-06,7.730763657327742,1039,1039
86196,2543018323139666688,10.472661321883788,-0.11381311842638195,17.644209,16.420462,138.43227,241.74623,0.0,1.2237473,4658.3228,4.5087,-0.1235,,0.6268498051395316,17.10558,,1237657190909804683,0.012009512,1495,52944,228,-0.0001844912,6.091396852200575,3165,3165
86261,2543080338172081024,10.015996078379061,0.026727825257492146,16.917103,15.826405,282.90137,354.9313,0.0,1.0906982,4883.0874,4.476,-0.5267,,0.8882514638893453,16.453592,,1237663784201748527,0.04921029,1086,52525,37,0.0001009039,6.19627195993586,3580,3580
86301,2543108998489212544,10.402093102195199,0.18796863752179369,16.896456,15.136579,196.38574,348.42935,0.0,1.7598772,5329.1167,4.6491,-1.0885,,1.6342421169940344,16.055721,,1237663784201945254,0.04163954,1495,52944,440,-6.552614e-05,7.1223032767591405,2315,2315
86341,2543133011650573824,9.148057773036452,-0.4378880794427961,17.327017,16.121943,207.89442,275.47717,0.0,1.2050743,4668.6323,4.6782,-0.4992,,1.020056273794381,16.799482,,1237657190372343958,0.100775726,1134,52644,160,0.0001963491,6.8426030020584605,3647,3647
86389,2543153803588998400,9.186623440154865,-0.20541568235853044,16.154358,14.607995,386.41513,623.45917,0.33299628,1.5463629,4338.4644,4.5468,0.1924,,2.022130783500207,15.476659,,1237657190909214760,0.076603815,1125,52606,142,7.033927e-06,7.005705024254436,3316,3316
86394,2543157480080981376,9.028636042032304,-0.19264852643121755,18.149519,16.828709,94.752914,169.28253,0.0,1.3208103,4551.487,4.6664,-0.0725,,0.772857926228244,17.55418,,1237657190909149349,0.036404803,1494,52937,153,-9.064283e-06,6.9946784717372665,1345,1345
86405,2543159816543209472,9.142300942053721,-0.10730099658286432,16.48372,15.283379,323.40643,755.1821,0.0,1.2003422,4751.709,4.5447,0.3077,,1.1496390818044464,15.956575,,1237657190909214745,0.09005789,1494,52937,160,-2.77792e-05,6.259382989434226,1404,1404
86489,2543191732443972096,9.544779145423666,0.17297696656866043,17.790472,16.134274,113.01769,258.1346,0.2336523,1.6561985,4307.6523,4.5581,0.2508,,1.2169922500706973,17.003443,,1237663784201552107,0.04340347,1124,52914,556,-1.174457e-05,7.429881827321427,3573,3573
86495,2543194687381474304,9.495888334261005,0.17716747379379558,17.091646,15.960308,167.4971,305.75018,0.141203,1.1313381,4779.32,4.4964,-0.5506,,0.9158571530242812,16.607328,,1237663784201552063,0.03399229,1134,52644,485,-6.439335e-06,6.416467123370374,1725,1725
86517,2543208057615875072,9.031812194433952,-0.047688549610586536,16.603235,15.4104805,258.592,548.1247,0.0,1.1927547,4659.1567,4.4303,-0.4999,,1.163699152898385,16.085884,,1237657190909149218,0.017462926,1135,53024,482,-0.0002662532,6.415087685138712,283,283
86519,2543208332493801216,9.10138698672081,-0.03168812867949729,17.371675,16.297453,210.96059,254.25949,0.0,1.0742226,4936.959,4.6177,-0.3462,,0.7708743524065785,16.906328,,1237657190909214813,0.07654325,1135,53024,518,-6.288409e-05,6.341246184263593,3790,3790
86536,2543214242368777216,8.964055726628603,0.11468114538184944,17.336275,16.000948,252.59302,329.59644,0.0,1.3353271,4437.6875,4.4188,-0.3907,,0.7892343329193032,16.736034,,1237663784201289962,0.0517501,1123,52882,493,-0.0002476278,6.222064240688503,4043,4043
86617,2543259322345852544,9.175487064616814,0.3820401134592979,17.995628,16.925621,102.61172,131.53539,0.0,1.0700073,4942.3555,4.6612,-0.6229,,0.5786805487032788,17.523106,,1237657191446085789,0.031294107,1134,52644,469,-0.0002182095,6.335300044277055,3915,3915
86636,2543264476306290048,9.035067000184336,0.4636548717716584,17.48286,15.932557,125.92045,341.16333,0.0,1.5503035,4407.4746,4.5755,0.19,,1.2842822052357408,16.76164,,1237663716018290812,0.0025148827,1124,52914,490,-6.104571e-05,7.304942874185311,4066,4066
86679,2543284542392537984,9.981671215803118,0.4084036061963008,17.629538,15.964476,137.34653,264.84824,0.0,1.665062,4229.197,4.487,-0.1628,,1.4236873166838342,16.840347,,1237657191446478924,0.027585857,1126,52618,587,-0.00019409,7.607420370145228,3701,3701
86760,2543323398960984064,10.094869453171711,0.5920210128417513,18.15775,16.635975,93.9125,221.05789,0.085237876,1.5217743,4146.0615,4.5858,-0.432,,0.8572662680557899,17.462423,,1237663716018749611,0.047717985,1126,52618,631,-0.0001581757,7.128002001217883,2641,2641
86786,2543334226574242176,10.061547990150826,0.7104617505783316,16.844389,15.232387,312.2695,765.7386,0.0,1.6120024,4412.348,4.5387,0.3315,,1.7509289085768007,16.081825,,1237663204918558869,0.09259861,1124,52914,610,5.252523e-05,7.29816782217441,1835,1835
86803,2543342713429546624,9.469969783495088,0.4653354142127421,16.446869,15.019608,296.35812,695.9854,0.0,1.4272614,,,,,1.380439085245427,15.801011,,1237663716018487321,0.02312156,1125,52606,556,-5.821404e-05,6.50109732175045,1420,1420
86829,2543351475162842368,9.637104916745365,0.6017688398552102,17.786215,16.129555,96.67158,320.14056,0.112606496,1.6566601,4154.742,4.5852,-0.0266,,1.3836351959563917,16.99662,,1237663716018552967,0.024812432,1126,52618,559,-6.686293e-05,7.701728182052065,1697,1697
86851,2543361508206427648,9.190214550022384,0.6304681541389974,16.194765,14.620451,317.92538,725.6693,0.56761086,1.5743141,4220.8906,4.2086,-0.1717,,1.9238303369420509,15.463532,,1237663204918165715,0.06780644,1126,52618,488,9.190704e-05,6.884366292096139,1594,1594
86962,2543453042550077568,7.5080340544465445,-0.6898942662296875,18.075377,16.784397,104.97032,175.53734,0.0,1.2909794,4481.732,4.4132,-0.7157,,0.42702841193821034,17.496773,,1237663783126958163,0.038813785,1087,52930,47,-0.0004757028,5.649056622942018,1787,1787
86977,2543482042169175680,6.715940930126634,-0.7271621765387213,18.106594,16.670458,100.56554,143.51564,0.0,1.4361362,4486.089,4.5748,0.1723,,0.7888676793370706,17.443914,,1237663783126565039,0.008119521,1493,52933,215,1.878539e-05,6.928935228276046,3305,3305
87013,2543538426499857152,6.925050483882859,-0.21032715044470363,16.418541,14.987161,338.96954,547.8133,0.06628578,1.4313803,4415.423,4.4627,-0.8102,,1.5102778649751543,15.770837,,1237667172392304690,0.031038495,1493,52933,170,-9.900948e-05,6.6661211166833745,3049,3049
87069,2543568319472682368,7.565637338894938,-0.31306852180313793,17.006697,15.87432,248.551,413.33832,0.0,1.1323767,4855.2017,4.6129,-0.3116,,0.8760063359784336,16.522112,,1237663783663829023,0.012145371,1133,52993,301,-3.350011e-05,6.234648129422563,2706,2706
87070,2543568594350590976,7.679229828198012,-0.33012582490414716,16.735317,14.900309,265.5748,863.225,0.0,1.8350086,4205.6226,4.535,0.2422,,2.0435025410430963,15.837726,,1237663783663894718,0.038276758,1126,52618,303,1.030761e-05,7.389601549753355,2905,2905
87182,2543642295989347840,7.084480297981631,-0.006042317697652597,17.223259,15.811175,231.43715,371.34717,0.0,1.4120836,4353.1626,4.5115,-0.0843,,1.2665716944288732,16.579098,,1237657190908297429,0.024316715,1493,52933,157,8.218286e-05,7.092246638347071,2757,2757
87185,2543647621748824704,7.4795651665086,0.08601872282799257,15.988591,14.84746,636.0764,594.721,0.13881075,1.1411314,4788.4595,4.481,-0.4608,,1.2691749407101864,15.495678,,1237663784200634435,0.08859126,1135,53024,358,-1.061808e-05,6.013285390814648,436,436
87196,2543656280402933760,7.7440091953185295,0.12858128793679635,18.152857,16.211185,83.03569,295.7841,0.0,1.9416714,4105.559,4.3943,0.1417,,1.2456777160953294,17.203829,,1237663784200765613,0.116743885,1124,52914,341,-2.381829e-05,7.680857288807079,1431,1431
87228,2543672974940035712,7.512780450617683,0.21114588500420756,17.631483,16.442678,230.3175,292.6471,0.0,1.1888046,4643.96,4.4233,-0.7848,,0.8571059800588161,17.109549,,1237667172929437819,0.06273482,1134,52644,335,0.0001127789,6.774721194730468,297,297
87231,2543674250546092416,7.618316547213866,0.2531485207976482,17.275057,16.168783,149.67989,297.3568,0.10021489,1.1062737,4818.8623,4.6443,-0.4313,,0.727011041173713,16.813675,,1237657191445430385,0.03826138,1133,52993,357,-5.983495e-05,6.121379959625251,1774,1774
87270,2543698164923762816,6.496550165550424,-0.4377530728599176,16.285791,14.695563,366.29803,623.7566,0.1801793,1.5902281,4372.4097,4.5873,0.2633,,2.393381691038246,15.55842,,1237657190371164225,0.019595645,1119,52581,24,-6.658431e-05,7.453480003411769,622,622
87276,2543704693274048000,6.405518807931132,-0.23690134436343344,18.153782,16.337929,96.412674,412.95398,0.16153762,1.8158531,4188.0664,4.667,0.0207,,1.1297850020053612,17.259811,,1237663783663304826,0.013013031,1119,52581,33,-8.267794e-05,7.524790427074052,2368,2368
87309,2543743554138171392,6.441649128794967,-0.0738555481146277,16.951332,15.87769,272.45425,355.40082,0.0691239,1.0736418,4960.7637,4.6168,-0.3496,,0.875288236349916,16.498371,,1237657190908035111,0.034904953,1493,52933,237,-2.076767e-05,6.209126582767208,218,218
87328,2543763551505841024,6.029483875980094,-0.12266231977811291,18.32127,16.544088,88.80273,245.1607,0.044332728,1.7771816,4306.607,4.5853,0.4588,,1.123842702706177,17.4456,,1237657190907838610,0.069454335,1122,52876,76,-0.0001053184,7.699128159548977,3738,3738
87353,2543777054883040512,6.133743039430291,0.1068122814965387,17.46162,15.6202135,150.73592,404.10843,0.0,1.8414068,4153.7573,4.4892,0.2054,,1.8673966654065528,16.557026,,1237663784200044719,0.015849303,1120,52589,599,2.680901e-05,7.9132088042026965,1929,1929
87427,2543837081345895680,7.009602838624298,0.19290171798653769,17.5993,15.886934,138.15762,289.92484,0.0,1.7123661,4234.9097,4.6512,-0.0361,,1.661763988999968,16.783323,,1237663784200437959,0.02468987,1087,52930,495,-0.0001794768,7.886170005080185,2495,2495
87440,2543867798952071936,7.468059972664725,0.4104630853022785,17.96892,15.98533,111.68952,334.89224,0.31292677,1.9835901,3876.7334,4.586,-0.2523,,1.5098731615563419,16.97394,,1237657191445364850,0.12685902,1123,52882,342,-3.059798e-05,7.86864222299025,189,189
87469,2543923633526814720,6.365152681988084,0.5781468946553725,17.489565,15.690462,154.58888,389.61185,0.0,1.7991028,4108.894,4.6623,0.0049,,1.617980675830896,16.614605,,1237663716017111155,0.02819618,1122,52876,626,-1.115394e-05,7.659471601752323,3528,3528
87507,2543981392247656064,8.606732841796656,0.25031946329772853,17.217556,15.218341,214.9629,639.99927,0.045459192,1.9992151,4110.873,4.5426,0.1664,,2.2122620320887374,16.218103,,1237657191445823659,0.04458151,1127,52932,430,5.081302e-05,7.942286237958854,3114,3114
87515,2543983728709863936,8.731882712139189,0.3451564843469542,16.63363,15.195085,444.64386,514.6218,0.06062741,1.4385462,4496.3086,4.5766,0.3132,,1.407737048947242,15.973156,,1237657191445889120,0.054104913,1127,52932,462,2.007929e-05,6.715763678150342,1326,1326
87542,2544000255744014720,8.552431165071285,0.4403870288042423,16.931452,15.425663,339.036,580.22034,0.0,1.5057888,4403.2837,4.5185,0.214,,1.188413482289792,16.231134,,1237663716018094227,0.048714653,1125,52606,466,-0.0001215277,6.605972265348008,336,336
87591,2544024513719299712,8.620079900363757,0.5264459189478493,16.7649,14.92735,257.53833,883.8832,0.43161798,1.8375502,4169.3564,4.6446,0.1304,,2.1087250313230275,15.868235,,1237663716018094279,0.0409753,1126,52618,467,0.0002019916,7.488334400890768,3040,3040
87674,2544066157722114432,7.960180375467023,0.6730561649665753,16.301697,14.619463,464.4718,1092.3215,1.7086834,1.6822338,4015.942,4.2117,-0.6713,,1.3998134981096944,15.553014,,1237663204917641269,0.045148373,1126,52618,384,-0.0003098384,6.283364686618327,1779,1779
87716,2544084299664046848,8.402552266083694,0.818626574496407,18.296146,16.533623,90.67346,215.99246,0.0,1.7625237,4105.4194,4.6616,-0.0041,,1.0979695749857474,17.4406,,1237663204917837856,0.025137428,1123,52882,416,-8.242515e-05,7.643550970883414,3721,3721
87721,2544085360519114112,8.647259514883539,0.7854571826147752,17.77897,16.384218,104.91613,201.91869,0.0,1.3947525,4364.9604,4.4855,-0.2242,,0.9422217248301629,17.140404,,1237663204917969072,0.0791226,1125,52606,407,0.000104593,7.011169315341203,3081,3081
87756,2544103914778457984,8.402691525458774,0.9488297731630769,18.189669,16.60855,81.76561,174.5857,0.0,1.5811195,4242.249,4.6183,-0.1468,,0.9054102035394025,17.435278,,1237663716554899676,0.017516294,1126,52618,403,1.467024e-05,7.219504861230991,2305,2305
87820,2544132094058858112,9.131042986075672,0.900999827026853,17.88103,16.721493,154.8262,200.91246,0.0,1.1595364,4711.6387,4.4505,-0.8843,,0.5383586856156781,17.374018,,1237663716555227140,0.037951156,1135,53024,527,-0.0003507785,6.029376336154925,3272,3272
87823,2544132987412032384,9.016664560132291,0.9226725487343375,17.65111,16.163149,134.81161,307.71167,0.1605994,1.4879608,4298.468,4.5044,-0.0108,,1.0273339512580455,16.951622,,1237663716555161718,0.03795648,1494,52937,539,3.735775e-05,7.0101802136968665,2783,2783
87839,2544143054815395584,9.122705782316542,1.039380300087811,16.852852,15.62373,173.42253,454.0945,0.08357847,1.2291222,4599.8286,4.4742,-0.4492,,0.9927058010067913,16.312527,,1237663716555227241,0.014185271,1494,52937,526,-0.0002394664,6.296629501599874,708,708
87949,2544202630306454656,8.707950650607584,1.198590202814335,17.166403,15.692359,140.41742,479.0731,0.45142624,1.4740438,4258.585,4.2246,-0.2207,,1.0435762737619725,16.591719,,1237678432718160026,0.021483945,1125,52606,408,2.332371e-05,6.684339656877125,3945,3945
87970,2544252868540580736,7.768900438693645,0.64429159426168,16.287933,14.553483,366.49338,1118.7482,0.0,1.7344503,,,,,2.921395590712962,15.452789,,1237663204917575834,0.038338214,1127,52932,341,-8.390316e-05,7.7807411538691404,2912,2912
88068,2544735244906381056,3.6732297903123565,-1.1114615375825279,16.591223,15.542286,140.19768,290.64917,0.0,1.0489368,4964.687,4.4815,-0.7395,,0.9747184949093154,16.152447,,1237663782588383297,0.051791117,1089,52913,109,-0.0002589384,6.096842780395804,2936,2936
88073,2544770429278407040,2.972880575073514,-1.1104297455199579,18.04576,16.806614,74.73349,197.5146,0.2358042,1.2391453,4678.77,4.5976,-0.0039,,0.5682935978601539,17.472187,,1237663275781587089,0.07936602,1089,52913,273,1.868361e-05,6.245050859767133,2270,2270
88100,2544978404479317504,2.5409032861241836,-0.9217529017653948,17.232721,15.851383,124.55211,245.93355,0.0,1.3813381,4345.534,4.1856,-0.3617,,0.8470528546422869,16.615538,,1237657189832589406,0.11828655,1089,52913,311,1.913246e-05,6.2550901954599,2199,2199
88125,2545129587328152960,4.134105830121052,-0.6931159366680278,18.152573,16.722368,80.40508,225.82666,0.1838668,1.4302044,4314.98,4.5303,0.0245,,0.66686069861771,17.500933,,1237663783125450898,0.025879618,1120,52589,294,0.000102158,6.621108308791747,114,114
88126,2545131133516383872,4.158088032224744,-0.6678314934710956,18.388453,16.689957,57.658127,198.07504,0.0,1.6984959,3991.3823,4.8054,-0.7067,,1.1277055813081496,17.571657,,1237663783125450908,0.030974677,1118,52559,293,-0.0001114788,7.832635830161685,1393,1393
88139,2545138147198467328,4.512949980332225,-0.7090071721624633,18.492447,16.629364,76.10495,204.36153,0.32506117,1.8630829,3725.0608,4.5605,-0.6295,,0.8025453273743062,17.570688,,1237663783125647498,0.022274334,1119,52581,288,3.103229e-05,7.093036100246632,449,449
88145,2545139693386693504,4.516788152061621,-0.6884426646602215,16.783688,15.206661,197.91112,445.01785,0.0,1.5770264,4449.201,4.614,0.4178,,1.1854826514607681,16.038076,,1237663783125647500,0.024390407,1119,52581,282,-0.0001000457,6.407552414892244,287,287
88149,2545141991193294464,4.736132995698753,-0.6639491975937107,18.416346,16.754457,65.8293,147.05173,0.0,1.6618881,4003.4302,4.7381,-0.3613,,0.9823673703336219,17.625868,,1237663783125713049,0.04618399,1089,52913,5,-7.888205e-05,7.587237487616459,3269,3269
88172,2545159411580686592,4.5249139323270064,-0.555026034685614,18.052095,16.631344,65.3886,134.06616,0.0,1.4207516,4356.302,4.5769,0.1611,,0.7241327617786515,17.395153,,1237657190370312301,0.018450217,1118,52559,230,-0.0001131346,6.694244028726356,3391,3391
88200,2545201815793584512,3.8508119167905024,-0.3577065469086728,16.94518,15.745995,152.64345,207.0676,0.0,1.1991863,4928.1963,4.8361,-2.0568,,1.300955388310647,16.425667,,1237663783662190655,0.042249013,1492,52932,303,-0.0005616483,6.996978830157822,8,8
88271,2545259196557506816,4.8097098808054195,-0.2661820071595794,18.058958,16.213556,103.7265,324.71506,0.0,1.8454018,4000.5278,4.6568,0.0362,,1.0715627866635258,17.159449,,1237663783662649411,0.016092198,1121,52873,198,5.682995e-05,7.309536738542867,3819,3819
88276,2545266034145476608,4.926017297433961,-0.15977823370007727,18.382654,16.82025,89.77898,200.02223,0.0,1.5624046,4374.0903,4.6726,-0.0169,,0.9429833804025948,17.638582,,1237657190907379820,0.015265263,1121,52873,192,-3.79278e-05,7.5111024225530265,894,894
88278,2545266205944170752,5.034780594692563,-0.19558237568261244,17.493544,15.551818,149.35745,449.2385,0.0,1.9417257,4119.159,4.534,0.2004,,1.8800090365330502,16.522984,,1237657190907379923,0.03316155,1122,52876,196,-0.0001390539,7.8937832348624255,2997,2997
88329,2545303073943495424,5.4021282703725015,0.18800786770225988,18.347857,16.3678,87.04019,272.03098,0.0,1.9800568,4145.3193,4.4955,0.1656,,1.3536935736980946,17.339806,,1237663784199782494,0.02862231,1118,52559,492,-4.246306e-05,7.997407439126707,393,393
88358,2545321353324209280,4.644995983045998,-0.042602933925833836,16.690151,15.146751,331.2859,563.6941,0.0,1.5433998,4495.946,4.5829,0.4852,,1.5185981626774865,15.96579,,1237657190907248796,0.024784705,1121,52873,226,-2.412455e-05,6.87300414541053,4022,4022
88383,2545340319899781376,4.493569112828213,0.16569010278639668,18.168352,16.456444,86.111626,319.43024,0.0,1.7119083,4142.4214,4.6891,0.0,,0.9797292891720202,17.344074,,1237663784199389336,0.013839452,1122,52876,430,-8.374897e-05,7.299604707015593,3397,3397
88394,2545349287791530368,4.8435001222140786,0.1858042840560773,16.136852,14.895316,474.0654,921.8592,0.044949148,1.2415361,4641.0137,4.5128,-0.0556,,1.5004950418157383,15.589235,,1237663784199520348,0.05215214,1089,52913,602,-0.0001776044,6.470408129263522,3685,3685
88403,2545357774646944384,4.9753142514911035,0.31932149088806117,17.78544,16.023369,127.555695,409.86972,0.0,1.7620716,4147.22,4.5959,0.003,,1.407809309138957,16.9331,,1237657191444250802,0.029966,1120,52589,474,-8.327201e-05,7.675818909948877,323,323
88481,2545523143770922240,4.279193885009892,0.1852344283965102,18.212301,16.756641,63.56254,142.04947,0.0,1.4556599,4315.8447,4.4496,-0.1717,,1.0116625573231939,17.536589,,1237663784199258228,0.033785574,1119,52581,387,-0.0001005777,7.561767051842338,3654,3654
88533,2545573038407809024,4.352606531910092,0.5225475697135946,17.935627,16.214869,104.06197,369.01553,0.27127212,1.7207584,3974.524,4.5189,-0.4669,,1.4367670950520057,17.135061,,1237663277929660632,0.05791046,1122,52876,381,-6.708386e-05,7.921993129999372,1601,1601
88573,2545632034078577024,4.240889361961492,0.83350879866431,16.465113,14.700116,402.56268,733.3098,0.0,1.7649965,4288.5044,4.6565,0.4867,,2.4369721803046467,15.608868,,1237657191980794157,0.04062569,1120,52589,332,-0.000173574,7.543120502493938,1396,1396
88588,2545645812333626368,4.089487016578972,0.9098996038491626,16.95669,15.117043,254.04234,697.19104,0.14090696,1.8396473,4201.146,4.565,0.331,,2.1201076869855386,16.053535,,1237663278466400382,0.015477673,1119,52581,325,3.729404e-05,7.6853250648332825,53,53
88673,2546273221155572864,3.3391484886690743,0.6014979208719893,16.792788,15.771808,214.4588,356.30835,0.051916573,1.0209799,5066.3086,4.6657,-0.4323,,0.7148578158035256,16.366167,,1237663277929201742,0.084094144,1491,52996,474,-1.894664e-05,5.637265417679085,3291,3291
88675,2546292909285646592,3.1768548949094852,0.8706629382264204,17.790735,16.749075,60.841087,137.47554,0.0,1.0416603,4932.332,4.715,-0.9605,,0.6776702854232395,17.334633,,1237663278466007167,0.067129545,1089,52913,432,-0.0004056038,6.4897250888118485,1938,1938
88686,2546376094212534528,3.7664642345384918,0.9128026742915802,16.731445,15.555454,241.49086,349.8,0.052181523,1.175991,4709.787,4.5108,-0.4103,,0.9277353610038678,16.219488,,1237663278466269245,0.04758764,1089,52913,549,-0.0001136234,6.056608695023925,1729,1729
88766,2546826722181412608,5.862508291510217,0.4641594298151971,18.41394,16.639282,54.922333,131.89833,0.0,1.7746582,3871.886,4.7878,-0.5166,,1.1006378221468076,17.55765,,1237663716016914453,0.021529105,1119,52581,547,-6.385212e-05,7.765871776224486,2944,2944
88772,2546830158155286016,6.205925703456037,0.5097933759662581,18.387552,16.678007,58.896893,193.45859,0.0,1.7095451,3913.4802,4.5965,-0.3102,,0.9647727128463395,17.571823,,1237663716017045692,0.07192534,1119,52581,586,-1.34438e-05,7.493948178115762,1901,1901
88774,2546830433033192448,6.179061898077116,0.5253795824746015,16.858438,15.852686,326.54605,343.91415,0.0,1.0057526,5117.519,4.4627,-0.3814,,0.6554297835248566,16.431112,,1237663716017045543,0.04835343,688,52203,548,-0.0004297479,5.513743151244302,2412,2412
88799,2546853999517371776,5.992177764167795,0.7951562898744063,17.202478,15.633857,239.17354,358.54358,0.0,1.5686216,4499.6147,4.658,0.4927,,1.2719028334542037,16.462786,,1237663204916789337,0.03972861,1120,52589,611,7.166469e-05,6.985055394893035,175,175
88803,2546857096190060672,5.241607423815424,0.35600012083551746,16.486975,14.820317,403.43115,658.06616,0.0,1.6666574,4235.3145,4.6628,-0.0206,,2.145863069636506,15.696555,,1237657191444381789,0.0305163,1118,52559,481,-4.51636e-05,7.354565165675368,653,653
88819,2546868297464787840,5.506597990386069,0.6061077148699354,17.887056,16.139336,84.06652,398.5079,0.0,1.7477207,4150.7,4.5748,0.002,,1.1805923693285836,17.032173,,1237663716016717992,0.042305224,1121,52873,538,-5.931594e-05,7.392673016058286,2521,2521
88851,2546895922694452992,5.509555054732709,0.7205446781961776,18.132128,16.93402,91.40194,166.98167,0.094607264,1.1981087,4736.359,4.5233,-0.3962,,0.7521669960519086,17.591084,,1237657191981383779,0.036613155,1492,52932,527,-0.0003847053,6.972654893214479,2961,2961
88911,2546952547543378304,6.1224338920158985,1.0144947164357387,17.2271,15.757878,207.36731,446.07617,0.08625876,1.4692221,4344.6777,4.4447,-0.1742,,1.2099644654647876,16.551254,,1237663278467317859,0.038537707,1119,52581,606,0.0001228149,6.965117352641659,1169,1169
88918,2546965329366147200,6.719672204296745,1.0688629993638457,16.372597,15.276738,489.1074,650.8163,0.0,1.0958586,4868.8145,4.6856,-0.5011,,1.1402061080003631,15.907376,,1237678434328117380,0.0377111,1493,52933,410,-3.105537e-05,6.192293105157585,2433,2433
88943,2547017659247571328,5.830128660782303,1.1787895781455264,16.505682,15.227409,294.81873,774.6474,0.0,1.2782726,,,,,1.4708880059513398,15.942755,,1237657192518385686,0.038984098,1119,52581,572,9.7449e-06,6.7806527785671165,2902,2902
88954,2547075177450344320,4.876966153832725,0.827332083462599,18.056746,16.0778,121.91561,345.05536,0.07719781,1.9789448,4101.707,4.5042,0.0997,,1.4958883367198466,17.055548,,1237657191981056168,0.06512342,1120,52589,416,-1.572302e-05,7.93004359445467,692,692
88963,2547081190404218496,5.031861367363609,0.896015343047421,18.14033,16.637075,71.54135,173.53654,0.0,1.5032539,4399.804,4.5407,0.0242,,0.7452382791278276,17.437407,,1237663278466859119,0.075673774,1118,52559,415,-4.607215e-06,6.798882311476987,1560,1560
89028,2547143965646158720,4.467613618365907,1.1040507487473492,17.558617,15.883857,205.05724,483.775,0.15004048,1.6747599,4224.593,4.3213,-0.0801,,1.324145992745298,16.75624,,1237657192517795976,0.02428349,1121,52873,366,-8.194874e-05,7.365920197542099,225,225
89038,2547152967897643520,4.77378840145784,1.2259642422281962,18.010782,16.462746,110.492294,282.0965,0.06914684,1.5480366,4164.4404,4.3398,-0.3199,,0.8738189172482722,17.299189,,1237657192517926986,0.0133921355,1119,52581,366,-0.0002644437,7.006295826331602,2745,2745
89052,2549046567437618048,11.406969486061772,0.1910783568246548,16.59915,15.175314,340.46167,595.564,0.0,1.4238358,4444.836,4.5608,0.2567,,1.3341074862306894,15.948354,,1237663784202403956,0.06969698,1496,52883,360,7.42007e-05,6.574307873304928,3268,3268
89054,2549048727805452800,11.481776776920844,0.26713204685091274,17.924793,16.471401,112.14513,243.14148,0.0,1.453392,4269.4863,4.4589,-0.3473,,1.0307196145287805,17.251978,,1237657191447134325,0.0751335,1128,52637,344,0.0001470268,7.317680624137431,3444,3444
89137,2549110304752255616,10.955096336510334,0.40838367058599645,17.18765,15.46786,235.91798,486.34027,0.2740964,1.7197905,4331.815,4.5602,0.4356,,1.288594108273358,16.368065,,1237657191446872252,0.0352103,1085,52531,484,8.840162e-05,6.918645587011202,623,623
89160,2549141606473901440,10.928046722991024,0.8253746464322158,17.319777,16.047312,58.69019,57.22673,0.7855383,1.2724648,,,,,1.4340824764251967,17.09631,,1237663204918952073,0.10654129,691,52199,371,9.495625e-05,7.879180307039917,669,669
89198,2549191011482276096,12.240737893681997,0.9420191015437855,17.22518,15.506669,146.53206,385.39774,0.14281966,1.7185106,4296.785,4.2774,0.0403,,1.4136933610676796,16.401918,,1237663716556538140,0.022889853,1128,52637,416,0.0002064487,7.153694503686317,2133,2133
89229,2549219465641017856,12.216879290203783,1.0716792020640584,18.207598,16.240116,76.19942,281.29376,0.0,1.9674816,4131.2227,4.5388,0.3603,,1.372440117367714,17.222664,,1237666340797677712,0.0805676,1130,52669,395,3.646425e-05,7.910130900873593,2953,2953
89236,2549223004694086912,12.48981284468864,1.112968282579434,17.967472,16.516392,112.21869,241.5328,0.0,1.4510803,4265.431,4.4575,-0.387,,0.8601529387224776,17.305304,,1237666340797808820,0.084657125,1130,52669,426,-0.0001140163,6.97818196086099,3861,3861
89254,2549233896731129088,12.287657508904092,1.2046889406236883,16.717304,15.533119,288.2152,339.67834,0.059871066,1.184185,4750.303,4.6816,-0.4197,,1.182888734004607,16.204042,,1237666340797677637,0.07630002,1130,52669,422,-2.034549e-06,6.568761912352677,3584,3584
89260,2549237916820516352,12.134348332327814,1.2404539772777758,16.309029,14.875008,354.3687,762.66266,0.08413827,1.434021,,,,,1.2513784476571395,15.656229,,1237678617423118440,0.10036078,1131,52902,367,-0.0001430417,6.143172373682365,3258,3258
89300,2549337830644012288,10.306129971702582,0.8121191443239628,18.24623,16.8405,55.321926,159.0705,0.0,1.4057293,4365.1377,4.6121,-0.3156,,0.5967380900059205,17.601791,,1237663204918689966,0.09569469,1085,52531,361,-5.729312e-06,6.480710181341543,1168,1168
89692,2558157979778632448,22.477353829961558,0.8088998175212064,17.536428,15.8371935,149.96817,355.41754,0.0,1.699235,4343.0776,4.5674,0.1882,,1.6968086336549673,16.71837,,1237657071693856886,0.079858184,1079,52621,577,-6.239919e-05,7.86653476401883,3108,3108
89707,2558182272113651456,22.395143364791842,1.0570245862110874,17.673052,16.186356,126.50126,344.366,0.0,1.4866962,4239.695,4.5129,-0.3422,,0.9787252100005333,16.985542,,1237657072230662248,0.10827759,1501,53740,589,2.473807e-05,6.938846172456646,2866,2866
89731,2558276894537646208,22.705057301525994,1.1904227378042573,18.148533,16.78702,121.969955,181.34949,0.2959168,1.3615131,4416.582,4.3789,-0.5406,,0.4406995795952277,17.52267,,1237678617427771663,0.08133909,1502,53741,343,5.12542e-05,5.743383926927002,689,689
89736,2558327613806911360,21.764750727373855,0.6952536871769184,18.177557,16.82507,88.4682,234.65964,0.0,1.3524876,4395.7817,4.448,-0.6198,,0.7574432172359741,17.555677,,1237657071693529204,0.040487707,1501,53740,488,0.00027616,6.952427818522292,1700,1700
91399,2617544870537445632,329.8153753788287,-9.440105596769051,17.39641,15.481741,45.268856,39.710857,0.47443494,1.914669,,,,,1.340462528039398,16.849596,,1237656536973115565,0.49096653,717,52468,241,-4.046167e-05,7.485869413575632,186,186
91418,2618180766215461504,327.93418577184605,-9.12501827381326,18.137968,16.85555,60.935444,136.72041,0.0,1.2824173,4486.4507,4.6863,-0.8973,,0.6865352628578106,17.571651,,1237652933500928251,0.015855642,644,52173,124,-4.97554e-05,6.754965703903842,2538,2538
91420,2618219283482259200,327.51085675987395,-9.089929615818319,18.104078,17.020393,84.60573,96.27354,0.0,1.0836849,4910.103,4.5469,-0.911,,0.3904799184975629,17.62333,,1237652933500731648,0.036017742,644,52173,210,-8.012362e-05,5.58132268260214,2434,2434
91785,2629921488815946880,336.5608131325864,-1.0041798422429948,16.86904,15.651969,275.45547,281.41837,0.0,1.2170706,4624.7417,4.4138,-0.3589,,0.8660849476439662,16.338041,,1237656906344824870,0.04724888,1144,53238,9,-0.0001576164,6.025843759183719,2329,2329
91801,2629989658536802432,337.53501786268146,-0.7832086413269579,16.36041,15.306563,192.29439,156.97678,0.0,1.0538473,5127.142,4.4702,-0.3199,,0.9026457933085353,15.907031,,1237656567586160705,0.059508666,1102,52883,137,-0.0001370617,5.684617871797338,165,165
91806,2630012469107503360,338.03541056875304,-0.5347600229156605,16.86803,15.60168,124.44788,143.78836,0.024235904,1.2663507,,,,,0.7841148563175042,16.965147,,1237663542612656162,0.36187983,1102,52883,115,-6.539251e-05,6.43704543014201,1720,1720
91842,2640986557225377664,355.63688698982253,-1.1973485015490508,18.324673,16.78586,78.02277,172.21835,0.0,1.5388126,4127.183,4.5862,-0.4297,,0.8227245254743344,17.611525,,1237663275778375803,0.037872545,1093,52591,83,5.668188e-06,7.187796801145939,1746,1746
91858,2641142211135941120,354.05423922646384,-1.1093807902208825,17.859951,16.35412,114.51316,206.41351,0.084243245,1.5058308,4406.93,4.6658,0.0206,,0.929482134534506,17.162823,,1237663275777654953,0.11226142,1094,52524,42,-3.44779e-05,7.004027956716605,3215,3215
91897,2641720966568904448,356.11222626820177,-1.2559880901849294,17.24624,15.980482,199.563,419.51486,0.0,1.2657585,4553.459,4.4522,-0.45,,0.8934100979124782,16.685175,,1237663275778572432,0.09555867,1093,52591,48,0.0002653316,6.440429226253368,1972,1972
91900,2641727597998416384,356.15372568533434,-1.2093980755036302,16.875216,15.684922,249.17598,460.81793,0.15553276,1.1902933,4668.389,4.4412,-0.6174,,0.8532440030888679,16.355326,,1237663275778572394,0.08035474,1093,52591,11,-9.885146e-05,6.010691921756724,2378,2378
91910,2641761025728349056,356.7763265672631,-0.8631424166514312,17.21292,15.9240265,96.2594,316.2911,0.0,1.2888927,4524.154,4.4652,-0.3103,,0.9756482293011344,16.646511,,1237656906353672333,0.05050359,1092,52639,291,-9.376343e-05,6.592977381321152,3234,3234
91944,2641906921473096704,356.98603939434224,-0.39709045219075056,16.448753,14.969289,279.74603,733.82776,0.11857854,1.4794645,4439.503,4.6225,0.2439,,1.7919315458858627,15.765225,,1237663783659176099,0.012308614,684,52523,320,-8.236511e-06,7.031832485607936,827,827
92054,2642582227770777344,355.30799324495433,-0.5326539332895355,18.493793,16.614214,31.00203,158.98106,0.3303604,1.8795795,3727.4685,4.5912,-0.3985,,1.0425176146225785,17.591269,,1237666407366590629,0.07646247,1093,52591,187,0.0001290802,7.681685547675713,1682,1682
92113,2642738014824587776,356.42126250577576,0.1224341978777486,16.74618,15.54539,249.73517,603.6241,0.0,1.2007895,4663.0513,4.4862,-0.4054,,1.0632805869128734,16.220053,,1237663784195850243,0.08619665,1092,52639,357,-4.302596e-05,6.353292142711993,115,115
92234,2643236574629827712,358.45088874351296,1.1535605942109122,17.853865,16.642426,117.79617,153.87732,0.0,1.2114391,4637.4966,4.8428,-1.4994,,0.9842770081790644,17.318466,,1237657192515174494,0.059053633,1488,52965,619,-0.0004267177,7.284052889012351,2502,2502
92347,2644670887546699648,352.7310887673437,0.41324603888955846,16.62469,15.522692,266.41693,432.11475,0.18161406,1.1019974,5383.3945,4.6742,-0.673,,0.9297189794296151,16.154306,,1237666408439218257,0.0672203,1094,52524,383,0.0001445396,5.996064895769996,3845,3845
92389,2645183397404160640,349.87791294587566,0.257175607483682,17.272648,15.747073,174.33188,348.78888,0.17365545,1.5255747,4207.8213,4.4829,-0.214,,1.004437372961771,16.56484,,1237666408437973194,0.05047229,679,52177,584,-0.00021636,6.57445463431414,932,932
92478,2646010294572248064,354.96532283413313,0.7136555990513388,18.170881,16.882086,72.43641,146.46083,0.0,1.2887955,4401.092,4.3777,-1.4226,,0.6278664169564735,17.609653,,1237657191976730815,0.070224896,1093,52591,461,-0.0001449967,6.5989897445344,1521,1521
92695,2654212655610757504,339.4181973055873,0.49054597114042764,16.303295,15.216599,218.07611,187.96408,0.0,1.0866957,4934.4146,4.4007,-1.0694,,0.9048386098566036,15.895446,,1237663479798300783,0.032324344,1101,52621,481,-3.533642e-05,5.6783014429045,282,282
92881,2667456719843603328,325.6176045169349,-7.15393790704738,17.03565,15.232326,56.42609,48.878807,0.5923553,1.8033247,,,,,1.5834726360687525,16.601995,,1237652935647297993,0.22433603,1178,52825,332,-9.866202e-05,7.600048281870251,2580,2580
92905,2667707477214595456,324.80762301904633,-6.763497973629726,16.549006,15.344787,318.67694,622.46277,0.0,1.2042189,4781.191,4.6274,-0.037,,1.0414317818813483,16.01757,,1237652936183840993,0.07412195,1177,52824,363,-3.696612e-06,6.105724631197059,1875,1875
92956,2674989748884025600,325.5081997414345,-0.8510753938102411,16.781158,15.6018095,237.70984,224.64417,0.0,1.179349,4955.086,4.6466,-0.5056,,0.739097684965908,16.37231,,1237657189816336555,0.053732965,1108,53227,206,-0.0001257819,5.715819848250224,16,16
93005,2677090739510443904,332.7307977142714,-0.7769787143287411,16.496433,15.446732,51.215816,52.683712,0.068474926,1.0497017,5254.495,4.6894,-1.2347,,0.7812843085016105,16.134584,,1237656567584063510,0.01062535,1105,52937,5,-0.0001022622,5.598629936501505,1718,1718
93028,2677297829948946048,332.3267764841201,-0.6393904536947057,17.298244,16.287771,149.0214,161.35396,0.11637417,1.0104733,5061.38,4.5996,-0.9282,,0.5579546505726797,16.882648,,1237656567583867120,0.026907116,1104,52912,308,-4.296315e-05,5.6156429769849865,109,109
93047,2677377608966297472,331.6283345418911,-0.30465953783028715,17.662394,16.577787,138.33179,215.84145,0.0,1.0846062,4827.033,4.3786,-1.3765,,0.4947877054252481,17.197542,,1237653011887226993,0.015322739,1105,52937,168,-0.0001402661,5.669636688866785,2939,2939
93056,2677595557081989504,335.8745847478011,-1.0098165602801874,15.990992,14.803777,295.67758,503.5484,0.0,1.1872149,4943.164,4.5105,0.3304,,1.232955225685448,15.466236,,1237656906344497249,0.040100582,1138,53228,82,-9.940414e-05,5.920972642692249,2459,2459
93148,2677876173065183616,335.1337295290906,-0.4894490595455206,15.744376,14.5952835,381.3656,646.4723,0.107332125,1.1490927,4989.266,4.5052,-0.1175,,1.3724934766063481,15.2469015,,1237663542611345493,0.041383594,1144,53238,221,-9.541755e-05,5.934452956880145,392,392
93188,2677977877890715904,335.9684470249577,-0.8176390462637,15.693245,14.613716,376.71204,434.48627,0.0,1.0795288,5211.827,4.5871,-0.3877,,1.3095178275168586,15.236899,,1237656567585439834,0.039260864,1144,53238,95,-1.001443e-05,5.8224564519191695,3085,3085
93198,2677997836603233280,336.64575194126655,-0.6570578776969066,17.784857,16.72026,65.79999,109.30957,0.0,1.0645962,4973.0176,4.699,-0.9369,,0.6563160180397566,17.325752,,1237656567585767596,0.020887135,1138,53228,13,-0.0004854632,6.4113172771580444,2326,2326
93222,2678041645269844480,335.6144585597526,-0.6700048271575357,16.319025,15.228433,276.6528,199.27904,0.0,1.0905924,5074.7627,4.4591,-0.1547,,0.8729688437452828,15.850168,,1237656567585308742,0.028441953,1137,52971,179,2.246266e-05,5.555161948218167,2396,2396
93243,2678063639797695488,336.0655293562037,-0.450769318520219,16.361017,15.276828,231.67027,332.99692,0.0,1.0841894,4963.97,4.4637,-0.8536,,1.0799041929845985,15.899343,,1237663542611804166,0.08321886,1143,52619,109,-8.97055e-05,6.066268674065771,1267,1267
93256,2678083018690152832,335.8875832687399,-0.2651945476588247,17.539242,16.257502,96.727646,202.16408,0.0,1.2817402,4521.5244,4.7203,-0.7192,,0.9032652787041247,16.969282,,1237663478723051685,0.09903381,1137,52971,150,-0.0002049949,6.748358732167844,2643,2643
93268,2678119543092111872,336.63331343051436,-0.20749072898021836,17.493383,16.247232,133.28252,173.09369,0.0,1.246151,4598.612,4.764,-1.0319,,0.6302869983352207,16.946348,,1237663543148871919,0.0710424,1144,53238,32,-0.0002310102,5.944039932904534,1501,1501
93313,2678245574612362624,335.6818391295045,-0.33228932641238307,15.73388,14.674231,480.93137,548.27673,0.0,1.0596495,4968.725,4.3793,-0.759,,1.103351601028786,15.286661,,1237663478722920583,0.05058961,1137,52971,144,-1.843346e-05,5.500230795739737,2011,2011
93393,2678393179753013760,335.9261752945276,0.2093911511289206,17.994862,16.66795,88.402534,136.98349,0.20715936,1.3269119,4724.7246,4.8117,-1.3956,,0.6645955767824654,17.3955,,1237663543685480585,0.037973527,1143,52619,510,-0.0001276953,6.508287415626935,3849,3849
93412,2678416063339311104,336.3426793138807,0.45655614910788217,17.796772,16.757734,73.84102,83.18473,0.0,1.0390377,4980.1343,4.7843,-1.5603,,0.4443479838742847,17.365107,,1237663479796990165,0.053774927,1144,53238,547,-0.0001373969,5.603722652633964,3581,3581
93423,2678436133721377408,336.2276810958729,0.6945652342304627,16.661367,15.333568,246.99821,580.524,0.12229865,1.3277998,4669.1196,4.7559,-0.8751,,1.827937337148087,16.069204,,1237663544222482456,0.03342195,1103,52873,586,-0.0005147294,7.379010849257085,3699,3699
93449,2678481522935765760,336.1157749815344,0.6534284658334925,16.103165,14.910903,411.87128,486.63654,0.06631886,1.1922617,4829.44,4.5089,-0.0733,,1.237653353956988,15.580507,,1237663544222416929,0.024677861,1137,52971,573,-6.678085e-05,6.04350239384809,2321,2321
93498,2678722281622517760,334.4423795619937,0.19834022232505416,16.970018,15.7574625,146.65988,208.66963,0.0,1.2125559,4854.3276,4.4137,-0.7055,,0.7401516772718424,16.440817,,1237663479259267130,0.075706325,1137,52971,345,-3.087155e-05,5.787420517469123,2013,2013
93587,2679148170579568128,334.978826534513,0.8034358689354223,16.23479,15.142819,166.03166,394.4658,0.0,1.0919714,4985.778,4.4732,-0.1871,,0.9628557555573847,15.772751,,1237663544221892735,0.07126611,1143,52619,377,-7.342312e-05,5.690557008403552,1976,1976
93704,2679901988879707904,329.92591780549924,-0.892984902325798,18.149147,16.801735,68.37479,113.52736,0.36185244,1.3474121,4377.819,4.8175,-1.1219,,0.828449142507672,17.546452,,1237657189818302776,0.065602295,1106,52912,137,-8.201924e-05,7.137780832403113,988,988
93737,2680103126493145088,329.503461421017,-0.7160214886769751,18.06373,16.676952,76.631134,142.84671,0.113627546,1.3867779,4290.706,4.3958,-0.5061,,0.6016447421763578,17.433765,,1237656567582622028,0.042837515,1106,52912,236,-0.0001635445,6.330466039967796,3981,3981
93789,2680339113471233664,330.57305259990517,-0.17428253393437745,16.634129,15.4821415,243.06323,371.68503,0.07313915,1.1519871,4727.054,4.4655,-0.7268,,1.018617143259113,16.13285,,1237663543146250298,0.08448807,1474,52933,67,6.167909e-05,6.172905552217941,1499,1499
93804,2680372614216063872,331.2230694719502,-0.22957483032769438,17.330784,15.702001,184.05841,262.79446,0.0,1.6287832,4285.346,4.6771,-0.0336,,1.5727762227505977,16.558607,,1237656576699859207,0.028107917,1105,52937,222,-8.472027e-05,7.541941775783496,2548,2548
93812,2680411127188029696,331.6333929853501,0.19162144345396587,17.465885,16.407095,102.722374,244.67973,0.03471173,1.0587902,4976.3384,4.6913,-0.7887,,0.5429723380960371,17.013512,,1237663479258022345,0.032985486,1475,52903,465,-0.0001606053,5.687400182102371,3433,3433
93879,2680810357283054592,328.0233453499273,-0.668471874458953,18.115864,16.87921,46.61103,93.311745,0.12941094,1.2366543,4584.5615,4.8228,-1.2841,,0.38825199146771217,17.567146,,1237656567581966622,0.037549715,1107,52968,95,1.486487e-05,5.512714761472385,3062,3062
93894,2680894396907438208,327.5110683982381,-0.30716437441477407,17.533272,15.63882,109.997154,355.81204,0.20717773,1.8944521,3612.2725,4.0355,-1.1356,,1.5344132677829259,16.595236,,1237656568118640866,0.05765259,1473,52908,182,8.280968e-05,7.524947550112586,2041,2041
93903,2680961265253858176,328.52790065386995,-0.1353411686796691,16.899805,15.535908,177.65607,178.62462,0.0,1.3638973,4546.914,4.4745,-0.0967,,1.041413962258291,16.288252,,1237663543145333062,0.046891958,1107,52968,117,-6.317101e-06,6.376368856699589,523,523
93932,2681128803338198528,326.76394321752144,-0.09842493284576122,17.189686,15.545538,89.701775,122.8989,0.0,1.6441479,4403.4287,4.727,-0.6516,,1.7400411612218891,16.475607,,1237663543144546801,0.121321075,990,52465,32,-1.569364e-05,7.678404527219513,2826,2826
93970,2681282941124963072,327.10230421020105,0.5883682953512293,18.478848,16.734245,51.839046,119.88553,0.34944618,1.7446022,4409.3867,4.6544,0.4481,,0.9216997941821365,17.618582,,1237656238472757585,0.051498555,1108,53227,626,5.209943e-05,7.441529224404949,33,33
94006,2681465868076899840,329.10279844888953,1.0110272856443012,16.35131,15.232203,270.51794,414.71616,0.14561132,1.1191082,4823.6875,4.4592,-0.8421,,1.2958307990008535,15.874401,,1237678595929473123,0.052355826,1106,52912,378,9.272462e-05,6.437142582233349,2875,2875
94024,2681553588488594816,329.70999548866877,1.1975514703624444,17.245123,16.239988,131.00864,206.1231,0.104879096,1.0051346,5112.3047,4.6707,-0.6553,,0.6231957888118445,16.822088,,1237678595929735231,0.056224607,1106,52912,446,-6.067813e-05,5.79521079142442,180,180
94034,2681636812069991424,328.1881138979906,0.9615357827944652,17.198732,15.875111,191.98851,296.06757,0.17737168,1.3236217,4634.1426,4.6036,0.2572,,1.215211622772058,16.599842,,1237678595929080090,0.027102785,1473,52908,537,-3.526679e-07,7.0231016447404855,1932,1932
94056,2682020713426644096,331.8110103524956,0.9253251422577891,17.17771,15.480784,103.05819,172.73917,0.12957332,1.6969252,4146.7354,4.6525,-0.1279,,1.2595961652345702,16.37293,,1237678617405489516,0.062707886,1105,52937,454,-5.230296e-06,6.874087175647702,1208,1208
94118,2686227651073336576,319.80154302357965,-1.0024951407075053,17.229704,16.111425,188.70244,295.7106,0.0,1.1182785,4896.8345,4.6186,-0.0327,,0.6926663373861743,16.741877,,1237663542067790332,0.05956201,1522,52932,243,-0.0001333159,5.9444970124036125,2263,2263
94137,2686313374325826304,320.88373623637017,-0.5591550440552508,16.490364,15.301455,303.37183,388.49158,0.050463006,1.1889095,5212.116,4.7123,-0.9128,,1.7609876893478373,15.978505,,1237663542605119647,0.052849885,1522,52932,148,-0.000940337,7.207286734217341,1070,1070
94419,2687089152793255808,324.5129937915182,-0.2831326060196484,16.96689,15.731166,239.65456,326.0606,0.3698894,1.2357244,,,,,0.7835712330941584,16.55362,,1237663478718071195,0.04816009,1108,53227,312,-1.168763e-05,6.024011802531515,3460,3460
94429,2687136294354243712,325.924423947353,-0.24822706705356815,17.452913,15.69563,201.59605,482.92303,0.0,1.7572832,4288.2617,4.5323,0.0447,,1.7820442363550888,16.604,,1237656237398491627,0.03586818,1108,53227,170,-0.0001977253,7.858592494003322,2849,2849
94615,2687658592442749440,322.05405282292713,-0.16695370986746233,17.864874,16.565517,74.92407,214.23015,0.098522544,1.2993565,4665.627,4.8959,-1.8028,,1.1194746181519009,17.28348,,1237663543142515185,0.09962873,1521,52945,223,-0.0006868996,7.528550946891034,344,344
94676,2687763217845702272,322.48203759270257,0.1331622287709446,16.975327,15.596626,202.77873,232.73056,1.1784744,1.3787003,4428.78,4.173,-0.5591,,1.0164202913533917,16.384783,,1237663457778795002,0.031845063,988,52520,479,-8.30077e-05,6.420149423751727,802,802
94708,2687844586001081216,321.59591075313443,-0.17037999551396854,17.924623,16.321491,73.268555,98.700165,0.1939511,1.6031322,4812.359,4.7235,-1.0162,,0.8432539469527547,17.179253,,1237663543142318479,0.053229,1521,52945,276,0.0001066992,6.809044537682663,3451,3451
94755,2688000231321118976,322.2041480373857,0.5865258024838537,17.858809,16.616642,100.83587,206.90857,0.2860811,1.2421665,4619.2734,4.6925,-0.5848,,0.7501982280299014,17.311975,,1237663458315534833,0.027460538,1521,52945,476,0.0002346086,6.687855649182268,3144,3144
95122,2689283674923277056,318.8057635364032,-0.8259604306626256,17.018742,15.249444,180.43547,630.3085,0.079326764,1.7692976,4269.9526,4.5705,0.261,,2.0832535689174994,16.15597,,1237663456703414872,0.050250407,1112,53180,84,-8.269845e-05,7.749680292291874,138,138
95127,2689309543510790784,318.90768641167745,-0.5197843513338632,17.76541,16.109552,141.0166,217.80684,0.0,1.6558571,4400.7725,4.5813,0.2978,,1.205512821182808,16.969501,,1237663542604268084,0.01710261,1112,53180,146,6.557097e-05,7.375360663658409,1153,1153
95228,2689614589268832640,318.7066329923103,0.34236320421682015,17.901001,16.47304,79.48643,122.629295,0.16654453,1.4279613,4301.527,4.5852,-0.4328,,0.9075870430357036,17.240805,,1237663543677944236,0.025875842,1112,53180,516,1.591118e-05,7.030246107984727,2112,2112
95394,2689959870278962816,317.6049246108661,-0.12144088879036055,17.384375,16.200537,90.841385,180.88397,0.0752101,1.1838379,4686.4717,4.431,-0.8605,,0.7959994542600664,16.867855,,1237663543140549265,0.026850833,1523,52937,277,-7.086301e-05,6.37241892194147,2658,2658
95769,2691037357315212288,320.5639412625264,1.0187016386173995,18.093054,16.961613,84.227325,124.92053,0.2834478,1.1314411,4780.879,4.6947,-0.685,,0.40875112694001503,17.6016,,1237678617937445403,0.021288445,1522,52932,442,0.0002663081,5.658895462141956,3320,3320
95770,2691043786880687616,321.40642019975525,0.6889079883593434,18.232456,16.631739,73.78783,189.1931,0.2904392,1.6007175,4121.242,4.6655,-0.2131,,0.9009563481375213,17.455135,,1237678617400902200,0.014701356,1521,52945,387,9.000205e-05,7.228654093793537,1376,1376
95779,2691097284993341696,321.6596004746722,1.2092007350999148,18.338612,16.558664,65.59428,163.41635,0.0,1.7799473,4201.649,4.5359,0.0058,,0.985626704687748,17.46213,,1237678596463067683,0.109894976,988,52520,393,-1.689395e-05,7.430691901927322,2750,2750
95849,2693463983772050048,325.60976291994086,1.0529726668118817,17.329416,15.913442,222.82616,465.42294,0.12976325,1.4159746,4504.855,4.3887,0.3218,,1.0066112936769438,16.680182,,1237656239008973129,0.046259806,1108,53227,361,-0.000210429,6.694490496576179,2117,2117
95864,2702205513529683584,338.0293845067983,0.55135663422205,16.514477,15.223358,201.62886,371.36005,0.0,1.2911186,4787.0557,4.5098,0.2443,,1.1185617679714481,15.938611,,1237663479797710994,0.042536847,1102,52883,551,-0.000106279,6.181910886682317,154,154
95891,2702516744039710848,336.4366191576191,1.0498901085838357,17.664715,16.437487,93.42407,151.1196,0.0,1.2272282,4583.907,4.4022,-0.8772,,0.6438180426600201,17.158312,,1237678617407520985,0.051001463,1138,53228,563,-9.538344e-05,6.2021275608381785,581,581
96250,2728486590212675328,330.6424868402362,12.205008165636691,17.472101,16.110811,88.409546,249.16571,0.0,1.36129,4311.7876,4.3471,-0.9211,,0.8462769919427802,16.854458,,1237656241696407996,0.008465064,734,52224,120,-0.0001200661,6.49202052374887,62,62
96452,2732904977688994688,338.68155813423493,14.617229329737041,17.74272,16.231768,96.92608,178.24225,0.2277713,1.510952,4457.526,4.5114,0.2954,,0.9241578572745723,17.027378,,1237666183488274930,0.03345357,738,52521,580,1.539626e-05,6.85610888365623,3183,3183
96504,2738265784069694080,359.66684458425357,0.49923872820091714,18.026375,16.826529,99.310265,145.23393,0.0,1.1998463,4583.474,4.538,-1.981,,0.5990198635278299,17.497126,,1237663277927628837,0.057926074,1489,52991,477,-8.168246e-05,6.384331744881585,3969,3969
98421,2814121091269825664,349.7342850260888,14.91392776498235,16.462646,15.388759,73.70277,98.04868,0.5287143,1.0738878,,,,,1.1939296359594582,16.605944,,1237656496183050302,0.26115972,744,52251,640,-0.000112561,6.9908373421892165,1259,1259
98458,2815283240699511936,345.81874948097663,14.013753613197217,16.843678,15.097167,50.571487,117.28282,0.32058966,1.7465105,,,,,1.5147737094223583,16.593267,,1237652943169257669,0.32987314,742,52263,115,4.565051e-06,7.495006235055026,3505,3505
100407,3093968412814397056,126.64541531375095,7.081994523959966,18.053892,16.832506,62.60235,141.40842,0.24463192,1.221386,4729.014,4.6083,0.2663,,0.49110205418917074,17.489412,,1237664285095362627,0.02841661,1296,52962,568,0.0001387677,5.945271061284224,958,958
100723,3096625382664719488,123.1358913491083,6.25349772913602,17.627037,16.328876,166.85553,242.13461,0.0,1.2981606,4605.7617,4.6591,0.2099,,0.8648891996169266,17.040766,,1237661065478406921,0.03909543,1295,52934,518,0.0001696045,6.725568131577216,2786,2786
100772,3097076388589228160,124.49078518056956,6.790664061744114,17.427097,15.836756,151.14427,428.75937,0.0,1.5903416,4334.41,4.5487,0.0664,,1.040792612754934,16.672035,,1237661068700156548,0.025380133,1296,52962,387,-7.599056e-05,6.758856222624125,3578,3578
101114,3121682702905501824,94.03236540470323,-0.32667499535286465,17.280285,16.27843,45.09837,61.23076,2.4792132,1.001854,,,,,0.718229192571726,17.249327,,1237658187318886963,0.17705509,1259,52931,311,0.000267303,6.530641971614692,833,833
101853,3203577009001357184,62.452838752929694,-4.67316138547354,17.48952,16.230583,177.37714,289.77753,0.0,1.2589359,4553.364,4.7578,-0.9841,,0.8963906154253615,16.937757,,1237649963534385294,0.2537825,465,51910,543,0.0002170262,6.700243997721941,3157,3157
103101,3251466031789767168,56.228252435931076,-0.9702918167299678,16.475897,15.365247,358.75653,452.52954,0.01842003,1.1106501,4835.656,4.4285,-0.7049,,0.8352222682181744,16.001429,,1237666299484438585,0.05574327,1518,52937,18,-0.0001313102,5.6104389277434965,640,640
103149,3257589413907147008,56.735751000832124,-0.11208144711293992,17.252405,16.066431,204.49255,238.98354,0.0,1.1859741,4762.994,4.7185,-0.7885,,0.7106557905354777,16.735062,,1237666300558377193,0.024233123,1518,52937,25,0.000230344,5.993358140943634,475,475
103202,3262719082327579264,50.64956734054093,-1.0781857828675534,18.184845,16.92818,95.22702,122.59463,0.0,1.2566643,4536.0664,4.7405,-0.7851,,0.5736237878711855,17.623192,,1237663237128585382,0.018306527,1065,52586,8,7.923941e-05,6.41632759845956,1206,1206
103252,3263105908557706496,54.15161650477766,-1.0994724764092911,17.283909,15.56576,159.7741,388.03464,0.062646545,1.7181492,4403.1436,4.549,-0.001,,1.7827412500587163,16.45153,,1237663237130092693,0.0701527,1063,52591,7,-5.445901e-05,7.706972024280802,710,710
103376,3263406487548626432,53.4091330660002,-0.27762623192238,16.173489,15.070973,293.25284,314.54297,0.06263607,1.1025152,5051.251,4.4954,-0.4544,,1.0940024096228562,15.70669,,1237660240315154505,0.017566634,1063,52591,196,-2.092983e-05,5.901781227418887,3999,3999
103390,3263439679056856704,54.62373769670855,-0.9741616553449407,16.689245,14.959111,324.80484,832.9544,0.115593985,1.730134,4306.2617,4.5524,0.2183,,1.9600912383792828,15.854769,,1237666299483717814,0.10576643,1062,52619,284,-5.709723e-05,7.316150189942377,3057,3057
103430,3263632849505608064,55.2232954117045,-0.22200421329151634,18.113943,16.93849,82.02056,117.53853,0.25569907,1.1754532,4653.2646,4.7433,-0.9035,,0.5593343788889068,17.602745,,1237663238204358846,0.091828056,1518,52937,223,0.0001024048,6.341102624122847,1041,1041
103499,3263976172011271040,54.804337749734266,0.9534501088852633,16.462717,15.444313,225.14203,458.4398,0.0,1.018404,5254.6045,4.6564,-0.4131,,0.8360180759566174,16.032593,,1237660241926357113,0.06650066,1518,52937,326,-1.839957e-05,5.643671111609532,950,950
103500,3263976790486557312,54.84032447789584,0.995884256682908,18.231735,16.711254,57.221954,173.14224,0.0,1.5204811,4474.0425,4.5668,0.0513,,1.0349562441042872,17.522934,,1237660241926422627,0.05515726,1062,52619,324,0.0001887931,7.597543905322933,3319,3319
103652,3264310389185879936,51.80921987162313,-0.1031616759496217,18.22063,16.662441,70.806076,224.35585,0.0,1.5581894,4181.542,4.4402,-0.4124,,1.0122427906517764,17.475136,,1237657586029035801,0.03334941,1516,52933,176,-2.11935e-05,7.501559264920829,329,329
103681,3264418480627549696,52.225285888016266,0.2959972183599004,17.328527,15.5139065,139.99237,419.10074,0.0,1.814621,4307.156,4.6597,0.121,,1.7474614668619628,16.443308,,1237666301093281935,0.04973831,1064,52577,588,2.730704e-05,7.6553459162328,1019,1019
103743,3264542661017116800,51.916450027632685,0.9992298240667955,16.722832,15.5031805,213.0397,438.2076,0.0,1.2196512,4856.2495,4.5891,-0.3412,,1.027223921366775,16.190687,,1237660241925111850,0.029033242,1064,52577,531,-8.33799e-05,6.249012801708712,325,325
103798,3264674361894409600,53.19016975926331,0.8374183057588048,17.647663,16.016138,56.004745,37.177402,0.6540479,1.631525,4466.9155,4.8013,-1.0581,,0.965968450909902,17.133064,,1237666301630611558,0.15537287,1063,52591,407,-0.0001122889,7.057878981706278,3554,3554
103879,3264907969460253184,52.60482072068933,1.0941569907648998,18.078892,17.006598,59.631237,103.10005,0.0,1.0722942,4903.1426,4.7802,-1.4004,,0.4702098231132067,17.628614,,1237666302167220381,0.016335001,1516,52933,606,-7.234327e-05,5.9900729141220594,714,714
103904,3265379870402221696,48.267099956770416,-0.858207387558393,18.151129,16.738623,47.00735,96.48006,0.0,1.4125061,4370.2593,4.6918,-0.3643,,0.7859904972789516,17.522709,,1237666299480965250,0.07561,1066,52589,59,0.0001100855,6.99979536981153,1421,1421
103956,3265658768398602752,47.64954725049737,-0.2879863828711651,18.361078,16.396318,51.123375,185.84384,0.0,1.9647598,4908.1245,4.7788,-1.4449,,1.2813438601221185,17.387209,,1237660240312664164,0.02088807,1066,52589,166,0.0001528547,7.925537399632322,927,927
104035,3265958969432829824,48.43196465466939,-0.475060211649826,16.374107,14.896309,270.90567,508.9249,0.0,1.4777985,4404.3135,4.5657,0.1161,,1.987755774884962,15.691791,,1237666300017901733,0.056544513,1515,52932,312,0.0001232941,7.18360570003134,3908,3908
104039,3265984975459124096,48.43926011501215,-0.21282225191121745,17.15015,16.057178,104.75337,106.84851,0.0,1.0929718,5030.5293,4.6541,-0.6221,,0.6089206191036444,16.69339,,1237663238201344136,0.01675156,1066,52589,74,-3.35998e-05,5.616193293901164,1139,1139
104135,3266336823475560960,45.975272896091774,-0.5086358210697793,17.224855,15.353054,97.7093,210.65408,0.20141059,1.8718014,4174.4478,4.617,0.1395,,1.7251175049227119,16.306107,,1237666300016853079,0.029641125,1067,52616,142,-6.03843e-05,7.490199977477101,1923,1923
104142,3266381284976997760,47.03089380373272,-0.4571199799284788,16.4856,15.000567,201.33069,434.88278,0.3032046,1.4850321,4465.145,4.6845,-0.5577,,2.121018286500722,15.802903,,1237666300017311880,0.06448422,1514,52931,269,0.0003093684,7.435625239511829,2259,2259
104214,3266761333747586176,46.07038810415567,0.7775655980035354,17.178375,15.880418,102.814865,213.59811,0.0,1.2979574,4482.6987,4.4538,-0.3601,,0.9523748337551565,16.604057,,1237666301627465773,0.07589179,1513,53741,550,3.474841e-05,6.49809686586876,1032,1032
104226,3266852391349800704,48.027387300891036,0.5388673886462175,17.209509,16.064844,167.77882,234.87328,0.1369793,1.1446648,4989.8936,4.6705,-0.751,,0.8191301085870373,16.722225,,1237660241386537036,0.010936583,1514,52931,547,-7.330385e-05,6.288989636677556,928,928
104303,3267424790231352576,50.98659037863365,0.6941571314546409,18.065878,16.93446,54.998707,135.72633,0.056368005,1.1314182,4801.932,4.6058,-0.9225,,0.504139274802125,17.563368,,1237666301629628633,0.14875947,1515,52932,637,-5.170726e-05,6.076120505242606,3544,3544
104304,3267426714376733696,51.01281439466332,0.7522174178351783,18.07567,16.74915,72.50026,159.03548,0.0,1.3265209,4400.5747,4.5845,-1.0282,,0.831023174454959,17.471558,,1237666301629628659,0.2243312,1064,52577,372,7.299619e-06,7.069623292050146,3561,3561
104309,3267434823274939776,50.443295663394466,0.4433740873685528,16.981554,15.697378,145.93622,208.03223,0.16976899,1.2841759,4521.4253,4.4089,-0.6255,,1.0179475948617345,16.404593,,1237660241387585634,0.048927333,1064,52577,345,-6.081105e-05,6.443219616968118,1204,1204
104323,3267471966152103680,50.52172482476468,0.7270180050492293,16.83726,15.653271,202.8846,245.71915,0.0,1.1839886,4738.0703,4.4852,-0.6016,,1.0138101971398066,16.32935,,1237666301629431860,0.10664662,1064,52577,350,-0.0001306466,6.359132793545811,1884,1884
104337,3267517527165109376,51.417556166995865,0.9495381769447306,17.154194,16.017384,155.23877,209.77654,0.0,1.1368103,4754.4644,4.6233,-1.9262,,0.9586627206381405,16.656893,,1237660241924915263,0.093023725,1064,52577,406,-0.0003602786,6.565221973291791,2713,2713
104344,3267559549125125760,51.412349673328286,1.1459761364909706,16.241814,15.189308,303.4495,472.0489,0.0,1.0525055,5064.8516,4.4763,-0.7078,,1.0679187175396403,15.796319,,1237666302166695957,0.069873504,1516,52933,408,6.308754e-05,5.939010000421479,4037,4037
104436,3269951983348647296,55.62741452973134,1.1263358442265197,17.520998,16.508308,210.79878,205.37451,0.0,1.0126896,5053.334,4.7461,-1.389,,0.5409376339484075,17.098099,,1237666302168531088,0.025925264,1062,52619,413,5.64892e-05,5.763834740366059,3008,3008
104964,3649244977663458816,219.05903228310396,-2.2869667316712623,15.606356,14.471679,177.16495,124.027534,0.0,1.1346769,,,,,1.211200734408142,15.52018,,1237655691938889806,0.16941267,919,52409,169,-0.0001059813,5.936260375981702,539,539
106899,3691128296144359040,196.81123650057572,1.3645245361584608,16.983686,15.6825285,231.67682,246.49104,0.10584164,1.301158,4447.8433,4.4008,-0.7303,,1.2563092039999628,16.409695,,1237651752407072852,0.044296462,524,52027,57,0.0002631376,6.905177379243284,2292,2292
107811,3705072268247707008,194.94095312799283,4.576383763388707,16.466036,14.943906,79.01836,61.215633,0.20614949,1.52213,4286.393,4.6647,-0.1885,,1.9057008973954854,15.891714,,1237655125013823640,0.110899016,848,52669,39,-0.0001546137,7.291987788483233,2865,2865
108268,3714183818027128320,206.24539987598456,5.1265029778738365,16.36757,15.343236,64.70365,102.52879,0.0,1.0243349,,,,,0.716346471562428,16.262585,,1237655126092480568,0.04774313,854,52373,508,-0.0001487061,5.538200316625449,2594,2594
108314,3714902932991989632,203.877566942394,5.810163004539291,16.102613,14.6673155,66.97903,50.946014,0.22728842,1.435298,4344.337,4.4285,-0.7192,,1.852062933492169,15.588695,,1237671958053912593,0.11057587,853,52374,455,-0.0002164964,6.926973272526048,2266,2266
110377,3814320911814645888,171.1187267965855,5.902119641281274,16.768993,15.216481,370.68597,378.793,0.11863287,1.5525122,4451.5103,4.6696,0.3052,,1.5898315115245207,16.0476,,1237655126614016123,0.026894245,836,52376,449,5.019652e-06,7.0543552961819245,2721,2721
110853,3841115426067258368,143.55387183008116,0.6994168781558616,16.108913,14.780482,53.313755,49.672718,0.2928735,1.3284311,,,,,0.9486202395474337,15.710664,,1237648722288509032,0.16917165,476,52314,365,-6.8879e-05,5.596125727590177,3881,3881
110905,3842413979365244160,139.9109554408723,0.5255188574356863,16.548065,15.43367,260.75912,567.6312,0.079333454,1.1143951,4923.3286,4.4902,0.1764,,0.8280519006068864,16.068367,,1237650796754173966,0.5097201,472,51955,622,-1.978133e-05,5.658654796053099,2369,2369
111173,3847061271417485184,147.63822612792282,2.5127767123630615,17.218834,15.813814,196.20654,278.5556,0.0,1.4050198,4521.8247,4.6572,0.0848,,1.1212297676601641,16.57873,,1237651754533060773,0.18244024,481,51908,379,7.008739e-05,6.827202726397971,1065,1065
111348,3850147394398395008,149.13980160375755,5.746345564570587,17.22597,15.77705,58.62573,77.71012,0.0,1.4489193,4320.7637,4.4731,-1.2105,,0.8251002445617728,16.854517,,1237658298993082600,0.028299352,994,52725,27,2.656372e-05,6.437050562237946,1291,1291
111371,3850553427721892224,149.23070356565134,6.861828120565645,17.30056,16.018522,118.73138,207.86287,1.1527659,1.2820377,4687.0684,4.4124,-0.7316,,1.1634622706363125,16.832016,,1237658424622907631,0.08429715,995,52731,338,-7.174153e-05,7.160777512822172,1567,1567
111779,3861959142873280768,157.62620574968585,5.76092594064092,18.233929,16.815231,37.97793,116.05467,0.0891943,1.4186974,4236.242,4.5091,-0.8677,,0.847306166793488,17.57708,,1237658422479028433,0.035305955,999,52636,214,3.22977e-05,7.217281609271588,3237,3237
111793,3862617441100574080,159.25560807721553,7.0590803267788935,17.033266,15.587838,25.980967,32.16776,0.0,1.4454279,4214.44,4.4285,-1.01,,0.8385712154157361,16.745394,,1237658424090362052,0.04848925,999,52636,596,5.298195e-05,6.363093507253922,1064,1064
112166,3878557026808548608,149.70433830343723,9.799929909171246,18.262213,16.740578,106.18951,180.91342,0.0,1.521635,4261.1455,4.4989,-0.118,,0.6864477448548554,17.554493,,1237661064416329843,0.09574098,1307,52999,226,5.385909e-06,6.7375303634384345,2423,2423
112180,3878796372450856064,147.3207097140267,8.755777946301887,18.214802,16.67878,54.876995,179.56305,0.0,1.5360222,4311.3667,4.5284,0.0189,,0.9894767557838755,17.490839,,1237660584979071104,0.038430694,1305,52757,11,0.000184338,7.467866986852886,2992,2992
116577,4226534040181329920,309.9625448628323,-0.6325664174921636,17.520922,15.953206,164.50244,289.14105,0.0,1.5677156,4326.5127,4.6642,0.0081,,1.1469415400785843,16.789719,,1237656567574102838,0.0017675939,1117,52885,217,2.327789e-05,7.0874250397188945,40,40
116600,4226824620488970368,313.20443634290416,-1.2029424499398067,17.689116,16.284172,160.56494,299.18713,0.0,1.4049435,4458.6836,4.5623,-0.0142,,0.7849965828292919,17.040966,,1237656567038607984,0.047828805,1115,52914,219,-0.0002082407,6.5153048650400756,2130,2130
116618,4226890900424108928,313.10881203496615,-0.8166520772920963,17.846148,16.82337,142.26213,235.53717,0.0,1.0227776,4995.079,4.6692,-1.4032,,0.48613876570722697,17.427742,,1237656567575478926,0.053452,1115,52914,217,-9.144842e-05,5.861543274357448,1889,1889
116652,4227010609752205184,311.19940592678563,-1.0094837786127924,17.805082,16.22458,102.43375,234.12524,0.0,1.5805016,4338.376,4.1725,-0.0008,,0.9653117716080609,17.057598,,1237663542063990002,0.06988385,982,52466,267,0.0001150698,6.980936125401644,3603,3603
116698,4227082932706572544,312.10497026855313,-0.7247688682309863,17.922438,16.491983,96.001755,197.80225,0.0,1.4304543,4303.3975,4.4576,-0.3154,,0.875447973068597,17.275349,,1237656567575020297,0.041912857,1116,52932,99,-0.000173754,6.9865003709922,1592,1592
116776,4227197281915409536,313.50890639171024,-1.024004059625385,18.41502,16.764578,88.95112,261.4635,0.0,1.6504421,4458.6294,4.6609,0.0751,,1.0066478377258308,17.61352,,1237663542065037986,0.0646384,1115,52914,98,2.032216e-05,7.627907493632861,1357,1357
116777,4227198007765182336,313.61009633876273,-1.0077135179651635,16.588026,15.347735,331.87106,750.2474,0.0,1.2402906,4908.96,4.6062,-0.0045,,1.0498692193025387,16.043802,,1237663542065037820,0.06602079,1115,52914,95,6.842524e-05,6.1494782763561275,791,791
116802,4227310192311449856,313.70258657240083,-0.32411581647828636,17.276396,16.195776,191.57779,306.55905,0.25631204,1.0806198,5083.479,4.7576,-1.2978,,0.5470334150319602,16.849161,,1237656568112611445,0.03932994,1115,52914,152,0.00014813,5.539230426180481,3947,3947
116822,4227363999660835328,314.2025849889353,-0.14693199272248395,16.341478,15.280796,418.73886,523.28424,0.0,1.0606823,5226.3535,4.4784,0.0197,,0.863044786245679,15.89002,,1237663543139041768,0.07271517,1114,53179,280,1.438768e-05,5.570187036861773,3428,3428
116836,4227417768356542336,314.10232431222835,0.020433119249982798,17.989841,16.731575,85.74428,167.62985,0.0,1.2582664,4664.0547,4.6032,-0.0206,,0.46490059212808366,17.43097,,1237663457775125233,0.010432737,1115,52914,589,0.0001358471,5.767769734929052,1419,1419
116872,4227528239211148416,313.2067102044865,-0.017798818790700582,17.88611,16.245325,184.29312,283.4684,0.0,1.6407852,4493.8755,4.6307,0.2914,,1.133938432184799,17.113623,,1237663543138648785,0.0058269347,1115,52914,164,-1.948277e-05,7.386570040093222,274,274
116882,4227551844350938496,312.7071257301939,-0.1392035148569382,18.182896,16.965595,83.83356,171.32503,0.15554221,1.2173004,4610.472,4.821,-1.2974,,0.5688241940635576,17.646276,,1237663543138386465,0.013406857,1115,52914,236,-0.0003086474,6.4211667748160615,2438,2438
116936,4227745083519285120,313.405041670563,0.997260380354166,17.7704,16.592072,126.12895,234.59517,0.0,1.1783276,4743.762,4.479,-0.3812,,0.5882127142312832,17.256763,,1237666209266008675,0.006708124,1115,52914,457,0.0001094319,6.10443549604032,869,869
117136,4228004014215758336,311.5010362978485,0.1365502540222798,16.800095,15.340275,43.261143,35.00803,0.23223552,1.4598198,4560.824,4.7124,-0.6829,,1.3459396296509818,16.3476,,1237656568648499963,0.01954896,982,52466,402,8.897694e-05,6.9927288399793675,2550,2550
117164,4228045181474352000,310.30125959547314,-0.37343101427476627,17.573969,16.565157,155.63437,207.60464,0.118002854,1.008812,5131.915,4.6951,-0.6135,,0.49599029262542393,17.147556,,1237656568111105112,0.04801248,1117,52885,148,-0.0002658744,5.624922188385979,3531,3531
117318,4228267038008891264,310.33977192370804,0.5816563727190823,17.144745,16.086796,63.680244,72.94703,0.0,1.0579491,,,,,0.5831015590676033,17.045626,,1237656569184846261,0.017790558,981,52435,483,-0.0002273855,5.874346699732138,1017,1017
117345,4228298412746841984,310.91038627725345,0.9398567149315411,18.114456,16.874382,123.315094,196.8162,0.0,1.2400742,4560.761,4.4247,-0.8071,,0.5573997443899834,17.566015,,1237656569721979791,0.029741412,1116,52932,322,-9.165738e-05,6.296849069632298,3373,3373
117589,4231297223335667072,309.90866346360616,0.953627421631824,18.14536,16.839666,106.8621,214.24458,0.0,1.3056946,4492.8643,4.4571,-0.1758,,0.5603653317298865,17.55927,,1237656569721521336,0.028704574,1117,52885,403,4.474808e-05,6.301627152931282,1504,1504
118384,4415981916575038080,234.53044155395756,-1.1541503512989046,18.460142,16.78704,90.583145,129.37756,0.10303843,1.6731014,4240.016,4.6389,-0.005,,0.6782217457642891,17.638094,,1237655693019382152,0.05114287,926,52413,326,-8.183671e-05,6.794952500420006,4079,4079
118441,4417209628682473216,231.08220162027877,-0.3037529246275916,17.236837,16.06487,92.90847,141.7135,0.29330212,1.1719666,4800.2876,4.6658,-0.5823,,0.7065465540853872,16.730204,,1237648704061112353,0.05238014,924,52409,525,-0.0001633926,5.975907541673081,3550,3550
118553,4421802529270054016,228.42399292342063,2.607086831919192,17.585123,15.980259,49.796677,79.176735,0.3990136,1.6048641,,,,,0.8597761386289132,17.32101,,1237651737388777484,0.3782539,540,51996,604,-0.0001776787,6.992937529457141,647,647
120713,4559820817995468416,253.43507549700072,18.99967198089705,16.091711,14.823615,106.14836,108.68513,1.315784,1.268096,4522.9966,4.845,-1.3264,,1.8664820768328223,15.8552685,,1237662341092999191,0.10185941,1568,53169,58,-0.0001151185,7.210387597923827,3453,3453
120814,4561723183565355520,255.88338903233094,20.636174459516173,17.476387,16.146914,70.86319,87.871254,0.2788961,1.3294735,,,,,0.7912288257281653,17.187775,,1237661465459425909,0.03724119,1425,52913,171,-0.0003472476,6.6792851627933025,799,799
121032,4565461248223263104,254.18553146292183,22.583754948105085,16.661762,15.075681,337.82816,1026.1606,0.0,1.5860815,4337.5186,4.4889,-0.1169,,1.641045377033547,15.918378,,1237662337872626152,0.01801301,1415,52885,481,-8.324033e-05,6.993980826406467,1660,1660
121349,4566636626153833600,252.99949100690947,24.342799520542677,17.72814,16.486689,129.19434,258.6373,0.08707312,1.2414513,4766.7974,4.629,-0.3315,,0.8575898985025474,17.174564,,1237662474236002639,0.037476756,1424,52912,535,6.377153e-05,6.840962645829499,1002,1002
122233,4575564969805999616,259.19118384225123,29.26770928523708,17.279667,15.985975,102.67745,172.4304,0.5960131,1.2936916,,,,,0.7501602088461543,17.20998,,1237655502426866468,0.37086785,978,52441,86,-0.0001248005,6.585750130528652,1315,1315
124615,5187815959464820480,45.24983536033996,-1.2042571760814997,16.599062,15.219083,210.13712,444.42587,0.0,1.3799791,4430.5894,4.4972,-0.1969,,1.3072542565596394,15.973389,,1237660024523587602,0.0607675,1067,52616,246,-5.294535e-05,6.555188994941332,2770,2770
124616,5187816126968839424,45.20888595040072,-1.1934535118459957,16.680134,15.398722,198.9755,484.72882,0.07897099,1.2814121,4774.2983,4.6155,-0.224,,1.1244137834779897,16.111105,,1237660024523522120,0.059125073,1067,52616,249,-1.858075e-05,6.3657357687581175,3120,3120
124634,5187943223640738304,43.98369830034883,-1.2574197408237762,18.323923,16.777985,100.75422,149.14626,0.0,1.5459385,4098.495,4.4823,-0.883,,0.8323663038502871,17.601498,,1237660024522997890,0.02611023,1512,53742,92,5.893392e-06,7.203070103302814,1231,1231
124664,5188064444797965824,45.06698491191321,-0.6089924635827104,17.584099,16.05301,145.17409,185.38358,0.0,1.5310879,4370.4824,4.6724,0.0139,,1.2457891047053764,16.868317,,1237666300016394490,0.09017289,1067,52616,267,7.252351e-05,7.345539292123519,2457,2457
124665,5188068125585404416,45.36097698189791,-0.5310628314828201,16.683134,15.486793,258.9071,372.50253,0.16986586,1.1963415,4890.4404,4.4763,-0.358,,0.913847244220194,16.16468,,1237666300016525413,0.08664709,1067,52616,225,-0.0002273067,5.969048513583445,469,469
125033,6893849502843933056,324.4924531037186,-8.743386394461982,17.437914,16.365814,55.096336,46.6737,0.59905803,1.0720997,,,,,0.7772793665942859,17.437944,,1237656532678607113,0.33869308,1177,52824,289,-0.0001923107,6.8908301083223655,3517,3517
125049,6894777215779705856,323.2816654868994,-8.370405572759703,17.652245,16.122189,64.704796,48.137367,0.89694804,1.530056,,,,,0.8039074304508192,17.204826,,1237652598492365249,0.14334981,641,52176,172,-0.0001225274,6.730856569127212,1304,1304
125356,6898409211924560640,319.19480757280644,-8.099189156485684,17.879187,16.015718,73.72394,235.15013,0.0,1.8634682,4217.859,4.6637,0.0057,,1.4158517404201507,16.960245,,1237652933497127197,0.01710957,639,52146,260,-0.0001903106,7.715334027433681,1006,1006
125522,6898866162085150080,319.49776025401883,-6.608074258449612,16.161457,14.867203,350.43735,725.5869,0.3134057,1.2942543,5113.5874,4.6257,-0.5229,,1.2413040009363745,15.592124,,1237652935644610774,0.06353764,639,52146,435,7.556753e-05,6.061514761281231,1837,1837
125689,6907022201903138944,311.9154317558402,-7.2295936129859495,16.121567,15.087699,84.469604,40.216755,1.7976456,1.0338678,,,,,1.23520787138636,15.975142,,1237652933493915976,0.038056433,635,52145,188,-1.850209e-05,6.433841778021421,3970,3970
126566,6917333799904200320,314.1109779928437,-1.145037883852421,17.890638,16.378902,129.79552,230.50386,0.12054235,1.5117359,4278.334,4.3016,-0.2452,,0.8015550900074679,17.188032,,1237656567039001475,0.0049999948,1114,53179,296,0.000156471,6.70769903177959,3109,3109
126567,6917336583043073280,313.8069691302353,-1.2394727520510018,17.99851,16.508425,100.702576,245.67537,0.1710799,1.4900856,4501.1074,4.5693,0.2164,,0.8326109790535285,17.30594,,1237656567038870258,0.05233992,1115,52914,50,-0.0002616368,6.908151294668912,3055,3055
126607,6917500650793022592,315.0100562473544,-0.40671014631455105,16.424784,15.34125,333.77045,448.64673,0.12655532,1.0835333,5059.3965,4.7224,-0.9868,,0.9344383558777267,15.964998,,1237663457238647033,0.06521664,1114,53179,174,-0.0001306887,5.817751528306935,1344,1344
126614,6917526691179095040,314.9080726571068,-0.10446557498174593,18.114988,16.539637,108.14005,181.13837,0.0,1.5753517,4401.9204,4.6632,0.2413,,1.0239262249076104,17.37106,,1237663543139369721,0.06359888,1114,53179,177,5.688161e-05,7.422402749411155,1675,1675
