source_id,cache_key,initial_teff,initial_logg,initial_mh,teff,logg,mh,teff_err,logg_err,mh_err,status
152047619011614592,ef1f37f7d693fb40,5181.03173828125,4.667799949645996,-0.8967000246047974,5289.271387623633,4.674996176697968,-0.9054043392010226,76.53237941447654,0.15447866356309353,0.014812986400581948,"{'days': 0, 'hours': 0, 'minutes': 0, 'seconds': 35, 'dof': 78, 'error': '', 'rms': np.float64(0.07817157107574482), 'chisq': np.float64(0.4949743564804681), 'rchisq': np.float64(0.0063458250830829245), 'wchisq': np.float64(17.51258232888446), 'rwchisq': np.float64(0.22452028626774947), 'niter': 2, 'nsynthesis': 13, 'status': 2}"
1297820202093665792,19742ed549d999e0,5753.4296875,4.678800106048584,-1.1166000366210938,5762.208458989909,4.675309985432283,-1.1256344004551762,37.08022056977519,0.0547855070791688,0.04284523574661683,"{'days': 0, 'hours': 0, 'minutes': 1, 'seconds': 5, 'dof': 78, 'error': '', 'rms': np.float64(0.05651155113821737), 'chisq': np.float64(0.2586779883758359), 'rchisq': np.float64(0.0033163844663568706), 'wchisq': np.float64(8.02609792235131), 'rwchisq': np.float64(0.10289869131219628), 'niter': 6, 'nsynthesis': 24, 'status': 5}"
580515167071431424,67866f94f626183c,6104.623046875,4.6595001220703125,-1.1586999893188477,6105.328300050835,4.659957074362147,-1.1582805111819838,33.43904205914123,0.026447103291284323,0.02291975777391548,"{'days': 0, 'hours': 0, 'minutes': 0, 'seconds': 17, 'dof': 78, 'error': '', 'rms': np.float64(0.06740293360440255), 'chisq': np.float64(0.36799559213683947), 'rchisq': np.float64(0.0047178922068825575), 'wchisq': np.float64(11.710549833223102), 'rwchisq': np.float64(0.15013525427209104), 'niter': 2, 'nsynthesis': 8, 'status': 2}"
1548356295989132032,c6fa53ad34d2feac,6033.6689453125,4.165500164031982,-0.6890000104904175,6034.768223837901,4.165739743566902,-0.6886871283371517,15.163297208734123,0.013409725360321662,0.015682064786251254,"{'days': 0, 'hours': 0, 'minutes': 0, 'seconds': 17, 'dof': 78, 'error': '', 'rms': np.float64(0.05833229158807408), 'chisq': np.float64(0.2756151555952039), 'rchisq': np.float64(0.003533527635835947), 'wchisq': np.float64(28.83520537786307), 'rwchisq': np.float64(0.3696821202290137), 'niter': 2, 'nsynthesis': 7, 'status': 2}"
147920842634097664,1f0fccaf086219ae,6010.37158203125,4.269700050354004,-0.6194000244140625,6054.532025545947,4.36156832634854,-0.8921688840718809,13.529584709207267,0.008400584505930033,0.011168935210664543,"{'days': 0, 'hours': 0, 'minutes': 0, 'seconds': 52, 'dof': 78, 'error': '', 'rms': np.float64(0.057719713809832186), 'chisq': np.float64(0.2698567943454035), 'rchisq': np.float64(0.003459702491607737), 'wchisq': np.float64(44.12810156611007), 'rwchisq': np.float64(0.565744891873206), 'niter': 5, 'nsynthesis': 20, 'status': 2}"
2545523143770922240,5d88be6912754543,4315.8447265625,4.4496002197265625,-0.17170000076293945,4460.526705274738,4.950127647274021,-1.2961546361149223,342.7771575462296,0.9484582960156273,0.30437690608739093,"{'days': 0, 'hours': 0, 'minutes': 0, 'seconds': 58, 'dof': 78, 'error': '', 'rms': np.float64(0.08858449268756247), 'chisq': np.float64(0.6356241999217375), 'rchisq': np.float64(0.00814902820412484), 'wchisq': np.float64(16.260608191335866), 'rwchisq': np.float64(0.20846933578635726), 'niter': 5, 'nsynthesis': 27, 'status': 2}"
150379556792593792,d511c1373001a446,6122.2158203125,4.4191999435424805,-1.0374000072479248,6161.435015134707,4.485223639357026,-1.006656410309903,19.679960102340466,0.026556928597333003,0.01141988098977317,"{'days': 0, 'hours': 0, 'minutes': 0, 'seconds': 45, 'dof': 78, 'error': '', 'rms': np.float64(0.062487226088884434), 'chisq': np.float64(0.3162769273669521), 'rchisq': np.float64(0.004054832402140412), 'wchisq': np.float64(19.098303223095094), 'rwchisq': np.float64(0.24485004132173196), 'niter': 5, 'nsynthesis': 21, 'status': 2}"
2544132987412032384,9231558c59d80705,4298.4677734375,4.50439977645874,-0.01080000028014183,4000.2682006354726,5.0,-2.5428330175971525,178.08956079708216,0.0,0.8497689667450739,"{'days': 0, 'hours': 0, 'minutes': 0, 'seconds': 45, 'dof': 78, 'error': '', 'rms': np.float64(0.09318286281464712), 'chisq': np.float64(0.7033267197090008), 'rchisq': np.float64(0.009017009227038473), 'wchisq': np.float64(31.304603159821962), 'rwchisq': np.float64(0.4013410661515636), 'niter': 6, 'nsynthesis': 22, 'status': 5}"
2535967533027855104,fdde8b13af2c8f35,4000.87939453125,4.6768999099731445,-0.09130000323057175,3939.1051960886175,5.0,-1.822875301673017,203.98233323117006,0.0,0.5257718845259968,"{'days': 0, 'hours': 0, 'minutes': 0, 'seconds': 46, 'dof': 78, 'error': '', 'rms': np.float64(0.1218286043673336), 'chisq': np.float64(1.2022189162094759), 'rchisq': np.float64(0.015413063028326613), 'wchisq': np.float64(81.88283208436371), 'rwchisq': np.float64(1.0497798985174835), 'niter': 6, 'nsynthesis': 22, 'status': 5}"
1667279920324171008,d84ce31ef87816ac,6388.3359375,4.172500133514404,-1.5169999599456787,6452.7348370441905,4.17155536438703,-1.532721075642223,17.523785990355965,0.015355843119691058,0.009870668371391462,"{'days': 0, 'hours': 0, 'minutes': 0, 'seconds': 24, 'dof': 78, 'error': '', 'rms': np.float64(0.058501310612549824), 'chisq': np.float64(0.2772146708142688), 'rchisq': np.float64(0.0035540342412085746), 'wchisq': np.float64(33.102082906102524), 'rwchisq': np.float64(0.4243856782833657), 'niter': 2, 'nsynthesis': 13, 'status': 2}"
2678007938366967936,57e1b577dfd70aa1,5280.75,4.644800186157227,-0.8652999997138977,5345.88019497187,4.665745953701418,-0.8128681086627682,61.4119270899707,0.05817651380967838,0.02149326530914647,"{'days': 0, 'hours': 0, 'minutes': 0, 'seconds': 45, 'dof': 78, 'error': '', 'rms': np.float64(0.065636566526855), 'chisq': np.float64(0.34896086810017524), 'rchisq': np.float64(0.00447385728333558), 'wchisq': np.float64(16.621109936190443), 'rwchisq': np.float64(0.2130911530280826), 'niter': 4, 'nsynthesis': 21, 'status': 2}"
175932688060588544,7ce216c7bec36d81,7177.5322265625,4.118800163269043,-0.18880000710487366,7197.176873419676,4.1747858338878325,-0.16818664193753893,8.980656165849703,0.010630730474516544,0.009249755894011896,"{'days': 0, 'hours': 0, 'minutes': 0, 'seconds': 24, 'dof': 78, 'error': '', 'rms': np.float64(0.06569021495784687), 'chisq': np.float64(0.3495315516378585), 'rchisq': np.float64(0.004481173738946903), 'wchisq': np.float64(80.54241120006854), 'rwchisq': np.float64(1.0325950153854941), 'niter': 2, 'nsynthesis': 12, 'status': 2}"
1396576511137730432,0c6a1d1fdb2097fc,6059.21826171875,4.450300216674805,-1.4852999448776245,6059.21826171875,4.450300216674805,-1.4852999448776245,24.81933257342616,0.011535616311986649,0.022998202072926542,"{'days': 0, 'hours': 0, 'minutes': 0, 'seconds': 14, 'dof': 78, 'error': '', 'rms': np.float64(0.05268439132667246), 'chisq': np.float64(0.22482725224641875), 'rchisq': np.float64(0.0028824006698258816), 'wchisq': np.float64(24.520034903751675), 'rwchisq': np.float64(0.3143594218429702), 'niter': 1, 'nsynthesis': 7, 'status': 2}"
902969152603806720,a247736a7243ed86,5572.12744140625,4.730500221252441,-1.5885000228881836,5711.070136803863,4.735609335794913,-1.7318332799686775,358.55533877843607,0.07821312310319521,0.22341528989594836,"{'days': 0, 'hours': 0, 'minutes': 0, 'seconds': 23, 'dof': 78, 'error': '', 'rms': np.float64(0.04913528437261948), 'chisq': np.float64(0.1955563698006329), 'rchisq': np.float64(0.0025071329461619604), 'wchisq': np.float64(8.896199665290583), 'rwchisq': np.float64(0.11405384186269978), 'niter': 2, 'nsynthesis': 11, 'status': 2}"
920409502964685184,bc2be1b8ea3d41c8,7427.52099609375,4.301199913024902,-0.46309998631477356,7466.884977113371,4.311422896439204,-0.45687920636420026,9.57308490272166,0.008481307259313627,0.007412000181981954,"{'days': 0, 'hours': 0, 'minutes': 0, 'seconds': 26, 'dof': 78, 'error': '', 'rms': np.float64(0.05701344780787873), 'chisq': np.float64(0.2632931917062787), 'rchisq': np.float64(0.0033755537398240856), 'wchisq': np.float64(48.075451516833844), 'rwchisq': np.float64(0.6163519425235108), 'niter': 2, 'nsynthesis': 14, 'status': 2}"
882419653941851392,58c1a8718c1d758d,6332.20068359375,4.48769998550415,-1.4936000108718872,6337.661406840746,4.4946700551981404,-1.6773352751255752,10.372291706651836,0.009722182796888669,0.018912925270425374,"{'days': 0, 'hours': 0, 'minutes': 0, 'seconds': 31, 'dof': 78, 'error': '', 'rms': np.float64(0.06911618346593162), 'chisq': np.float64(0.38694079216860194), 'rchisq': np.float64(0.004960779386776948), 'wchisq': np.float64(51.12394486192492), 'rwchisq': np.float64(0.655435190537499), 'niter': 3, 'nsynthesis': 16, 'status': 2}"
1380098065948816512,edd04d000c9148f7,6147.5693359375,4.186800003051758,-1.2110999822616577,6147.5693359375,4.186800003051758,-1.2110999822616577,11.837507690688103,0.010445164396943991,0.005842961748022139,"{'days': 0, 'hours': 0, 'minutes': 0, 'seconds': 13, 'dof': 78, 'error': '', 'rms': np.float64(0.052903250787244276), 'chisq': np.float64(0.22669906945250304), 'rchisq': np.float64(0.0029063983263141416), 'wchisq': np.float64(41.477265061061814), 'rwchisq': np.float64(0.5317598084751515), 'niter': 1, 'nsynthesis': 7, 'status': 2}"
2543263582953101952,93a7311c9cfd6623,5027.0478515625,4.422100067138672,-0.6317999958992004,5315.643927672455,4.929393471809085,-0.7736613641274842,39.35942628807927,0.050932269931842564,0.2189354622498109,"{'days': 0, 'hours': 0, 'minutes': 0, 'seconds': 52, 'dof': 78, 'error': '', 'rms': np.float64(0.07180869362152689), 'chisq': np.float64(0.4176755668500557), 'rchisq': np.float64(0.005354814959616099), 'wchisq': np.float64(26.24332834243938), 'rwchisq': np.float64(0.33645292746717154), 'niter': 6, 'nsynthesis': 23, 'status': 5}"
1545808280873854208,0c4dc1a44e0155c5,6543.10986328125,4.582399845123291,-3.5720999240875244,6545.394113978439,4.584429383076187,-3.2718572822826215,32.5441549273507,0.0374800457215105,0.017696466604753585,"{'days': 0, 'hours': 0, 'minutes': 0, 'seconds': 17, 'dof': 78, 'error': '', 'rms': np.float64(0.07714808991778989), 'chisq': np.float64(0.4820980500150349), 'rchisq': np.float64(0.006180744230961986), 'wchisq': np.float64(8.417590038998103), 'rwchisq': np.float64(0.10791782101279619), 'niter': 2, 'nsynthesis': 11, 'status': 2}"
1155697329086284672,7d8c580e5e193769,5737.580078125,4.57889986038208,-1.1052000522613525,5836.809171946802,4.630528005762396,-1.0870745726788351,27.230399798258187,0.03697016663373829,0.3555534401356654,"{'days': 0, 'hours': 0, 'minutes': 0, 'seconds': 50, 'dof': 78, 'error': '', 'rms': np.float64(0.05768626158373257), 'chisq': np.float64(0.26954408681605246), 'rchisq': np.float64(0.0034556934207186215), 'wchisq': np.float64(21.67605341607098), 'rwchisq': np.float64(0.2778981207188587), 'niter': 6, 'nsynthesis': 23, 'status': 5}"
2688074310916444160,c34537c9aaf82e17,5558.53466796875,4.559000015258789,-0.8634999990463257,5592.209124717927,4.572418566329005,-0.8348792759365702,71.10113893478612,0.0706096165908015,0.058760909832084936,"{'days': 0, 'hours': 0, 'minutes': 0, 'seconds': 35, 'dof': 78, 'error': '', 'rms': np.float64(0.06868880178762524), 'chisq': np.float64(0.38217027077259313), 'rchisq': np.float64(0.004899618856058887), 'wchisq': np.float64(14.429661568004045), 'rwchisq': np.float64(0.184995661128257), 'niter': 3, 'nsynthesis': 16, 'status': 2}"
2549349379812093056,8238940b16ebbca4,5736.20361328125,4.640100002288818,-0.6378999948501587,5737.4871713246985,4.641647487818479,-0.6384979045099567,11.344062778531486,0.011588536527857497,0.00540718812545485,"{'days': 0, 'hours': 0, 'minutes': 0, 'seconds': 23, 'dof': 78, 'error': '', 'rms': np.float64(0.06540748071735752), 'chisq': np.float64(0.34652922123711116), 'rchisq': np.float64(0.004442682323552707), 'wchisq': np.float64(64.1127013846422), 'rwchisq': np.float64(0.8219577100595153), 'niter': 2, 'nsynthesis': 11, 'status': 2}"
2507244196206064768,b6ee10466de5f8b3,4177.60009765625,4.602200031280518,0.0010999999940395355,4107.042133981595,5.0,-1.4135041185316615,237.2260938047634,0.0,0.565471089985612,"{'days': 0, 'hours': 0, 'minutes': 0, 'seconds': 47, 'dof': 78, 'error': '', 'rms': np.float64(0.1102521271695081), 'chisq': np.float64(0.9845980551775123), 'rchisq': np.float64(0.012623051989455287), 'wchisq': np.float64(28.377698778083072), 'rwchisq': np.float64(0.36381665100106503), 'niter': 6, 'nsynthesis': 22, 'status': 5}"
2678404179164683392,6fe28bcdf202154c,5361.427734375,4.361299991607666,-1.1466000080108643,5909.210673183689,3.935144043435883,-1.5572339154731543,12.512295919630313,0.012491954659093536,0.1676408851335006,"{'days': 0, 'hours': 0, 'minutes': 0, 'seconds': 46, 'dof': 78, 'error': '', 'rms': np.float64(0.0480048677708551), 'chisq': np.float64(0.18666185370547994), 'rchisq': np.float64(0.002393100688531794), 'wchisq': np.float64(32.851362288745314), 'rwchisq': np.float64(0.4211713113941707), 'niter': 6, 'nsynthesis': 22, 'status': 5}"
2543611269145731840,bb92bcd4da069910,5016.4833984375,4.2967000007629395,-0.4032999873161316,5160.956139732643,4.297093729700982,-0.3835878285235231,15.781416321150433,0.016140200745885597,0.007698981739951625,"{'days': 0, 'hours': 0, 'minutes': 0, 'seconds': 51, 'dof': 78, 'error': '', 'rms': np.float64(0.07914920009146607), 'chisq': np.float64(0.5074322658846336), 'rchisq': np.float64(0.006505541870315816), 'wchisq': np.float64(69.3940188749115), 'rwchisq': np.float64(0.8896669086527115), 'niter': 5, 'nsynthesis': 23, 'status': 2}"
3262853639358215296,71806f586ebd23fe,3585.021484375,4.724400043487549,-0.2085999995470047,3930.2702824089183,5.0,-1.7946362285746762,262.08502054644526,0.0,0.6560721920947494,"{'days': 0, 'hours': 0, 'minutes': 0, 'seconds': 47, 'dof': 78, 'error': '', 'rms': np.float64(0.15079794768397037), 'chisq': np.float64(1.8419417030814942), 'rchisq': np.float64(0.023614637218993515), 'wchisq': np.float64(75.07679227533235), 'rwchisq': np.float64(0.9625229778888763), 'niter': 6, 'nsynthesis': 24, 'status': 5}"
1038348510342843136,86906109042a2b4d,6278.73046875,4.685299873352051,-3.7818000316619873,6278.73046875,4.685299873352051,-3.7818000316619873,23.045124944100163,0.02531583283744223,0.026813839521213516,"{'days': 0, 'hours': 0, 'minutes': 0, 'seconds': 10, 'dof': 78, 'error': '', 'rms': np.float64(0.05542798290316955), 'chisq': np.float64(0.2488531643858385), 'rchisq': np.float64(0.003190425184433827), 'wchisq': np.float64(8.38849615098783), 'rwchisq': np.float64(0.10754482244856192), 'niter': 1, 'nsynthesis': 7, 'status': 2}"
2545303073943495424,63e935e1f70533d6,4145.3193359375,4.495500087738037,0.1656000018119812,4070.197202426041,5.0,-1.645389767706257,450.75722003452796,0.0,1.0781071421551187,"{'days': 0, 'hours': 0, 'minutes': 0, 'seconds': 50, 'dof': 78, 'error': '', 'rms': np.float64(0.10904955252794267), 'chisq': np.float64(0.9632361974301067), 'rchisq': np.float64(0.0123491820183347), 'wchisq': np.float64(21.110315629807474), 'rwchisq': np.float64(0.2706450721770189), 'niter': 5, 'nsynthesis': 25, 'status': 2}"
1036320117547404672,09fa70585d08bf63,5963.22216796875,4.6092000007629395,-0.8492000102996826,6030.462072387022,4.67047859837744,-0.8212149517247185,30.61645378069107,0.035683054699959714,0.013495959303680765,"{'days': 0, 'hours': 0, 'minutes': 0, 'seconds': 46, 'dof': 78, 'error': '', 'rms': np.float64(0.06327716165901624), 'chisq': np.float64(0.3243239341973233), 'rchisq': np.float64(0.00415799915637594), 'wchisq': np.float64(25.28603373149646), 'rwchisq': np.float64(0.32417991963457), 'niter': 4, 'nsynthesis': 21, 'status': 2}"
1428084803538807168,de12d6a500dbfe25,6102.35791015625,4.706399917602539,-4.038899898529053,6126.251841318643,4.756038513398502,-4.019760082464158,38.50516659564017,0.053443381511534015,20.13750388453302,"{'days': 0, 'hours': 0, 'minutes': 0, 'seconds': 17, 'dof': 78, 'error': '', 'rms': np.float64(0.09748746745573804), 'chisq': np.float64(0.7698083111856202), 'rchisq': np.float64(0.009869337322892567), 'wchisq': np.float64(8.177945428953866), 'rwchisq': np.float64(0.10484545421735725), 'niter': 2, 'nsynthesis': 12, 'status': 2}"
2542769043239308544,84b1fd2f2fc182e0,5557.33544921875,4.592899799346924,-0.9247000217437744,5769.276456610841,4.76541345916905,-0.9114759312931111,10.760414739998769,0.024881938851672177,0.004799165572695703,"{'days': 0, 'hours': 0, 'minutes': 0, 'seconds': 52, 'dof': 78, 'error': '', 'rms': np.float64(0.05532197950664532), 'chisq': np.float64(0.24790223473922848), 'rchisq': np.float64(0.0031782337787080576), 'wchisq': np.float64(46.85884781018031), 'rwchisq': np.float64(0.6007544591048758), 'niter': 5, 'nsynthesis': 24, 'status': 2}"
2533117117852211840,c9bd850b374a7f04,3607.870849609375,4.760300159454346,-0.44110000133514404,3756.6717079650934,4.576945639148408,-1.1986764228525457,547.2175368203503,0.2918086044256297,1.0047265210558944,"{'days': 0, 'hours': 0, 'minutes': 0, 'seconds': 48, 'dof': 78, 'error': '', 'rms': np.float64(0.14329745606493235), 'chisq': np.float64(1.6632670340891789), 'rchisq': np.float64(0.021323936334476653), 'wchisq': np.float64(35.82760500618136), 'rwchisq': np.float64(0.4593282693100174), 'niter': 6, 'nsynthesis': 25, 'status': 5}"
1564454589326986496,3ad875cdad62d96c,5713.39013671875,4.643599987030029,-1.2726999521255493,5733.311220315618,4.669107645210877,-1.2534630655911485,25.50697032512175,0.060682099386631605,0.012596908850309485,"{'days': 0, 'hours': 0, 'minutes': 0, 'seconds': 44, 'dof': 78, 'error': '', 'rms': np.float64(0.04889574977949395), 'chisq': np.float64(0.19365434206640947), 'rchisq': np.float64(0.0024827479752103777), 'wchisq': np.float64(9.43825709824917), 'rwchisq': np.float64(0.12100329613139962), 'niter': 4, 'nsynthesis': 20, 'status': 2}"
1498651837766146048,3bfbc1421119c494,6815.2763671875,4.385499954223633,-2.8477001190185547,6839.292884125614,4.410166829758551,-2.8259908075594455,53.93379505849653,0.038240660538161886,3.2572760185515275,"{'days': 0, 'hours': 0, 'minutes': 0, 'seconds': 18, 'dof': 78, 'error': '', 'rms': np.float64(0.06729414635311488), 'chisq': np.float64(0.3668086728049501), 'rchisq': np.float64(0.004702675292371155), 'wchisq': np.float64(6.0155900556424), 'rwchisq': np.float64(0.07712294943131281), 'niter': 2, 'nsynthesis': 12, 'status': 2}"
1612404974313659264,6dcc4c5ffde12b7c,8424.1650390625,4.466800212860107,-1.145300030708313,8448.855908074021,4.508930697098635,-1.1317740627511992,40.5920218501846,0.028695730641436122,0.1730444731964167,"{'days': 0, 'hours': 0, 'minutes': 0, 'seconds': 35, 'dof': 78, 'error': '', 'rms': np.float64(0.04542250414625847), 'chisq': np.float64(0.1671195145162663), 'rchisq': np.float64(0.0021425578784136706), 'wchisq': np.float64(6.2025342698673), 'rwchisq': np.float64(0.07951967012650385), 'niter': 4, 'nsynthesis': 20, 'status': 2}"
2534112107155753344,e5e01b8411fab72e,5383.86767578125,4.5391998291015625,-0.27129998803138733,5383.86767578125,4.5391998291015625,-0.27129998803138733,11.028217704993416,0.007247595623009841,0.00535974473967059,"{'days': 0, 'hours': 0, 'minutes': 0, 'seconds': 14, 'dof': 78, 'error': '', 'rms': np.float64(0.08639221988530858), 'chisq': np.float64(0.6045528681936322), 'rchisq': np.float64(0.007750677797354259), 'wchisq': np.float64(131.76533803709813), 'rwchisq': np.float64(1.6892992056038223), 'niter': 1, 'nsynthesis': 7, 'status': 2}"
401318892280022144,e4815e6a0065be84,5639.671875,4.626699924468994,-0.412200003862381,5683.950946981922,4.659336485270438,-0.38359353920853756,16.813288983318547,0.013744571085481466,0.007119808516179858,"{'days': 0, 'hours': 0, 'minutes': 0, 'seconds': 41, 'dof': 78, 'error': '', 'rms': np.float64(0.08322741977602136), 'chisq': np.float64(0.5610710756084997), 'rchisq': np.float64(0.007193218918057688), 'wchisq': np.float64(52.54175656414219), 'rwchisq': np.float64(0.6736122636428485), 'niter': 4, 'nsynthesis': 19, 'status': 2}"
1547634844562578816,3b5c43525be1e390,6115.74609375,4.512700080871582,-4.1427001953125,6116.476693128061,4.513464281583615,-4.040019359848024,33.64797274816007,0.03568966765684932,11.134898723365342,"{'days': 0, 'hours': 0, 'minutes': 0, 'seconds': 12, 'dof': 78, 'error': '', 'rms': np.float64(0.06260995879968194), 'chisq': np.float64(0.31752056221272745), 'rchisq': np.float64(0.004070776438624711), 'wchisq': np.float64(13.520905421501197), 'rwchisq': np.float64(0.1733449413012974), 'niter': 2, 'nsynthesis': 8, 'status': 2}"
2679096970274022400,cc69739b85785723,5411.6064453125,4.692299842834473,-1.2417000532150269,5419.295729188463,4.694015525295044,-1.2423434478130728,498.96677279368174,0.5988484950629768,0.017531139131587846,"{'days': 0, 'hours': 0, 'minutes': 0, 'seconds': 32, 'dof': 78, 'error': '', 'rms': np.float64(0.0574727257642169), 'chisq': np.float64(0.2675522507482794), 'rchisq': np.float64(0.0034301570608753764), 'wchisq': np.float64(7.960659370427537), 'rwchisq': np.float64(0.10205973551830176), 'niter': 3, 'nsynthesis': 15, 'status': 2}"
2530967263382353024,f23c061463c1ea62,7315.7607421875,3.751199960708618,-1.4671000242233276,7368.243605685665,3.8165463075651442,-1.426017349696843,13.633840946331354,0.008201486645137465,0.009799818921565225,"{'days': 0, 'hours': 0, 'minutes': 0, 'seconds': 38, 'dof': 78, 'error': '', 'rms': np.float64(0.039429504404644114), 'chisq': np.float64(0.12592955122526384), 'rchisq': np.float64(0.001614481425964921), 'wchisq': np.float64(35.651617902731886), 'rwchisq': np.float64(0.4570720243939985), 'niter': 4, 'nsynthesis': 21, 'status': 2}"
2691209710057568896,6f28f1c1ea30bd08,6022.13623046875,4.674600124359131,-2.4463000297546387,6038.882980580073,4.681538969121747,-2.379779648777979,23.100632785593266,0.014299292658698221,0.013539375428884086,"{'days': 0, 'hours': 0, 'minutes': 0, 'seconds': 23, 'dof': 78, 'error': '', 'rms': np.float64(0.048181851234759175), 'chisq': np.float64(0.1880407538610856), 'rchisq': np.float64(0.0024107788956549436), 'wchisq': np.float64(15.912461542147438), 'rwchisq': np.float64(0.20400591720701844), 'niter': 2, 'nsynthesis': 13, 'status': 2}"
894655676467138432,d987d1f5e76a7fa4,5264.4677734375,4.7195000648498535,-1.3553999662399292,5834.166383161598,5.0,-2.2332155522067785,20.42784979815172,0.05072122723532773,0.12163317022194807,"{'days': 0, 'hours': 0, 'minutes': 0, 'seconds': 32, 'dof': 78, 'error': '', 'rms': np.float64(0.04155324452190287), 'chisq': np.float64(0.1398604425540611), 'rchisq': np.float64(0.0017930825968469372), 'wchisq': np.float64(9.64132988361175), 'rwchisq': np.float64(0.12360679337963781), 'niter': 3, 'nsynthesis': 19, 'status': 2}"
2541937709368724736,c5611015f8d176e5,5687.4658203125,4.524199962615967,-0.9991000294685364,5718.103042826644,4.537941034173559,-0.9834106042661604,29.462595427729443,0.01710791568914884,0.009783672260051784,"{'days': 0, 'hours': 0, 'minutes': 0, 'seconds': 23, 'dof': 78, 'error': '', 'rms': np.float64(0.0633389855927716), 'chisq': np.float64(0.32495799476962756), 'rchisq': np.float64(0.004166128138072148), 'wchisq': np.float64(18.901919067245917), 'rwchisq': np.float64(0.242332295733922), 'niter': 2, 'nsynthesis': 11, 'status': 2}"
1591469796180297984,44c562e08eb4f009,6339.29638671875,4.303100109100342,-1.041599988937378,6357.737058104864,4.313811338673348,-1.0192414984370959,17.50274976134484,0.03650547828477673,0.008698803362868365,"{'days': 0, 'hours': 0, 'minutes': 0, 'seconds': 24, 'dof': 78, 'error': '', 'rms': np.float64(0.04594764503210008), 'chisq': np.float64(0.17100607280366562), 'rchisq': np.float64(0.002192385548764944), 'wchisq': np.float64(13.861689932353595), 'rwchisq': np.float64(0.17771397349171275), 'niter': 3, 'nsynthesis': 12, 'status': 2}"
1568975540623008000,d0addce94fa1f746,6283.3955078125,4.6819000244140625,-3.7172999382019043,6341.520004650349,4.805285191663448,-1.7009325226432417,33.73267755421193,0.02623728011368058,0.01689086120852063,"{'days': 0, 'hours': 0, 'minutes': 0, 'seconds': 36, 'dof': 78, 'error': '', 'rms': np.float64(0.07139857598491636), 'chisq': np.float64(0.4129182888665839), 'rchisq': np.float64(0.005293824216238255), 'wchisq': np.float64(9.194760557351032), 'rwchisq': np.float64(0.11788154560706451), 'niter': 4, 'nsynthesis': 20, 'status': 2}"
2544267918106027136,7b07aed684e4090f,5223.31298828125,4.593599796295166,-1.007200002670288,5237.2164008366135,4.728131951654615,-1.0290071888099976,200.90928731437126,0.20415457422335595,0.4843992260824405,"{'days': 0, 'hours': 0, 'minutes': 0, 'seconds': 33, 'dof': 78, 'error': '', 'rms': np.float64(0.06471971257837081), 'chisq': np.float64(0.33927993689438124), 'rchisq': np.float64(0.0043497427806971955), 'wchisq': np.float64(10.660995185905843), 'rwchisq': np.float64(0.13667942546033132), 'niter': 3, 'nsynthesis': 18, 'status': 2}"
2536042574696422912,090e2c8eee238097,4348.380859375,4.491799831390381,-0.12430000305175781,4117.137880291388,5.0,-1.6978903964441057,335.29637630449145,0.0,0.4292233603567105,"{'days': 0, 'hours': 0, 'minutes': 0, 'seconds': 46, 'dof': 78, 'error': '', 'rms': np.float64(0.09529391905897742), 'chisq': np.float64(0.7355554117791342), 'rchisq': np.float64(0.009430197586911977), 'wchisq': np.float64(37.594437646024865), 'rwchisq': np.float64(0.4819799698208316), 'niter': 6, 'nsynthesis': 22, 'status': 5}"
839377523222888576,ef1fe84c7656c65e,5929.56884765625,4.273200035095215,-0.919700026512146,6022.941426824979,4.278671422525835,-0.9103611218844507,27.066174941685198,0.02741719532909798,0.006321138725211016,"{'days': 0, 'hours': 0, 'minutes': 0, 'seconds': 43, 'dof': 78, 'error': '', 'rms': np.float64(0.054356325210534066), 'chisq': np.float64(0.23932341732186063), 'rchisq': np.float64(0.0030682489400238543), 'wchisq': np.float64(46.05903212698234), 'rwchisq': np.float64(0.590500411884389), 'niter': 4, 'nsynthesis': 20, 'status': 2}"
1331916641785966592,03bb24b89f39efbd,7380.6552734375,4.439700126647949,-0.7451000213623047,7473.77792412868,4.5035539085729805,-0.7435698813612319,24.592978442976932,0.026885746063090684,0.026391422154701204,"{'days': 0, 'hours': 0, 'minutes': 0, 'seconds': 43, 'dof': 78, 'error': '', 'rms': np.float64(0.06960158836032611), 'chisq': np.float64(0.3923948692847029), 'rchisq': np.float64(0.005030703452367986), 'wchisq': np.float64(12.11814452697013), 'rwchisq': np.float64(0.15536082726884784), 'niter': 4, 'nsynthesis': 22, 'status': 2}"
3649439277689147392,9974de0ece339ef4,7423.037109375,4.09630012512207,-0.8878999948501587,7452.591048218896,4.1127391623871885,-1.3629266604004981,40.87681958310387,0.040131845527330116,0.13829037850428824,"{'days': 0, 'hours': 0, 'minutes': 0, 'seconds': 32, 'dof': 78, 'error': '', 'rms': np.float64(0.030877171946728257), 'chisq': np.float64(0.07722537954165362), 'rchisq': np.float64(0.0009900689684827386), 'wchisq': np.float64(8.38736497416064), 'rwchisq': np.float64(0.10753032018154667), 'niter': 3, 'nsynthesis': 17, 'status': 2}"
804685831125272320,4e4924dd2802ca78,7484.37890625,4.3506999015808105,-1.4474999904632568,7484.37890625,4.3506999015808105,-1.4474999904632568,33.34847731221291,0.024438960905520165,0.03339856894248997,"{'days': 0, 'hours': 0, 'minutes': 0, 'seconds': 13, 'dof': 78, 'error': '', 'rms': np.float64(0.08919466280947859), 'chisq': np.float64(0.6444107177694233), 'rchisq': np.float64(0.00826167586883876), 'wchisq': np.float64(11.861437039523523), 'rwchisq': np.float64(0.15206970563491695), 'niter': 1, 'nsynthesis': 8, 'status': 2}"
2537097109426564224,65e8a1ca3a15cf61,3647.437744140625,4.604100227355957,-0.5751000046730042,3639.5411945315745,4.790084767254248,-0.5704920277132899,316.7464923791058,0.47662807617897307,0.6713416235826558,"{'days': 0, 'hours': 0, 'minutes': 0, 'seconds': 40, 'dof': 78, 'error': '', 'rms': np.float64(0.16201136491135693), 'chisq': np.float64(2.126062271195709), 'rchisq': np.float64(0.027257208605073194), 'wchisq': np.float64(49.19823397953102), 'rwchisq': np.float64(0.6307465894811669), 'niter': 4, 'nsynthesis': 23, 'status': 2}"
3860637903558456960,0d8054c75456c70c,5271.1220703125,4.693999767303467,-0.7840999960899353,5271.646684045864,4.691781594435972,-0.7870617816300207,91.55402532852656,0.6014166529508804,0.2516009343809626,"{'days': 0, 'hours': 0, 'minutes': 0, 'seconds': 26, 'dof': 78, 'error': '', 'rms': np.float64(0.07671920347023999), 'chisq': np.float64(0.47675273066975477), 'rchisq': np.float64(0.0061122144957660865), 'wchisq': np.float64(14.322108805993713), 'rwchisq': np.float64(0.18361677956402195), 'niter': 2, 'nsynthesis': 13, 'status': 2}"
904277399642021888,a1f9c3503b99cce8,5523.46142578125,4.677199840545654,-1.2062000036239624,5523.46142578125,4.677199840545654,-1.2062000036239624,38.825133351143954,0.06315226025509695,0.03345026928635302,"{'days': 0, 'hours': 0, 'minutes': 0, 'seconds': 12, 'dof': 78, 'error': '', 'rms': np.float64(0.06098825554707797), 'chisq': np.float64(0.30128495248873066), 'rchisq': np.float64(0.0038626275960093673), 'wchisq': np.float64(12.813251527968964), 'rwchisq': np.float64(0.1642724554867816), 'niter': 1, 'nsynthesis': 7, 'status': 2}"
377141769754472960,1189fe17e1885fc4,5381.81982421875,4.405799865722656,-0.8924999833106995,5404.986866493129,4.416651118073274,-0.8916695112686897,41.5856720103354,0.04160504197243159,0.010488229402747162,"{'days': 0, 'hours': 0, 'minutes': 0, 'seconds': 24, 'dof': 78, 'error': '', 'rms': np.float64(0.0662487397722986), 'chisq': np.float64(0.35550053723483677), 'rchisq': np.float64(0.00455769919531842), 'wchisq': np.float64(27.319482394326553), 'rwchisq': np.float64(0.3502497742862379), 'niter': 2, 'nsynthesis': 12, 'status': 2}"
1576337664324402944,58fd6c6e18de2629,5982.56494140625,4.419099807739258,-0.7221999764442444,6009.532448516971,4.4306826903877035,-0.6713629036718939,8.552315151030033,0.01085942312627112,0.006997570644370638,"{'days': 0, 'hours': 0, 'minutes': 0, 'seconds': 32, 'dof': 78, 'error': '', 'rms': np.float64(0.06405944313010721), 'chisq': np.float64(0.3323925925852946), 'rchisq': np.float64(0.004261443494683264), 'wchisq': np.float64(75.26336468983642), 'rwchisq': np.float64(0.9649149319209798), 'niter': 3, 'nsynthesis': 16, 'status': 2}"
1560848294267760512,fe2d376d995fedfa,6294.67529296875,4.378799915313721,-1.7157000303268433,6330.777717015376,4.434550872628289,-2.0688609994103944,7.204402834783769,0.01380300497584795,0.2543403637404832,"{'days': 0, 'hours': 0, 'minutes': 0, 'seconds': 20, 'dof': 78, 'error': '', 'rms': np.float64(0.025361872532819442), 'chisq': np.float64(0.05210119084804948), 'rchisq': np.float64(0.0006679639852314037), 'wchisq': np.float64(13.091312084276286), 'rwchisq': np.float64(0.16783733441379853), 'niter': 2, 'nsynthesis': 12, 'status': 2}"
714441631865640960,4fe4a3e0a3da2978,6245.58642578125,4.494200229644775,-0.7157999873161316,6299.773239512732,4.527380939574967,-0.7050457841229099,11.107840589547829,0.011726019867807868,0.01246775905986475,"{'days': 0, 'hours': 0, 'minutes': 0, 'seconds': 33, 'dof': 78, 'error': '', 'rms': np.float64(0.06877996152650663), 'chisq': np.float64(0.3831853317146063), 'rchisq': np.float64(0.004912632457879568), 'wchisq': np.float64(43.21582020835929), 'rwchisq': np.float64(0.5540489770302474), 'niter': 3, 'nsynthesis': 16, 'status': 2}"
680358725613111936,c3b3fd8f747722df,5866.56640625,4.581099987030029,-1.573199987411499,5881.558556653436,4.631175914993056,-2.477985754644093,54.201360644749315,0.017378387956361284,0.02773242378202696,"{'days': 0, 'hours': 0, 'minutes': 0, 'seconds': 17, 'dof': 78, 'error': '', 'rms': np.float64(0.02892309007335384), 'chisq': np.float64(0.0677601562906985), 'rchisq': np.float64(0.0008687199524448525), 'wchisq': np.float64(4.137345665454066), 'rwchisq': np.float64(0.053042893146847), 'niter': 2, 'nsynthesis': 11, 'status': 2}"
3818300040100296448,31bc742b6998a82c,5680.8037109375,4.63700008392334,-1.0500999689102173,5682.849313456913,4.638300446945372,-1.051142025923263,31.778708893604684,0.02952730378671156,0.023954273851275108,"{'days': 0, 'hours': 0, 'minutes': 0, 'seconds': 22, 'dof': 78, 'error': '', 'rms': np.float64(0.06620285832509304), 'chisq': np.float64(0.35500829448339954), 'rchisq': np.float64(0.004551388390812814), 'wchisq': np.float64(14.401431196631481), 'rwchisq': np.float64(0.1846337332901472), 'niter': 2, 'nsynthesis': 11, 'status': 2}"
3720002669784991744,6fed4c6f00feede8,5835.9345703125,4.599800109863281,-1.1511000394821167,5835.9345703125,4.599800109863281,-1.1511000394821167,57.77209511717183,0.03291506718870522,0.010013318400535098,"{'days': 0, 'hours': 0, 'minutes': 0, 'seconds': 15, 'dof': 78, 'error': '', 'rms': np.float64(0.06442503221885595), 'chisq': np.float64(0.3361973668884508), 'rchisq': np.float64(0.004310222652416036), 'wchisq': np.float64(29.09432531253476), 'rwchisq': np.float64(0.3730041706735226), 'niter': 1, 'nsynthesis': 8, 'status': 2}"
1370234656374007424,4064494430028c16,7366.681640625,4.383999824523926,-0.7547000050544739,7382.4689171631535,4.404119424582619,-0.7456323514944797,20.93286795606029,0.02223697165713364,0.01056419765839595,"{'days': 0, 'hours': 0, 'minutes': 0, 'seconds': 40, 'dof': 78, 'error': '', 'rms': np.float64(0.07488512212024606), 'chisq': np.float64(0.45423030271209736), 'rchisq': np.float64(0.005823465419385864), 'wchisq': np.float64(15.0329081532394), 'rwchisq': np.float64(0.19272959170819745), 'niter': 4, 'nsynthesis': 21, 'status': 2}"
2616068054622717568,2e6220c02eea58b3,6094.931640625,4.685800075531006,-4.067299842834473,6094.931640625,4.685800075531006,-4.067299842834473,36.97033822485346,0.0882750182122632,26.410604913611774,"{'days': 0, 'hours': 0, 'minutes': 0, 'seconds': 10, 'dof': 78, 'error': '', 'rms': np.float64(0.07464600616442607), 'chisq': np.float64(0.4513341251402624), 'rchisq': np.float64(0.005786334937695672), 'wchisq': np.float64(6.891495331937732), 'rwchisq': np.float64(0.08835250425561195), 'niter': 1, 'nsynthesis': 7, 'status': 2}"
1334315054603891200,422e9f170c306b43,6440.51904296875,4.381899833679199,-0.6204000115394592,6440.51904296875,4.381899833679199,-0.6204000115394592,21.076507336637434,0.020320645452072753,0.02882212638821908,"{'days': 0, 'hours': 0, 'minutes': 0, 'seconds': 13, 'dof': 78, 'error': '', 'rms': np.float64(0.0735780784751457), 'chisq': np.float64(0.4385124241996706), 'rchisq': np.float64(0.005621954156406033), 'wchisq': np.float64(31.141046203324713), 'rwchisq': np.float64(0.39924418209390655), 'niter': 1, 'nsynthesis': 7, 'status': 2}"
1580229072196340992,316f2e8320f8e56b,6097.39501953125,4.518700122833252,-4.116600036621094,6097.39501953125,4.518700122833252,-4.116600036621094,29.827176800834824,0.03238320835502304,24.671287717557345,"{'days': 0, 'hours': 0, 'minutes': 0, 'seconds': 10, 'dof': 78, 'error': '', 'rms': np.float64(0.07798637648020139), 'chisq': np.float64(0.49263186823744837), 'rchisq': np.float64(0.006315793182531389), 'wchisq': np.float64(11.439566194418228), 'rwchisq': np.float64(0.14666110505664395), 'niter': 1, 'nsynthesis': 7, 'status': 2}"
1557225128576373248,89f42e1f33edf402,5937.26953125,4.457499980926514,-0.7922999858856201,5937.70385273683,4.458364292748547,-0.7920452590300853,18.251580730574624,0.018128409079171,0.009955010694337667,"{'days': 0, 'hours': 0, 'minutes': 0, 'seconds': 22, 'dof': 78, 'error': '', 'rms': np.float64(0.057347671977147685), 'chisq': np.float64(0.26638919397708094), 'rchisq': np.float64(0.0034152460766292427), 'wchisq': np.float64(20.8907438697971), 'rwchisq': np.float64(0.26783004961278334), 'niter': 2, 'nsynthesis': 12, 'status': 2}"
2546868297464787840,d38b489080f48ddb,4150.7001953125,4.57480001449585,0.0020000000949949026,4044.020881272556,5.0,-1.8618590594353923,255.4419639056269,0.0,0.9617779518601163,"{'days': 0, 'hours': 0, 'minutes': 0, 'seconds': 47, 'dof': 78, 'error': '', 'rms': np.float64(0.10885093967834172), 'chisq': np.float64(0.959730692577497), 'rchisq': np.float64(0.012304239648429449), 'wchisq': np.float64(29.94518552544717), 'rwchisq': np.float64(0.38391263494163036), 'niter': 6, 'nsynthesis': 26, 'status': 5}"
3702731884732883200,51879f2e00fbde78,7206.33056640625,4.58459997177124,-3.2179999351501465,7228.176715250142,4.624712748963309,-1.8943454683061967,28.47623264850652,0.026375233508002797,0.017676901771717102,"{'days': 0, 'hours': 0, 'minutes': 0, 'seconds': 32, 'dof': 78, 'error': '', 'rms': np.float64(0.0661826171345912), 'chisq': np.float64(0.3547912436734947), 'rchisq': np.float64(0.004548605688121727), 'wchisq': np.float64(7.743863630585617), 'rwchisq': np.float64(0.09928030295622585), 'niter': 4, 'nsynthesis': 20, 'status': 2}"
2507397135696729600,73cef771c4164a0e,4435.97021484375,4.646699905395508,0.08449999988079071,4443.830911137157,5.0,-1.2677284411601666,253.67132620649207,0.0,0.29548231773516753,"{'days': 0, 'hours': 0, 'minutes': 0, 'seconds': 45, 'dof': 78, 'error': '', 'rms': np.float64(0.09269924618572375), 'chisq': np.float64(0.696045169715515), 'rchisq': np.float64(0.008923656021993782), 'wchisq': np.float64(69.1137941078635), 'rwchisq': np.float64(0.8860742834341474), 'niter': 6, 'nsynthesis': 22, 'status': 5}"
2630187703773356928,1f0f9462f4e5c4bf,5754.08642578125,4.67549991607666,-0.9369999766349792,5953.647330168681,4.609195284086774,-0.9448848724719967,35.57302332209735,0.02410825527656332,0.01844140183721772,"{'days': 0, 'hours': 0, 'minutes': 0, 'seconds': 42, 'dof': 78, 'error': '', 'rms': np.float64(0.06030189779208789), 'chisq': np.float64(0.2945418290635205), 'rchisq': np.float64(0.0037761772956861604), 'wchisq': np.float64(17.41117590072406), 'rwchisq': np.float64(0.22322020385543667), 'niter': 4, 'nsynthesis': 20, 'status': 2}"
1154291667894196608,5aa6936697b913fd,5739.0224609375,4.664700031280518,-1.0901999473571777,5807.824850749866,4.774563709459869,-1.2084019787690259,56.85717619821438,0.05512380004354414,0.3536835399381247,"{'days': 0, 'hours': 0, 'minutes': 0, 'seconds': 46, 'dof': 78, 'error': '', 'rms': np.float64(0.05671458989467309), 'chisq': np.float64(0.26054012126059733), 'rchisq': np.float64(0.003340257964879453), 'wchisq': np.float64(8.148618394979565), 'rwchisq': np.float64(0.10446946660230211), 'niter': 6, 'nsynthesis': 22, 'status': 5}"
2507865282836694016,2187fd45adaa6f4a,5586.40966796875,4.635799884796143,-0.8151999711990356,5653.624856687554,4.652764932943183,-0.7927524648520657,49.98323281970745,0.04369526498314853,0.01179643680136653,"{'days': 0, 'hours': 0, 'minutes': 0, 'seconds': 35, 'dof': 78, 'error': '', 'rms': np.float64(0.06649501821028214), 'chisq': np.float64(0.3581485831896461), 'rchisq': np.float64(0.00459164850243136), 'wchisq': np.float64(16.779298220981566), 'rwchisq': np.float64(0.21511920796130213), 'niter': 4, 'nsynthesis': 17, 'status': 2}"
1729699916988901248,a099174aa34c22bd,5039.32177734375,4.603899955749512,-0.3131999969482422,5139.400819411309,4.6191678004038925,-0.3576911470764577,32.097122395925325,0.025094272929155895,0.022439671655050196,"{'days': 0, 'hours': 0, 'minutes': 0, 'seconds': 49, 'dof': 78, 'error': '', 'rms': np.float64(0.08603167964223778), 'chisq': np.float64(0.5995174420672349), 'rchisq': np.float64(0.007686121052144037), 'wchisq': np.float64(54.149770208759286), 'rwchisq': np.float64(0.6942278231892216), 'niter': 6, 'nsynthesis': 23, 'status': 5}"
706283186868308096,3e73ca638c03ee58,7010.51025390625,4.390100002288818,-1.3145999908447266,7023.166377105257,4.409951905806897,-1.3148525124148236,21.261637524781122,0.020809069762708736,0.7758783638080375,"{'days': 0, 'hours': 0, 'minutes': 0, 'seconds': 21, 'dof': 78, 'error': '', 'rms': np.float64(0.08699260563798356), 'chisq': np.float64(0.612984788290544), 'rchisq': np.float64(0.007858779337058256), 'wchisq': np.float64(23.103567903171037), 'rwchisq': np.float64(0.2961995885021928), 'niter': 2, 'nsynthesis': 12, 'status': 2}"
2667461319754745344,6657896bd66c667b,5470.71728515625,4.331999778747559,-1.126099944114685,5561.342304878415,4.3671298629359825,-1.1034385422915327,18.452845038886974,0.022031377169760422,0.1694635780638637,"{'days': 0, 'hours': 0, 'minutes': 0, 'seconds': 31, 'dof': 78, 'error': '', 'rms': np.float64(0.06299821453023344), 'chisq': np.float64(0.3214707777537825), 'rchisq': np.float64(0.004121420227612596), 'wchisq': np.float64(28.63116594673908), 'rwchisq': np.float64(0.3670662300863985), 'niter': 3, 'nsynthesis': 17, 'status': 2}"
2642140735196996480,681f66a7029d3ba9,5400.103515625,4.642199993133545,-0.7910000085830688,5385.1204503871995,4.706540792350419,-0.803068629271622,24.873046558775055,0.059227091041514975,0.030847729587473796,"{'days': 0, 'hours': 0, 'minutes': 0, 'seconds': 33, 'dof': 78, 'error': '', 'rms': np.float64(0.06624875690060444), 'chisq': np.float64(0.3555007210609062), 'rchisq': np.float64(0.0045577015520629), 'wchisq': np.float64(19.29421658140613), 'rwchisq': np.float64(0.2473617510436683), 'niter': 3, 'nsynthesis': 16, 'status': 2}"
1567407357867734528,049f75fc80a0ba84,5842.06982421875,4.608099937438965,-4.102499961853027,5842.423991944925,4.608694033518444,-4.09423594912683,92.89182154885559,0.11147030441207144,24.89995973470242,"{'days': 0, 'hours': 0, 'minutes': 0, 'seconds': 17, 'dof': 78, 'error': '', 'rms': np.float64(0.08679084124383078), 'chisq': np.float64(0.6101446600287589), 'rchisq': np.float64(0.00782236743626614), 'wchisq': np.float64(5.594487949217107), 'rwchisq': np.float64(0.0717242044771424), 'niter': 2, 'nsynthesis': 12, 'status': 2}"
1401601829033250560,e7dce110199b72d2,6424.38818359375,4.6508002281188965,-2.9005000591278076,6434.272751199919,4.697952920461211,-2.9246559612284,33.8775380440523,0.044298526689985754,0.01611989148707799,"{'days': 0, 'hours': 0, 'minutes': 0, 'seconds': 20, 'dof': 78, 'error': '', 'rms': np.float64(0.10386820550229259), 'chisq': np.float64(0.8738769332555852), 'rchisq': np.float64(0.011203550426353657), 'wchisq': np.float64(8.739331922175959), 'rwchisq': np.float64(0.11204271695097383), 'niter': 2, 'nsynthesis': 14, 'status': 2}"
717724155112112256,76ba53216e7cb9a5,5408.294921875,4.617400169372559,-0.7598000168800354,5413.592721550674,4.624205933543977,-0.7595506188198116,27.74547217578722,0.019167057326479598,0.016096761305637072,"{'days': 0, 'hours': 0, 'minutes': 0, 'seconds': 24, 'dof': 78, 'error': '', 'rms': np.float64(0.07745261625715805), 'chisq': np.float64(0.48591152897136525), 'rchisq': np.float64(0.006229634986812375), 'wchisq': np.float64(112.84239165578491), 'rwchisq': np.float64(1.4466973289203193), 'niter': 2, 'nsynthesis': 12, 'status': 2}"
2494847924157152512,ff3b00361b5fe1f0,4159.04638671875,4.651400089263916,-0.006099999882280827,3979.098695910011,5.0,-1.9517177894515532,91.25358031393301,0.0,1.1052254929653333,"{'days': 0, 'hours': 0, 'minutes': 0, 'seconds': 43, 'dof': 78, 'error': '', 'rms': np.float64(0.10408270572703356), 'chisq': np.float64(0.8774899801482813), 'rchisq': np.float64(0.011249871540362581), 'wchisq': np.float64(20.3680734079773), 'rwchisq': np.float64(0.2611291462561192), 'niter': 6, 'nsynthesis': 22, 'status': 5}"
2500418913352367616,2084f7c6ad6e997f,5861.779296875,4.650300025939941,-0.984000027179718,5915.295821543009,4.656725681257844,-0.984225015605921,13.18260346166829,0.0217236797820423,0.013690971302194266,"{'days': 0, 'hours': 0, 'minutes': 0, 'seconds': 25, 'dof': 78, 'error': '', 'rms': np.float64(0.06437446490097522), 'chisq': np.float64(0.33566981023423803), 'rchisq': np.float64(0.004303459105567154), 'wchisq': np.float64(49.065954139458015), 'rwchisq': np.float64(0.6290506940956155), 'niter': 2, 'nsynthesis': 12, 'status': 2}"
147822706925594624,836eb6698f858784,7201.97998046875,3.9820001125335693,-0.7465000152587891,7203.9964104138835,3.983700224932466,-0.7447151287801661,11.426807760986778,0.019040284419432202,0.01798844459777538,"{'days': 0, 'hours': 0, 'minutes': 0, 'seconds': 22, 'dof': 78, 'error': '', 'rms': np.float64(0.0772296286451475), 'chisq': np.float64(0.4831176587940583), 'rchisq': np.float64(0.0061938161383853635), 'wchisq': np.float64(75.81184797532849), 'rwchisq': np.float64(0.9719467689144679), 'niter': 2, 'nsynthesis': 12, 'status': 2}"
2537097109426564224,65e8a1ca3a15cf61,3647.437744140625,4.604100227355957,-0.5751000046730042,3639.5411945315745,4.790084767254248,-0.5704920277132899,316.7464923791058,0.47662807617897307,0.6713416235826558,"{'days': 0, 'hours': 0, 'minutes': 0, 'seconds': 44, 'dof': 78, 'error': '', 'rms': np.float64(0.16201136491135693), 'chisq': np.float64(2.126062271195709), 'rchisq': np.float64(0.027257208605073194), 'wchisq': np.float64(49.19823397953102), 'rwchisq': np.float64(0.6307465894811669), 'niter': 4, 'nsynthesis': 23, 'status': 2}"
1383831938717278592,305bbed6ae41b91a,6091.80419921875,4.154399871826172,-1.4819999933242798,6094.796490809719,4.155998153394156,-1.475964663183717,22.76338652414201,0.012005392009887778,0.012505119613980412,"{'days': 0, 'hours': 0, 'minutes': 0, 'seconds': 23, 'dof': 78, 'error': '', 'rms': np.float64(0.04251565638803928), 'chisq': np.float64(0.14641406408657187), 'rchisq': np.float64(0.0018771033857252805), 'wchisq': np.float64(31.258164689250233), 'rwchisq': np.float64(0.40074570114423375), 'niter': 3, 'nsynthesis': 13, 'status': 2}"
846884782458474368,b58013363e9c2e89,5821.11962890625,3.904099941253662,-0.632099986076355,5821.11962890625,3.904099941253662,-0.632099986076355,29.794397943620876,0.011309683380294231,0.006009772398929397,"{'days': 0, 'hours': 0, 'minutes': 0, 'seconds': 13, 'dof': 78, 'error': '', 'rms': np.float64(0.062008394160886306), 'chisq': np.float64(0.31144831665935896), 'rchisq': np.float64(0.003992927136658448), 'wchisq': np.float64(83.47043360932145), 'rwchisq': np.float64(1.0701337642220698), 'niter': 1, 'nsynthesis': 7, 'status': 2}"
3860637903558456960,0d8054c75456c70c,5271.1220703125,4.693999767303467,-0.7840999960899353,5271.646684045864,4.691781594435972,-0.7870617816300207,91.55402532852656,0.6014166529508804,0.2516009343809626,"{'days': 0, 'hours': 0, 'minutes': 0, 'seconds': 29, 'dof': 78, 'error': '', 'rms': np.float64(0.07671920347023999), 'chisq': np.float64(0.47675273066975477), 'rchisq': np.float64(0.0061122144957660865), 'wchisq': np.float64(14.322108805993713), 'rwchisq': np.float64(0.18361677956402195), 'niter': 2, 'nsynthesis': 13, 'status': 2}"
2530868509198955648,0c559f46d8a4ab11,7461.59765625,4.285099983215332,-1.4886000156402588,7555.292725237036,4.398731893260392,-1.4337853765579907,14.835329425725677,0.015115661946946534,0.02310612021820787,"{'days': 0, 'hours': 0, 'minutes': 0, 'seconds': 41, 'dof': 78, 'error': '', 'rms': np.float64(0.066947971272081), 'chisq': np.float64(0.3630444994532381), 'rchisq': np.float64(0.004654416659656898), 'wchisq': np.float64(25.869192196343203), 'rwchisq': np.float64(0.33165631020952824), 'niter': 5, 'nsynthesis': 24, 'status': 2}"
904277399642021888,a1f9c3503b99cce8,5523.46142578125,4.677199840545654,-1.2062000036239624,5523.46142578125,4.677199840545654,-1.2062000036239624,38.825133351143954,0.06315226025509695,0.03345026928635302,"{'days': 0, 'hours': 0, 'minutes': 0, 'seconds': 13, 'dof': 78, 'error': '', 'rms': np.float64(0.06098825554707797), 'chisq': np.float64(0.30128495248873066), 'rchisq': np.float64(0.0038626275960093673), 'wchisq': np.float64(12.813251527968964), 'rwchisq': np.float64(0.1642724554867816), 'niter': 1, 'nsynthesis': 7, 'status': 2}"
377141769754472960,1189fe17e1885fc4,5381.81982421875,4.405799865722656,-0.8924999833106995,5404.986866493129,4.416651118073274,-0.8916695112686897,41.5856720103354,0.04160504197243159,0.010488229402747162,"{'days': 0, 'hours': 0, 'minutes': 0, 'seconds': 26, 'dof': 78, 'error': '', 'rms': np.float64(0.0662487397722986), 'chisq': np.float64(0.35550053723483677), 'rchisq': np.float64(0.00455769919531842), 'wchisq': np.float64(27.319482394326553), 'rwchisq': np.float64(0.3502497742862379), 'niter': 2, 'nsynthesis': 12, 'status': 2}"
4228298412746841984,fba5a774ab925a3a,4560.76123046875,4.424699783325195,-0.8070999979972839,4768.909182036883,5.0,-1.33539822248527,627.2572523396237,0.0,0.8462116641260311,"{'days': 0, 'hours': 0, 'minutes': 0, 'seconds': 47, 'dof': 78, 'error': '', 'rms': np.float64(0.08134518456576582), 'chisq': np.float64(0.535980163215119), 'rchisq': np.float64(0.006871540554039987), 'wchisq': np.float64(15.394449228848403), 'rwchisq': np.float64(0.19736473370318466), 'niter': 6, 'nsynthesis': 23, 'status': 5}"
1576337664324402944,58fd6c6e18de2629,5982.56494140625,4.419099807739258,-0.7221999764442444,6009.532448516971,4.4306826903877035,-0.6713629036718939,8.552315151030033,0.01085942312627112,0.006997570644370638,"{'days': 0, 'hours': 0, 'minutes': 0, 'seconds': 34, 'dof': 78, 'error': '', 'rms': np.float64(0.06405944313010721), 'chisq': np.float64(0.3323925925852946), 'rchisq': np.float64(0.004261443494683264), 'wchisq': np.float64(75.26336468983642), 'rwchisq': np.float64(0.9649149319209798), 'niter': 3, 'nsynthesis': 16, 'status': 2}"
867203070144574464,54b24277de1c3345,7711.43212890625,4.395199775695801,-3.530100107192993,7737.8966890436095,4.412039272865668,0.5,24.62715504776344,0.03160917211766526,0.016014403369269008,"{'days': 0, 'hours': 0, 'minutes': 0, 'seconds': 21, 'dof': 78, 'error': '', 'rms': np.float64(0.09023641335082068), 'chisq': np.float64(0.6595514338480337), 'rchisq': np.float64(0.00845578761343633), 'wchisq': np.float64(46.39170637472712), 'rwchisq': np.float64(0.5947654663426554), 'niter': 2, 'nsynthesis': 12, 'status': 2}"
905575540621544320,388d7a0eea5a654e,5701.8466796875,4.731100082397461,-1.4831000566482544,5701.8466796875,4.731100082397461,-1.4831000566482544,73.53618128342085,0.044740249599375906,0.01782954417393907,"{'days': 0, 'hours': 0, 'minutes': 0, 'seconds': 12, 'dof': 78, 'error': '', 'rms': np.float64(0.050683207114024194), 'chisq': np.float64(0.20807178615240887), 'rchisq': np.float64(0.00266758700195396), 'wchisq': np.float64(6.346639444240359), 'rwchisq': np.float64(0.08136717236205589), 'niter': 1, 'nsynthesis': 8, 'status': 2}"
1560848294267760512,fe2d376d995fedfa,6294.67529296875,4.378799915313721,-1.7157000303268433,6330.777717015376,4.434550872628289,-2.0688609994103944,7.204402834783769,0.01380300497584795,0.2543403637404832,"{'days': 0, 'hours': 0, 'minutes': 0, 'seconds': 22, 'dof': 78, 'error': '', 'rms': np.float64(0.025361872532819442), 'chisq': np.float64(0.05210119084804948), 'rchisq': np.float64(0.0006679639852314037), 'wchisq': np.float64(13.091312084276286), 'rwchisq': np.float64(0.16783733441379853), 'niter': 2, 'nsynthesis': 12, 'status': 2}"
2542508768220759936,62c7f10e061097a0,5307.6337890625,4.646699905395508,-0.8598999977111816,5307.6337890625,4.646699905395508,-0.8598999977111816,19.492456570085288,0.08974611464851012,0.008277201303718035,"{'days': 0, 'hours': 0, 'minutes': 0, 'seconds': 14, 'dof': 78, 'error': '', 'rms': np.float64(0.06494152003395012), 'chisq': np.float64(0.34160948296991556), 'rchisq': np.float64(0.004379608756024558), 'wchisq': np.float64(38.76596218013722), 'rwchisq': np.float64(0.4969995151299644), 'niter': 1, 'nsynthesis': 7, 'status': 2}"
714441631865640960,4fe4a3e0a3da2978,6245.58642578125,4.494200229644775,-0.7157999873161316,6299.773239512732,4.527380939574967,-0.7050457841229099,11.107840589547829,0.011726019867807868,0.01246775905986475,"{'days': 0, 'hours': 0, 'minutes': 0, 'seconds': 35, 'dof': 78, 'error': '', 'rms': np.float64(0.06877996152650663), 'chisq': np.float64(0.3831853317146063), 'rchisq': np.float64(0.004912632457879568), 'wchisq': np.float64(43.21582020835929), 'rwchisq': np.float64(0.5540489770302474), 'niter': 3, 'nsynthesis': 16, 'status': 2}"
2537965032122429824,0ea7f6b0933895f3,4541.5107421875,4.59119987487793,0.08219999819993973,4477.1708910166,5.0,-1.3185639058938938,350.71407989061544,0.0,0.4039403324546539,"{'days': 0, 'hours': 0, 'minutes': 0, 'seconds': 47, 'dof': 78, 'error': '', 'rms': np.float64(0.08927282066289552), 'chisq': np.float64(0.64554055723787), 'rchisq': np.float64(0.008276160990229101), 'wchisq': np.float64(34.94769997877961), 'rwchisq': np.float64(0.44804743562537963), 'niter': 6, 'nsynthesis': 24, 'status': 5}"
680358725613111936,c3b3fd8f747722df,5866.56640625,4.581099987030029,-1.573199987411499,5881.558556653436,4.631175914993056,-2.477985754644093,54.201360644749315,0.017378387956361284,0.02773242378202696,"{'days': 0, 'hours': 0, 'minutes': 0, 'seconds': 19, 'dof': 78, 'error': '', 'rms': np.float64(0.02892309007335384), 'chisq': np.float64(0.0677601562906985), 'rchisq': np.float64(0.0008687199524448525), 'wchisq': np.float64(4.137345665454066), 'rwchisq': np.float64(0.053042893146847), 'niter': 2, 'nsynthesis': 11, 'status': 2}"
3818300040100296448,31bc742b6998a82c,5680.8037109375,4.63700008392334,-1.0500999689102173,5682.849313456913,4.638300446945372,-1.051142025923263,31.778708893604684,0.02952730378671156,0.023954273851275108,"{'days': 0, 'hours': 0, 'minutes': 0, 'seconds': 23, 'dof': 78, 'error': '', 'rms': np.float64(0.06620285832509304), 'chisq': np.float64(0.35500829448339954), 'rchisq': np.float64(0.004551388390812814), 'wchisq': np.float64(14.401431196631481), 'rwchisq': np.float64(0.1846337332901472), 'niter': 2, 'nsynthesis': 11, 'status': 2}"
2645474596187070464,5510d909e701a6d5,3823.508544921875,4.804999828338623,-0.9067000150680542,3965.7129105409736,5.0,-1.5232292142234376,536.8719729536658,1.074112533646363,0.9042270296563745,"{'days': 0, 'hours': 0, 'minutes': 0, 'seconds': 42, 'dof': 78, 'error': '', 'rms': np.float64(0.0998774439563905), 'chisq': np.float64(0.808015808712216), 'rchisq': np.float64(0.010359177034772), 'wchisq': np.float64(14.993091098789062), 'rwchisq': np.float64(0.19221911665114183), 'niter': 6, 'nsynthesis': 23, 'status': 5}"
3720002669784991744,6fed4c6f00feede8,5835.9345703125,4.599800109863281,-1.1511000394821167,5835.9345703125,4.599800109863281,-1.1511000394821167,57.77209511717183,0.03291506718870522,0.010013318400535098,"{'days': 0, 'hours': 0, 'minutes': 0, 'seconds': 17, 'dof': 78, 'error': '', 'rms': np.float64(0.06442503221885595), 'chisq': np.float64(0.3361973668884508), 'rchisq': np.float64(0.004310222652416036), 'wchisq': np.float64(29.09432531253476), 'rwchisq': np.float64(0.3730041706735226), 'niter': 1, 'nsynthesis': 8, 'status': 2}"
922973048683735680,b0315c394730e015,7418.62890625,4.349100112915039,-0.25380000472068787,7418.62890625,4.349100112915039,-0.25380000472068787,9.25043890799946,0.009435841100497163,0.0061264311447446285,"{'days': 0, 'hours': 0, 'minutes': 0, 'seconds': 11, 'dof': 78, 'error': '', 'rms': np.float64(0.04641125652205228), 'chisq': np.float64(0.17447438328841494), 'rchisq': np.float64(0.0022368510678001914), 'wchisq': np.float64(31.231041329944293), 'rwchisq': np.float64(0.4003979657685166), 'niter': 1, 'nsynthesis': 8, 'status': 2}"
1370234656374007424,4064494430028c16,7366.681640625,4.383999824523926,-0.7547000050544739,7382.4689171631535,4.404119424582619,-0.7456323514944797,20.93286795606029,0.02223697165713364,0.01056419765839595,"{'days': 0, 'hours': 0, 'minutes': 0, 'seconds': 43, 'dof': 78, 'error': '', 'rms': np.float64(0.07488512212024606), 'chisq': np.float64(0.45423030271209736), 'rchisq': np.float64(0.005823465419385864), 'wchisq': np.float64(15.0329081532394), 'rwchisq': np.float64(0.19272959170819745), 'niter': 4, 'nsynthesis': 21, 'status': 2}"
817442536829389568,1a57d4b15c9090f7,8155.42919921875,4.4303998947143555,-1.0508999824523926,8211.214383488032,4.448305664659299,-1.0449778363562963,79.92894212962516,0.06641657053485511,0.21901105427092044,"{'days': 0, 'hours': 0, 'minutes': 0, 'seconds': 26, 'dof': 78, 'error': '', 'rms': np.float64(0.0650124497330705), 'chisq': np.float64(0.3423561082438964), 'rchisq': np.float64(0.004389180874921748), 'wchisq': np.float64(5.686908026635883), 'rwchisq': np.float64(0.0729090772645626), 'niter': 3, 'nsynthesis': 16, 'status': 2}"
2616068054622717568,2e6220c02eea58b3,6094.931640625,4.685800075531006,-4.067299842834473,6094.931640625,4.685800075531006,-4.067299842834473,36.97033822485346,0.0882750182122632,26.410604913611774,"{'days': 0, 'hours': 0, 'minutes': 0, 'seconds': 11, 'dof': 78, 'error': '', 'rms': np.float64(0.07464600616442607), 'chisq': np.float64(0.4513341251402624), 'rchisq': np.float64(0.005786334937695672), 'wchisq': np.float64(6.891495331937732), 'rwchisq': np.float64(0.08835250425561195), 'niter': 1, 'nsynthesis': 7, 'status': 2}"
2738200397487652480,b0880b104542cd2b,6265.6767578125,4.347300052642822,-1.951799988746643,6300.701020747381,4.399256054231292,-1.9475875408898844,19.49189201722293,0.027794111809859044,0.013555055279422367,"{'days': 0, 'hours': 0, 'minutes': 0, 'seconds': 21, 'dof': 78, 'error': '', 'rms': np.float64(0.042027410738447436), 'chisq': np.float64(0.1430705635236315), 'rchisq': np.float64(0.0018342379938927117), 'wchisq': np.float64(15.71809922029054), 'rwchisq': np.float64(0.20151409256782743), 'niter': 3, 'nsynthesis': 12, 'status': 2}"
1334315054603891200,422e9f170c306b43,6440.51904296875,4.381899833679199,-0.6204000115394592,6440.51904296875,4.381899833679199,-0.6204000115394592,21.076507336637434,0.020320645452072753,0.02882212638821908,"{'days': 0, 'hours': 0, 'minutes': 0, 'seconds': 14, 'dof': 78, 'error': '', 'rms': np.float64(0.0735780784751457), 'chisq': np.float64(0.4385124241996706), 'rchisq': np.float64(0.005621954156406033), 'wchisq': np.float64(31.141046203324713), 'rwchisq': np.float64(0.39924418209390655), 'niter': 1, 'nsynthesis': 7, 'status': 2}"
1580229072196340992,316f2e8320f8e56b,6097.39501953125,4.518700122833252,-4.116600036621094,6097.39501953125,4.518700122833252,-4.116600036621094,29.827176800834824,0.03238320835502304,24.671287717557345,"{'days': 0, 'hours': 0, 'minutes': 0, 'seconds': 11, 'dof': 78, 'error': '', 'rms': np.float64(0.07798637648020139), 'chisq': np.float64(0.49263186823744837), 'rchisq': np.float64(0.006315793182531389), 'wchisq': np.float64(11.439566194418228), 'rwchisq': np.float64(0.14666110505664395), 'niter': 1, 'nsynthesis': 7, 'status': 2}"
1491337169160052992,16652a7a217eb4cf,6257.96630859375,4.6092000007629395,-3.4560000896453857,6332.758957942889,4.676919135991589,-3.276920175633471,54.85038511271804,0.03537965724642491,6.8243461106922,"{'days': 0, 'hours': 0, 'minutes': 0, 'seconds': 29, 'dof': 78, 'error': '', 'rms': np.float64(0.11384483928050934), 'chisq': np.float64(1.0498124418952053), 'rchisq': np.float64(0.01345913387045135), 'wchisq': np.float64(13.350707370849936), 'rwchisq': np.float64(0.17116291501089662), 'niter': 4, 'nsynthesis': 20, 'status': 2}"
1557225128576373248,89f42e1f33edf402,5937.26953125,4.457499980926514,-0.7922999858856201,5937.70385273683,4.458364292748547,-0.7920452590300853,18.251580730574624,0.018128409079171,0.009955010694337667,"{'days': 0, 'hours': 0, 'minutes': 0, 'seconds': 24, 'dof': 78, 'error': '', 'rms': np.float64(0.057347671977147685), 'chisq': np.float64(0.26638919397708094), 'rchisq': np.float64(0.0034152460766292427), 'wchisq': np.float64(20.8907438697971), 'rwchisq': np.float64(0.26783004961278334), 'niter': 2, 'nsynthesis': 12, 'status': 2}"
1595992426806523136,b7ffe844a986bc4b,7086.478515625,4.395199775695801,-3.6821999549865723,7091.4348097449265,4.403212664315966,-3.673774415226124,25.167085039240714,0.03865005900361202,0.06525900224832795,"{'days': 0, 'hours': 0, 'minutes': 0, 'seconds': 18, 'dof': 78, 'error': '', 'rms': np.float64(0.07740738597902144), 'chisq': np.float64(0.4853441757325216), 'rchisq': np.float64(0.00622236122734002), 'wchisq': np.float64(7.490006075074524), 'rwchisq': np.float64(0.09602571891121184), 'niter': 2, 'nsynthesis': 13, 'status': 2}"
1370376287216179712,7379f9511a4fbf12,3516.673828125,4.476399898529053,-0.5336999893188477,3541.7444112166327,4.488334753024663,-0.5091639708664903,370.05689056631354,0.8935140291565414,0.6775446763336227,"{'days': 0, 'hours': 0, 'minutes': 0, 'seconds': 36, 'dof': 78, 'error': '', 'rms': np.float64(0.18304702687311647), 'chisq': np.float64(2.7140033378140815), 'rchisq': np.float64(0.03479491458736002), 'wchisq': np.float64(45.6877130834975), 'rwchisq': np.float64(0.585739911326891), 'niter': 4, 'nsynthesis': 21, 'status': 2}"
2546868297464787840,d38b489080f48ddb,4150.7001953125,4.57480001449585,0.0020000000949949026,4044.020881272556,5.0,-1.8618590594353923,255.4419639056269,0.0,0.9617779518601163,"{'days': 0, 'hours': 0, 'minutes': 0, 'seconds': 51, 'dof': 78, 'error': '', 'rms': np.float64(0.10885093967834172), 'chisq': np.float64(0.959730692577497), 'rchisq': np.float64(0.012304239648429449), 'wchisq': np.float64(29.94518552544717), 'rwchisq': np.float64(0.38391263494163036), 'niter': 6, 'nsynthesis': 26, 'status': 5}"
2543981392247656064,0444c52d6489adcd,4110.873046875,4.542600154876709,0.1664000004529953,3938.190533283245,5.0,-1.8954077847804005,240.21448204069537,0.0,0.5242274154546579,"{'days': 0, 'hours': 0, 'minutes': 0, 'seconds': 45, 'dof': 78, 'error': '', 'rms': np.float64(0.12199643646342719), 'chisq': np.float64(1.2055335712917772), 'rchisq': np.float64(0.015455558606304836), 'wchisq': np.float64(69.43667981068769), 'rwchisq': np.float64(0.8902138437267653), 'niter': 6, 'nsynthesis': 23, 'status': 5}"
3702731884732883200,51879f2e00fbde78,7206.33056640625,4.58459997177124,-3.2179999351501465,7228.176715250142,4.624712748963309,-1.8943454683061967,28.47623264850652,0.026375233508002797,0.017676901771717102,"{'days': 0, 'hours': 0, 'minutes': 0, 'seconds': 35, 'dof': 78, 'error': '', 'rms': np.float64(0.0661826171345912), 'chisq': np.float64(0.3547912436734947), 'rchisq': np.float64(0.004548605688121727), 'wchisq': np.float64(7.743863630585617), 'rwchisq': np.float64(0.09928030295622585), 'niter': 4, 'nsynthesis': 20, 'status': 2}"
3266336823475560960,50ac9f6cb2b643f5,4174.44775390625,4.617000102996826,0.13950000703334808,3961.997932526434,5.0,-1.7961105183367028,51.30471477998574,0.0,0.6519864506816212,"{'days': 0, 'hours': 0, 'minutes': 0, 'seconds': 42, 'dof': 78, 'error': '', 'rms': np.float64(0.11226885953249825), 'chisq': np.float64(1.0209480424789539), 'rchisq': np.float64(0.013089077467678897), 'wchisq': np.float64(62.552238580176756), 'rwchisq': np.float64(0.8019517766689328), 'niter': 6, 'nsynthesis': 22, 'status': 5}"
2507397135696729600,73cef771c4164a0e,4435.97021484375,4.646699905395508,0.08449999988079071,4443.830911137157,5.0,-1.2677284411601666,253.67132620649207,0.0,0.29548231773516753,"{'days': 0, 'hours': 0, 'minutes': 0, 'seconds': 48, 'dof': 78, 'error': '', 'rms': np.float64(0.09269924618572375), 'chisq': np.float64(0.696045169715515), 'rchisq': np.float64(0.008923656021993782), 'wchisq': np.float64(69.1137941078635), 'rwchisq': np.float64(0.8860742834341474), 'niter': 6, 'nsynthesis': 22, 'status': 5}"
788369800123505152,487ee202ea7e4328,6008.8935546875,4.586900234222412,-1.3140000104904175,6045.099568194218,4.607701148303194,-1.2901666415147908,40.58830787408986,0.04329238146126793,0.011194401517203398,"{'days': 0, 'hours': 0, 'minutes': 0, 'seconds': 31, 'dof': 78, 'error': '', 'rms': np.float64(0.06019530150992272), 'chisq': np.float64(0.2935014202335109), 'rchisq': np.float64(0.0037628387209424474), 'wchisq': np.float64(11.087309375192643), 'rwchisq': np.float64(0.14214499198964928), 'niter': 3, 'nsynthesis': 16, 'status': 2}"
2630187703773356928,1f0f9462f4e5c4bf,5754.08642578125,4.67549991607666,-0.9369999766349792,5953.647330168681,4.609195284086774,-0.9448848724719967,35.57302332209735,0.02410825527656332,0.01844140183721772,"{'days': 0, 'hours': 0, 'minutes': 0, 'seconds': 44, 'dof': 78, 'error': '', 'rms': np.float64(0.06030189779208789), 'chisq': np.float64(0.2945418290635205), 'rchisq': np.float64(0.0037761772956861604), 'wchisq': np.float64(17.41117590072406), 'rwchisq': np.float64(0.22322020385543667), 'niter': 4, 'nsynthesis': 20, 'status': 2}"
5169382986327833088,40eb143b15c35d12,6097.8837890625,4.706500053405762,-4.060999870300293,6097.8837890625,4.706500053405762,-4.060999870300293,28.089293398819162,0.03124529382154708,21.65942837110886,"{'days': 0, 'hours': 0, 'minutes': 0, 'seconds': 11, 'dof': 78, 'error': '', 'rms': np.float64(0.07472598283738974), 'chisq': np.float64(0.45230177339212313), 'rchisq': np.float64(0.005798740684514399), 'wchisq': np.float64(9.278948186211936), 'rwchisq': np.float64(0.11896087418220432), 'niter': 1, 'nsynthesis': 8, 'status': 2}"
846746862468190208,b7dea82b302309b9,4187.119140625,4.681300163269043,0.016599999740719795,4071.298110887547,5.0,-1.609965436539588,216.58544482745796,0.0,0.36738392911912277,"{'days': 0, 'hours': 0, 'minutes': 0, 'seconds': 44, 'dof': 78, 'error': '', 'rms': np.float64(0.09916330477628818), 'chisq': np.float64(0.7965022421465565), 'rchisq': np.float64(0.010211567207007135), 'wchisq': np.float64(92.46968619936848), 'rwchisq': np.float64(1.1855087974278011), 'niter': 6, 'nsynthesis': 22, 'status': 5}"
1154291667894196608,5aa6936697b913fd,5739.0224609375,4.664700031280518,-1.0901999473571777,5807.824850749866,4.774563709459869,-1.2084019787690259,56.85717619821438,0.05512380004354414,0.3536835399381247,"{'days': 0, 'hours': 0, 'minutes': 0, 'seconds': 50, 'dof': 78, 'error': '', 'rms': np.float64(0.05671458989467309), 'chisq': np.float64(0.26054012126059733), 'rchisq': np.float64(0.003340257964879453), 'wchisq': np.float64(8.148618394979565), 'rwchisq': np.float64(0.10446946660230211), 'niter': 6, 'nsynthesis': 22, 'status': 5}"
910371438543151104,b64a6b85dbff7ba7,6069.36865234375,4.703700065612793,-1.972599983215332,6084.615322653038,4.743073820821131,-1.971875640158002,53.774402449463196,0.03098680511277128,0.039324375109476783,"{'days': 0, 'hours': 0, 'minutes': 0, 'seconds': 20, 'dof': 78, 'error': '', 'rms': np.float64(0.048916936561688634), 'chisq': np.float64(0.1938222012890019), 'rchisq': np.float64(0.0024849000165256653), 'wchisq': np.float64(6.3045019416463095), 'rwchisq': np.float64(0.08082694796982448), 'niter': 2, 'nsynthesis': 13, 'status': 2}"
2507865282836694016,2187fd45adaa6f4a,5586.40966796875,4.635799884796143,-0.8151999711990356,5653.624856687554,4.652764932943183,-0.7927524648520657,49.98323281970745,0.04369526498314853,0.01179643680136653,"{'days': 0, 'hours': 0, 'minutes': 0, 'seconds': 37, 'dof': 78, 'error': '', 'rms': np.float64(0.06649501821028214), 'chisq': np.float64(0.3581485831896461), 'rchisq': np.float64(0.00459164850243136), 'wchisq': np.float64(16.779298220981566), 'rwchisq': np.float64(0.21511920796130213), 'niter': 4, 'nsynthesis': 17, 'status': 2}"
1352278050944489216,aa738a7ad7f374c4,6950.38427734375,3.885200023651123,-0.4952999949455261,6994.583064423207,3.9709356320372002,-1.9706212779045096,6.482036564301105,0.00746518647984626,0.1035185477400928,"{'days': 0, 'hours': 0, 'minutes': 0, 'seconds': 43, 'dof': 78, 'error': '', 'rms': np.float64(0.036232357050656014), 'chisq': np.float64(0.10633547949314404), 'rchisq': np.float64(0.0013632753781172313), 'wchisq': np.float64(31.54405175251476), 'rwchisq': np.float64(0.4044109199040354), 'niter': 5, 'nsynthesis': 25, 'status': 2}"
3713203015000935168,0ee5c3d7addf6f38,6413.51318359375,4.582699775695801,-3.4702000617980957,6416.4419584219795,4.586553609170545,-3.6826570918126547,43.35478986537639,0.03600444020684387,0.022391670239286135,"{'days': 0, 'hours': 0, 'minutes': 0, 'seconds': 16, 'dof': 78, 'error': '', 'rms': np.float64(0.11142199553400768), 'chisq': np.float64(1.0056037481912146), 'rchisq': np.float64(0.012892355746041213), 'wchisq': np.float64(8.973742652904646), 'rwchisq': np.float64(0.11504798272954674), 'niter': 2, 'nsynthesis': 12, 'status': 2}"
1729699916988901248,a099174aa34c22bd,5039.32177734375,4.603899955749512,-0.3131999969482422,5139.400819411309,4.6191678004038925,-0.3576911470764577,32.097122395925325,0.025094272929155895,0.022439671655050196,"{'days': 0, 'hours': 0, 'minutes': 0, 'seconds': 52, 'dof': 78, 'error': '', 'rms': np.float64(0.08603167964223778), 'chisq': np.float64(0.5995174420672349), 'rchisq': np.float64(0.007686121052144037), 'wchisq': np.float64(54.149770208759286), 'rwchisq': np.float64(0.6942278231892216), 'niter': 6, 'nsynthesis': 23, 'status': 5}"
3718043619237583488,6f1a0bbf50fcc55f,6115.20556640625,4.519100189208984,-3.924799919128418,6116.8292840676695,4.522632653394502,-3.834318760538805,36.949885829016566,0.023940980113138083,6.840003202512337,"{'days': 0, 'hours': 0, 'minutes': 0, 'seconds': 17, 'dof': 78, 'error': '', 'rms': np.float64(0.044081053658552596), 'chisq': np.float64(0.15739428262350366), 'rchisq': np.float64(0.002017875418250047), 'wchisq': np.float64(8.85843219723529), 'rwchisq': np.float64(0.11356964355429859), 'niter': 2, 'nsynthesis': 13, 'status': 2}"
2543199532104179584,51e5f1c879f99c34,5946.21337890625,4.609499931335449,-0.9531000256538391,5946.21337890625,4.609499931335449,-0.9531000256538391,27.32623340137078,0.052368005560889844,0.013980513667710907,"{'days': 0, 'hours': 0, 'minutes': 0, 'seconds': 13, 'dof': 78, 'error': '', 'rms': np.float64(0.06218542129573792), 'chisq': np.float64(0.3132291563600016), 'rchisq': np.float64(0.004015758414871815), 'wchisq': np.float64(12.029409740165537), 'rwchisq': np.float64(0.15422320179699406), 'niter': 1, 'nsynthesis': 7, 'status': 2}"
706283186868308096,3e73ca638c03ee58,7010.51025390625,4.390100002288818,-1.3145999908447266,7023.166377105257,4.409951905806897,-1.3148525124148236,21.261637524781122,0.020809069762708736,0.7758783638080375,"{'days': 0, 'hours': 0, 'minutes': 0, 'seconds': 23, 'dof': 78, 'error': '', 'rms': np.float64(0.08699260563798356), 'chisq': np.float64(0.612984788290544), 'rchisq': np.float64(0.007858779337058256), 'wchisq': np.float64(23.103567903171037), 'rwchisq': np.float64(0.2961995885021928), 'niter': 2, 'nsynthesis': 12, 'status': 2}"
3670686691356433152,1755e926fd4468a3,7361.51513671875,4.310299873352051,-2.091900110244751,7361.51513671875,4.310299873352051,-2.091900110244751,14.435512704775121,0.014712061144981988,0.6534877363811467,"{'days': 0, 'hours': 0, 'minutes': 0, 'seconds': 10, 'dof': 78, 'error': '', 'rms': np.float64(0.02410745357549699), 'chisq': np.float64(0.04707471474947415), 'rchisq': np.float64(0.0006035219839676173), 'wchisq': np.float64(4.670517029653923), 'rwchisq': np.float64(0.05987842345710158), 'niter': 1, 'nsynthesis': 7, 'status': 2}"
2501390160076885120,8e36212b862cc85d,5616.64404296875,4.685299873352051,-0.8130000233650208,5660.6819960629155,4.717062679271041,-0.7812214305908244,374.6828068342148,0.3768964901362835,0.013696097182363377,"{'days': 0, 'hours': 0, 'minutes': 0, 'seconds': 33, 'dof': 78, 'error': '', 'rms': np.float64(0.0696269711478313), 'chisq': np.float64(0.39268112400889543), 'rchisq': np.float64(0.005034373384729429), 'wchisq': np.float64(14.62872546075143), 'rwchisq': np.float64(0.187547762317326), 'niter': 4, 'nsynthesis': 16, 'status': 2}"
2667461319754745344,6657896bd66c667b,5470.71728515625,4.331999778747559,-1.126099944114685,5561.342304878415,4.3671298629359825,-1.1034385422915327,18.452845038886974,0.022031377169760422,0.1694635780638637,"{'days': 0, 'hours': 0, 'minutes': 0, 'seconds': 34, 'dof': 78, 'error': '', 'rms': np.float64(0.06299821453023344), 'chisq': np.float64(0.3214707777537825), 'rchisq': np.float64(0.004121420227612596), 'wchisq': np.float64(28.63116594673908), 'rwchisq': np.float64(0.3670662300863985), 'niter': 3, 'nsynthesis': 17, 'status': 2}"
1679974091304346624,959f86a478b4579e,6771.1357421875,4.127500057220459,0.015599999576807022,6780.041097874287,4.137835013931822,0.01877924025785305,19.989565268569034,0.02587165029337201,0.010558802530870454,"{'days': 0, 'hours': 0, 'minutes': 0, 'seconds': 35, 'dof': 78, 'error': '', 'rms': np.float64(0.0649825280123532), 'chisq': np.float64(0.34204104469697777), 'rchisq': np.float64(0.004385141598679202), 'wchisq': np.float64(26.39874325743163), 'rwchisq': np.float64(0.3384454263773286), 'niter': 3, 'nsynthesis': 17, 'status': 2}"
2642140735196996480,681f66a7029d3ba9,5400.103515625,4.642199993133545,-0.7910000085830688,5385.1204503871995,4.706540792350419,-0.803068629271622,24.873046558775055,0.059227091041514975,0.030847729587473796,"{'days': 0, 'hours': 0, 'minutes': 0, 'seconds': 35, 'dof': 78, 'error': '', 'rms': np.float64(0.06624875690060444), 'chisq': np.float64(0.3555007210609062), 'rchisq': np.float64(0.0045577015520629), 'wchisq': np.float64(19.29421658140613), 'rwchisq': np.float64(0.2473617510436683), 'niter': 3, 'nsynthesis': 16, 'status': 2}"
2542718568783562752,3603c8c5e3d9033a,5069.1435546875,4.721499919891357,-0.9513999819755554,4125.278729281829,5.0,-2.7987006611739056,488.2132042347878,0.0,0.944386729979629,"{'days': 0, 'hours': 0, 'minutes': 0, 'seconds': 45, 'dof': 78, 'error': '', 'rms': np.float64(0.059069493251257724), 'chisq': np.float64(0.2826256076697909), 'rchisq': np.float64(0.0036234052265357807), 'wchisq': np.float64(8.911274864394079), 'rwchisq': np.float64(0.11424711364607794), 'niter': 6, 'nsynthesis': 23, 'status': 5}"
1567407357867734528,049f75fc80a0ba84,5842.06982421875,4.608099937438965,-4.102499961853027,5842.423991944925,4.608694033518444,-4.09423594912683,92.89182154885559,0.11147030441207144,24.89995973470242,"{'days': 0, 'hours': 0, 'minutes': 0, 'seconds': 18, 'dof': 78, 'error': '', 'rms': np.float64(0.08679084124383078), 'chisq': np.float64(0.6101446600287589), 'rchisq': np.float64(0.00782236743626614), 'wchisq': np.float64(5.594487949217107), 'rwchisq': np.float64(0.0717242044771424), 'niter': 2, 'nsynthesis': 12, 'status': 2}"
1401601829033250560,e7dce110199b72d2,6424.38818359375,4.6508002281188965,-2.9005000591278076,6434.272751199919,4.697952920461211,-2.9246559612284,33.8775380440523,0.044298526689985754,0.01611989148707799,"{'days': 0, 'hours': 0, 'minutes': 0, 'seconds': 21, 'dof': 78, 'error': '', 'rms': np.float64(0.10386820550229259), 'chisq': np.float64(0.8738769332555852), 'rchisq': np.float64(0.011203550426353657), 'wchisq': np.float64(8.739331922175959), 'rwchisq': np.float64(0.11204271695097383), 'niter': 2, 'nsynthesis': 14, 'status': 2}"
717724155112112256,76ba53216e7cb9a5,5408.294921875,4.617400169372559,-0.7598000168800354,5413.592721550674,4.624205933543977,-0.7595506188198116,27.74547217578722,0.019167057326479598,0.016096761305637072,"{'days': 0, 'hours': 0, 'minutes': 0, 'seconds': 26, 'dof': 78, 'error': '', 'rms': np.float64(0.07745261625715805), 'chisq': np.float64(0.48591152897136525), 'rchisq': np.float64(0.006229634986812375), 'wchisq': np.float64(112.84239165578491), 'rwchisq': np.float64(1.4466973289203193), 'niter': 2, 'nsynthesis': 12, 'status': 2}"
1009928922199050240,38d9957416f21845,4888.2666015625,4.688899993896484,-0.6689000129699707,4864.634115354374,5.0,-1.433605794929161,947.2441694260095,0.0,1.2905181094834959,"{'days': 0, 'hours': 0, 'minutes': 0, 'seconds': 52, 'dof': 78, 'error': '', 'rms': np.float64(0.07080727219908746), 'chisq': np.float64(0.40610725349832877), 'rchisq': np.float64(0.005206503249978574), 'wchisq': np.float64(12.49173024718317), 'rwchisq': np.float64(0.16015038778439963), 'niter': 5, 'nsynthesis': 25, 'status': 2}"
2494847924157152512,ff3b00361b5fe1f0,4159.04638671875,4.651400089263916,-0.006099999882280827,3979.098695910011,5.0,-1.9517177894515532,91.25358031393301,0.0,1.1052254929653333,"{'days': 0, 'hours': 0, 'minutes': 0, 'seconds': 47, 'dof': 78, 'error': '', 'rms': np.float64(0.10408270572703356), 'chisq': np.float64(0.8774899801482813), 'rchisq': np.float64(0.011249871540362581), 'wchisq': np.float64(20.3680734079773), 'rwchisq': np.float64(0.2611291462561192), 'niter': 6, 'nsynthesis': 22, 'status': 5}"
807264293268274688,a0cbc3da27bde42c,6552.71142578125,4.204699993133545,-2.4737000465393066,6559.681540071986,4.2229846468585475,-2.463259564245604,13.48994316238601,0.0077915191747803,0.49964790326833947,"{'days': 0, 'hours': 0, 'minutes': 0, 'seconds': 18, 'dof': 78, 'error': '', 'rms': np.float64(0.03993262801925295), 'chisq': np.float64(0.12916379722244611), 'rchisq': np.float64(0.0016559461182364887), 'wchisq': np.float64(23.004047796358613), 'rwchisq': np.float64(0.2949236896969053), 'niter': 2, 'nsynthesis': 12, 'status': 2}"
2500418913352367616,2084f7c6ad6e997f,5861.779296875,4.650300025939941,-0.984000027179718,5915.295821543009,4.656725681257844,-0.984225015605921,13.18260346166829,0.0217236797820423,0.013690971302194266,"{'days': 0, 'hours': 0, 'minutes': 0, 'seconds': 26, 'dof': 78, 'error': '', 'rms': np.float64(0.06437446490097522), 'chisq': np.float64(0.33566981023423803), 'rchisq': np.float64(0.004303459105567154), 'wchisq': np.float64(49.065954139458015), 'rwchisq': np.float64(0.6290506940956155), 'niter': 2, 'nsynthesis': 12, 'status': 2}"
2544978404479317504,e67b74ff925ac92d,4345.5341796875,4.1855998039245605,-0.36169999837875366,4430.516295860384,5.0,-1.5565412927834916,317.6023064229013,0.0,0.4059751445608938,"{'days': 0, 'hours': 0, 'minutes': 0, 'seconds': 45, 'dof': 78, 'error': '', 'rms': np.float64(0.09117654224790335), 'chisq': np.float64(0.6733661103589801), 'rchisq': np.float64(0.008632898850756155), 'wchisq': np.float64(44.908571472259936), 'rwchisq': np.float64(0.5757509163110248), 'niter': 6, 'nsynthesis': 22, 'status': 5}"
147822706925594624,836eb6698f858784,7201.97998046875,3.9820001125335693,-0.7465000152587891,7203.9964104138835,3.983700224932466,-0.7447151287801661,11.426807760986778,0.019040284419432202,0.01798844459777538,"{'days': 0, 'hours': 0, 'minutes': 0, 'seconds': 24, 'dof': 78, 'error': '', 'rms': np.float64(0.0772296286451475), 'chisq': np.float64(0.4831176587940583), 'rchisq': np.float64(0.0061938161383853635), 'wchisq': np.float64(75.81184797532849), 'rwchisq': np.float64(0.9719467689144679), 'niter': 2, 'nsynthesis': 12, 'status': 2}"
1581559073244797696,da106c8c58cad98f,4248.63037109375,4.539299964904785,0.004900000058114529,4101.747244138332,5.0,-1.5122787300931835,406.20456233138606,0.0,0.7127843315294113,"{'days': 0, 'hours': 0, 'minutes': 0, 'seconds': 44, 'dof': 78, 'error': '', 'rms': np.float64(0.09722515609745314), 'chisq': np.float64(0.7656712092321045), 'rchisq': np.float64(0.00981629755425775), 'wchisq': np.float64(20.532089926741975), 'rwchisq': np.float64(0.2632319221377176), 'niter': 6, 'nsynthesis': 22, 'status': 5}"
1383831938717278592,305bbed6ae41b91a,6091.80419921875,4.154399871826172,-1.4819999933242798,6094.796490809719,4.155998153394156,-1.475964663183717,22.76338652414201,0.012005392009887778,0.012505119613980412,"{'days': 0, 'hours': 0, 'minutes': 0, 'seconds': 25, 'dof': 78, 'error': '', 'rms': np.float64(0.04251565638803928), 'chisq': np.float64(0.14641406408657187), 'rchisq': np.float64(0.0018771033857252805), 'wchisq': np.float64(31.258164689250233), 'rwchisq': np.float64(0.40074570114423375), 'niter': 3, 'nsynthesis': 13, 'status': 2}"
806690210760116736,0cc9ee2f1b4a347b,7474.24951171875,4.350100040435791,-0.7644000053405762,7474.24951171875,4.350100040435791,-0.7644000053405762,16.08471844920132,0.013060306359068524,0.03296800113718572,"{'days': 0, 'hours': 0, 'minutes': 0, 'seconds': 15, 'dof': 78, 'error': '', 'rms': np.float64(0.07454271337432843), 'chisq': np.float64(0.45008590549378985), 'rchisq': np.float64(0.005770332121715255), 'wchisq': np.float64(35.3285403905395), 'rwchisq': np.float64(0.45293000500691666), 'niter': 1, 'nsynthesis': 8, 'status': 2}"
846884782458474368,b58013363e9c2e89,5821.11962890625,3.904099941253662,-0.632099986076355,5821.11962890625,3.904099941253662,-0.632099986076355,29.794397943620876,0.011309683380294231,0.006009772398929397,"{'days': 0, 'hours': 0, 'minutes': 0, 'seconds': 14, 'dof': 78, 'error': '', 'rms': np.float64(0.062008394160886306), 'chisq': np.float64(0.31144831665935896), 'rchisq': np.float64(0.003992927136658448), 'wchisq': np.float64(83.47043360932145), 'rwchisq': np.float64(1.0701337642220698), 'niter': 1, 'nsynthesis': 7, 'status': 2}"
4228018548382521728,b662a90657871a29,4278.69580078125,4.583499908447266,0.4142000079154968,4907.037449825049,4.794408712598132,0.14442879145263024,109.83887089760891,0.13981333710559463,0.035036339883149185,"{'days': 0, 'hours': 0, 'minutes': 0, 'seconds': 46, 'dof': 78, 'error': '', 'rms': np.float64(0.15249942290473872), 'chisq': np.float64(1.8837419928885466), 'rchisq': np.float64(0.024150538370365984), 'wchisq': np.float64(34.95238281069835), 'rwchisq': np.float64(0.44810747193203015), 'niter': 6, 'nsynthesis': 22, 'status': 5}"
2530868509198955648,0c559f46d8a4ab11,7461.59765625,4.285099983215332,-1.4886000156402588,7555.292725237036,4.398731893260392,-1.4337853765579907,14.835329425725677,0.015115661946946534,0.02310612021820787,"{'days': 0, 'hours': 0, 'minutes': 0, 'seconds': 45, 'dof': 78, 'error': '', 'rms': np.float64(0.066947971272081), 'chisq': np.float64(0.3630444994532381), 'rchisq': np.float64(0.004654416659656898), 'wchisq': np.float64(25.869192196343203), 'rwchisq': np.float64(0.33165631020952824), 'niter': 5, 'nsynthesis': 24, 'status': 2}"
578634280633468544,a150c03fbf4ca409,4496.76513671875,4.729400157928467,-0.628600001335144,4643.724046239772,5.0,-1.3197331248167001,469.3135178663824,0.0,0.750888228906864,"{'days': 0, 'hours': 0, 'minutes': 0, 'seconds': 44, 'dof': 78, 'error': '', 'rms': np.float64(0.08696235834424586), 'chisq': np.float64(0.6125585932722352), 'rchisq': np.float64(0.00785331529836199), 'wchisq': np.float64(18.951851658024854), 'rwchisq': np.float64(0.2429724571541648), 'niter': 6, 'nsynthesis': 22, 'status': 5}"
4228298412746841984,fba5a774ab925a3a,4560.76123046875,4.424699783325195,-0.8070999979972839,4768.909182036883,5.0,-1.33539822248527,627.2572523396237,0.0,0.8462116641260311,"{'days': 0, 'hours': 0, 'minutes': 0, 'seconds': 51, 'dof': 78, 'error': '', 'rms': np.float64(0.08134518456576582), 'chisq': np.float64(0.535980163215119), 'rchisq': np.float64(0.006871540554039987), 'wchisq': np.float64(15.394449228848403), 'rwchisq': np.float64(0.19736473370318466), 'niter': 6, 'nsynthesis': 23, 'status': 5}"
910824609132619648,3fab58dadc421d1a,6228.3779296875,4.686100006103516,-3.3945999145507812,6228.3779296875,4.686100006103516,-3.3945999145507812,47.33378693018434,0.03800012716803374,0.06000772725906275,"{'days': 0, 'hours': 0, 'minutes': 0, 'seconds': 9, 'dof': 78, 'error': '', 'rms': np.float64(0.08352984254386037), 'chisq': np.float64(0.5651560022275706), 'rchisq': np.float64(0.00724558977214834), 'wchisq': np.float64(10.950504706865544), 'rwchisq': np.float64(0.1403910859854557), 'niter': 1, 'nsynthesis': 7, 'status': 2}"
867203070144574464,54b24277de1c3345,7711.43212890625,4.395199775695801,-3.530100107192993,7737.8966890436095,4.412039272865668,0.5,24.62715504776344,0.03160917211766526,0.016014403369269008,"{'days': 0, 'hours': 0, 'minutes': 0, 'seconds': 21, 'dof': 78, 'error': '', 'rms': np.float64(0.09023641335082068), 'chisq': np.float64(0.6595514338480337), 'rchisq': np.float64(0.00845578761343633), 'wchisq': np.float64(46.39170637472712), 'rwchisq': np.float64(0.5947654663426554), 'niter': 2, 'nsynthesis': 12, 'status': 2}"
2549233896731129088,8a7094867241161d,4750.30322265625,4.681600093841553,-0.4196999967098236,5188.652341956361,5.0,-0.5179156823712959,36.54285569420666,0.01998300199431165,0.00954643069175985,"{'days': 0, 'hours': 0, 'minutes': 0, 'seconds': 30, 'dof': 78, 'error': '', 'rms': np.float64(0.08206155134301277), 'chisq': np.float64(0.5454619549145756), 'rchisq': np.float64(0.006993101986084303), 'wchisq': np.float64(50.90191945981479), 'rwchisq': np.float64(0.6525887110232665), 'niter': 3, 'nsynthesis': 18, 'status': 2}"
905575540621544320,388d7a0eea5a654e,5701.8466796875,4.731100082397461,-1.4831000566482544,5701.8466796875,4.731100082397461,-1.4831000566482544,73.53618128342085,0.044740249599375906,0.01782954417393907,"{'days': 0, 'hours': 0, 'minutes': 0, 'seconds': 14, 'dof': 78, 'error': '', 'rms': np.float64(0.050683207114024194), 'chisq': np.float64(0.20807178615240887), 'rchisq': np.float64(0.00266758700195396), 'wchisq': np.float64(6.346639444240359), 'rwchisq': np.float64(0.08136717236205589), 'niter': 1, 'nsynthesis': 8, 'status': 2}"
2542508768220759936,62c7f10e061097a0,5307.6337890625,4.646699905395508,-0.8598999977111816,5307.6337890625,4.646699905395508,-0.8598999977111816,19.492456570085288,0.08974611464851012,0.008277201303718035,"{'days': 0, 'hours': 0, 'minutes': 0, 'seconds': 15, 'dof': 78, 'error': '', 'rms': np.float64(0.06494152003395012), 'chisq': np.float64(0.34160948296991556), 'rchisq': np.float64(0.004379608756024558), 'wchisq': np.float64(38.76596218013722), 'rwchisq': np.float64(0.4969995151299644), 'niter': 1, 'nsynthesis': 7, 'status': 2}"
2654088234703409152,73d90e55c8ad2a48,5309.4814453125,4.373300075531006,-1.374400019645691,5447.297600848794,4.262477208562099,-1.4986966827744148,25.86196636535098,1.5607387328106286,0.023857086776296766,"{'days': 0, 'hours': 0, 'minutes': 0, 'seconds': 51, 'dof': 78, 'error': '', 'rms': np.float64(0.0696580276097685), 'chisq': np.float64(0.39303150564914485), 'rchisq': np.float64(0.005038865457040319), 'wchisq': np.float64(22.30236991850046), 'rwchisq': np.float64(0.2859278194679546), 'niter': 6, 'nsynthesis': 24, 'status': 5}"
2537965032122429824,0ea7f6b0933895f3,4541.5107421875,4.59119987487793,0.08219999819993973,4477.1708910166,5.0,-1.3185639058938938,350.71407989061544,0.0,0.4039403324546539,"{'days': 0, 'hours': 0, 'minutes': 0, 'seconds': 51, 'dof': 78, 'error': '', 'rms': np.float64(0.08927282066289552), 'chisq': np.float64(0.64554055723787), 'rchisq': np.float64(0.008276160990229101), 'wchisq': np.float64(34.94769997877961), 'rwchisq': np.float64(0.44804743562537963), 'niter': 6, 'nsynthesis': 24, 'status': 5}"
1059455083442109824,ba0af15532ba78c6,5965.70751953125,4.431600093841553,-1.1712000370025635,5995.874274871159,4.478217226921131,-1.081385130878251,20.1112263440178,0.039656277462549676,0.018899264959317767,"{'days': 0, 'hours': 0, 'minutes': 0, 'seconds': 33, 'dof': 78, 'error': '', 'rms': np.float64(0.05920369960956824), 'chisq': np.float64(0.2839113218442592), 'rchisq': np.float64(0.003639888741593067), 'wchisq': np.float64(25.372939752820358), 'rwchisq': np.float64(0.3252940993951328), 'niter': 5, 'nsynthesis': 20, 'status': 2}"
2645474596187070464,5510d909e701a6d5,3823.508544921875,4.804999828338623,-0.9067000150680542,3965.7129105409736,5.0,-1.5232292142234376,536.8719729536658,1.074112533646363,0.9042270296563745,"{'days': 0, 'hours': 0, 'minutes': 0, 'seconds': 45, 'dof': 78, 'error': '', 'rms': np.float64(0.0998774439563905), 'chisq': np.float64(0.808015808712216), 'rchisq': np.float64(0.010359177034772), 'wchisq': np.float64(14.993091098789062), 'rwchisq': np.float64(0.19221911665114183), 'niter': 6, 'nsynthesis': 23, 'status': 5}"
1400500672433361792,2fc919dbf8629176,6727.5732421875,4.355500221252441,-0.1492999941110611,6774.520797880043,4.364848117856292,-0.2063579074833701,11.406350533785401,0.02109631209829245,0.017718922282459155,"{'days': 0, 'hours': 0, 'minutes': 0, 'seconds': 48, 'dof': 78, 'error': '', 'rms': np.float64(0.06083491551166105), 'chisq': np.float64(0.299771842570186), 'rchisq': np.float64(0.003843228750899821), 'wchisq': np.float64(71.95067981063683), 'rwchisq': np.float64(0.9224446129568824), 'niter': 6, 'nsynthesis': 23, 'status': 5}"
922973048683735680,b0315c394730e015,7418.62890625,4.349100112915039,-0.25380000472068787,7418.62890625,4.349100112915039,-0.25380000472068787,9.25043890799946,0.009435841100497163,0.0061264311447446285,"{'days': 0, 'hours': 0, 'minutes': 0, 'seconds': 13, 'dof': 78, 'error': '', 'rms': np.float64(0.04641125652205228), 'chisq': np.float64(0.17447438328841494), 'rchisq': np.float64(0.0022368510678001914), 'wchisq': np.float64(31.231041329944293), 'rwchisq': np.float64(0.4003979657685166), 'niter': 1, 'nsynthesis': 8, 'status': 2}"
917236827802459008,a069267d75f3d393,5704.98388671875,4.39709997177124,-0.7389000058174133,5707.007871439433,4.398046889508783,-0.738062084102867,21.00681724227165,0.01267532526897574,0.004692900013009792,"{'days': 0, 'hours': 0, 'minutes': 0, 'seconds': 25, 'dof': 78, 'error': '', 'rms': np.float64(0.06507361791098884), 'chisq': np.float64(0.3430006355900548), 'rchisq': np.float64(0.004397444046026344), 'wchisq': np.float64(77.9394166599213), 'rwchisq': np.float64(0.9992232905118116), 'niter': 2, 'nsynthesis': 12, 'status': 2}"
817442536829389568,1a57d4b15c9090f7,8155.42919921875,4.4303998947143555,-1.0508999824523926,8211.214383488032,4.448305664659299,-1.0449778363562963,79.92894212962516,0.06641657053485511,0.21901105427092044,"{'days': 0, 'hours': 0, 'minutes': 0, 'seconds': 29, 'dof': 78, 'error': '', 'rms': np.float64(0.0650124497330705), 'chisq': np.float64(0.3423561082438964), 'rchisq': np.float64(0.004389180874921748), 'wchisq': np.float64(5.686908026635883), 'rwchisq': np.float64(0.0729090772645626), 'niter': 3, 'nsynthesis': 16, 'status': 2}"
5188043901969883392,c9e912211a175410,3710.80810546875,4.420300006866455,-1.1243000030517578,3757.7955354932747,4.827171401686755,-2.286273303437274,383.97260974483345,0.8742550080730498,0.9065042857492389,"{'days': 0, 'hours': 0, 'minutes': 0, 'seconds': 40, 'dof': 78, 'error': '', 'rms': np.float64(0.11334956420102311), 'chisq': np.float64(1.0406980200695108), 'rchisq': np.float64(0.013342282308583472), 'wchisq': np.float64(41.83675608385554), 'rwchisq': np.float64(0.5363686677417377), 'niter': 6, 'nsynthesis': 23, 'status': 5}"
2738200397487652480,b0880b104542cd2b,6265.6767578125,4.347300052642822,-1.951799988746643,6300.701020747381,4.399256054231292,-1.9475875408898844,19.49189201722293,0.027794111809859044,0.013555055279422367,"{'days': 0, 'hours': 0, 'minutes': 0, 'seconds': 23, 'dof': 78, 'error': '', 'rms': np.float64(0.042027410738447436), 'chisq': np.float64(0.1430705635236315), 'rchisq': np.float64(0.0018342379938927117), 'wchisq': np.float64(15.71809922029054), 'rwchisq': np.float64(0.20151409256782743), 'niter': 3, 'nsynthesis': 12, 'status': 2}"
2437007359063720576,aef39a30f79fef2a,5554.46826171875,4.700699806213379,-3.9519999027252197,5554.46826171875,4.700699806213379,-3.9519999027252197,48614.87135737511,592.8761661664169,31.672980806252003,"{'days': 0, 'hours': 0, 'minutes': 0, 'seconds': 8, 'dof': 78, 'error': '', 'rms': np.float64(0.10582671753156604), 'chisq': np.float64(0.9071428256239753), 'rchisq': np.float64(0.0116300362259484), 'wchisq': np.float64(13.953026936649445), 'rwchisq': np.float64(0.17888496072627494), 'niter': 1, 'nsynthesis': 6, 'status': 1}"
1491337169160052992,16652a7a217eb4cf,6257.96630859375,4.6092000007629395,-3.4560000896453857,6332.758957942889,4.676919135991589,-3.276920175633471,54.85038511271804,0.03537965724642491,6.8243461106922,"{'days': 0, 'hours': 0, 'minutes': 0, 'seconds': 32, 'dof': 78, 'error': '', 'rms': np.float64(0.11384483928050934), 'chisq': np.float64(1.0498124418952053), 'rchisq': np.float64(0.01345913387045135), 'wchisq': np.float64(13.350707370849936), 'rwchisq': np.float64(0.17116291501089662), 'niter': 4, 'nsynthesis': 20, 'status': 2}"
808457606982171648,4743ca7c3fe8fac0,4313.24609375,4.577600002288818,0.2581999897956848,4094.5193634901543,5.0,-1.43272291250295,239.5386606564237,0.0,0.27828405539710566,"{'days': 0, 'hours': 0, 'minutes': 0, 'seconds': 44, 'dof': 78, 'error': '', 'rms': np.float64(0.10688148643373636), 'chisq': np.float64(0.9253158235250826), 'rchisq': np.float64(0.0118630233785267), 'wchisq': np.float64(73.72464138953947), 'rwchisq': np.float64(0.945187710122301), 'niter': 6, 'nsynthesis': 22, 'status': 5}"
1595992426806523136,b7ffe844a986bc4b,7086.478515625,4.395199775695801,-3.6821999549865723,7091.4348097449265,4.403212664315966,-3.673774415226124,25.167085039240714,0.03865005900361202,0.06525900224832795,"{'days': 0, 'hours': 0, 'minutes': 0, 'seconds': 20, 'dof': 78, 'error': '', 'rms': np.float64(0.07740738597902144), 'chisq': np.float64(0.4853441757325216), 'rchisq': np.float64(0.00622236122734002), 'wchisq': np.float64(7.490006075074524), 'rwchisq': np.float64(0.09602571891121184), 'niter': 2, 'nsynthesis': 13, 'status': 2}"
2678034502739553152,9876342aae9fdc9d,5149.26806640625,4.657299995422363,-2.228600025177002,5862.4368980521895,4.861066498978654,-2.8070716800440723,25.639732658167535,0.05829610661176302,1.1959964503287432,"{'days': 0, 'hours': 0, 'minutes': 0, 'seconds': 41, 'dof': 78, 'error': '', 'rms': np.float64(0.02550727194742709), 'chisq': np.float64(0.05270029469820008), 'rchisq': np.float64(0.000675644803823078), 'wchisq': np.float64(1.4021598841873841), 'rwchisq': np.float64(0.017976408771633128), 'niter': 6, 'nsynthesis': 25, 'status': 5}"
1370376287216179712,7379f9511a4fbf12,3516.673828125,4.476399898529053,-0.5336999893188477,3541.7444112166327,4.488334753024663,-0.5091639708664903,370.05689056631354,0.8935140291565414,0.6775446763336227,"{'days': 0, 'hours': 0, 'minutes': 0, 'seconds': 39, 'dof': 78, 'error': '', 'rms': np.float64(0.18304702687311647), 'chisq': np.float64(2.7140033378140815), 'rchisq': np.float64(0.03479491458736002), 'wchisq': np.float64(45.6877130834975), 'rwchisq': np.float64(0.585739911326891), 'niter': 4, 'nsynthesis': 21, 'status': 2}"
4575364515095151232,01e571205576d72c,7425.5556640625,4.1508002281188965,-2.0662999153137207,7425.5556640625,4.1508002281188965,-2.0662999153137207,17.600939890040895,0.02006133012696325,0.02632742782786759,"{'days': 0, 'hours': 0, 'minutes': 0, 'seconds': 10, 'dof': 78, 'error': '', 'rms': np.float64(0.048422550941576104), 'chisq': np.float64(0.18992421861485217), 'rchisq': np.float64(0.002434925879677592), 'wchisq': np.float64(9.206987999074746), 'rwchisq': np.float64(0.11803830768044546), 'niter': 1, 'nsynthesis': 7, 'status': 2}"
3839770547253137408,17bc40815e753ea8,6276.7001953125,4.27400016784668,-1.5032999515533447,6296.885331228037,4.3090749258168835,-2.6079915206061974,19.048483469459615,0.014189177996824169,0.007397051328331402,"{'days': 0, 'hours': 0, 'minutes': 0, 'seconds': 27, 'dof': 78, 'error': '', 'rms': np.float64(0.04052234200632105), 'chisq': np.float64(0.1330068763358574), 'rchisq': np.float64(0.001705216363280223), 'wchisq': np.float64(15.492782284844997), 'rwchisq': np.float64(0.1986254139082692), 'niter': 3, 'nsynthesis': 17, 'status': 2}"
2543981392247656064,0444c52d6489adcd,4110.873046875,4.542600154876709,0.1664000004529953,3938.190533283245,5.0,-1.8954077847804005,240.21448204069537,0.0,0.5242274154546579,"{'days': 0, 'hours': 0, 'minutes': 0, 'seconds': 49, 'dof': 78, 'error': '', 'rms': np.float64(0.12199643646342719), 'chisq': np.float64(1.2055335712917772), 'rchisq': np.float64(0.015455558606304836), 'wchisq': np.float64(69.43667981068769), 'rwchisq': np.float64(0.8902138437267653), 'niter': 6, 'nsynthesis': 23, 'status': 5}"
1569259420781306240,fe309ad053d13a06,5811.03369140625,4.406099796295166,-1.3580000400543213,5824.5084862622725,4.489378187676208,-1.350150869607838,48.92505348356996,0.017579710138481884,0.01044282373783991,"{'days': 0, 'hours': 0, 'minutes': 0, 'seconds': 31, 'dof': 78, 'error': '', 'rms': np.float64(0.04388069096039693), 'chisq': np.float64(0.1559667181721107), 'rchisq': np.float64(0.001999573309898855), 'wchisq': np.float64(14.472104945162464), 'rwchisq': np.float64(0.18553980698926237), 'niter': 3, 'nsynthesis': 17, 'status': 2}"
3266336823475560960,50ac9f6cb2b643f5,4174.44775390625,4.617000102996826,0.13950000703334808,3961.997932526434,5.0,-1.7961105183367028,51.30471477998574,0.0,0.6519864506816212,"{'days': 0, 'hours': 0, 'minutes': 0, 'seconds': 46, 'dof': 78, 'error': '', 'rms': np.float64(0.11226885953249825), 'chisq': np.float64(1.0209480424789539), 'rchisq': np.float64(0.013089077467678897), 'wchisq': np.float64(62.552238580176756), 'rwchisq': np.float64(0.8019517766689328), 'niter': 6, 'nsynthesis': 22, 'status': 5}"
1387708954155888512,8221e8c93ee2b461,3612.927001953125,4.431399822235107,-0.9643999934196472,3753.673092955032,4.481629651302434,-1.1676324603067207,377.2304144473477,0.16362422535138557,0.7290893243882034,"{'days': 0, 'hours': 0, 'minutes': 0, 'seconds': 42, 'dof': 78, 'error': '', 'rms': np.float64(0.13217632993639544), 'chisq': np.float64(1.4151171578318444), 'rchisq': np.float64(0.018142527664510827), 'wchisq': np.float64(29.004143914765667), 'rwchisq': np.float64(0.3718479989072521), 'niter': 6, 'nsynthesis': 23, 'status': 5}"
799627497818980864,1c5ff0880f64713d,5666.8681640625,4.533400058746338,-1.4249999523162842,5668.252060947712,4.533545059100467,-1.4250224602509185,61.288887254499066,0.023934824714643914,0.009969664204674444,"{'days': 0, 'hours': 0, 'minutes': 0, 'seconds': 24, 'dof': 78, 'error': '', 'rms': np.float64(0.04974937446658755), 'chisq': np.float64(0.20047502104515708), 'rchisq': np.float64(0.002570192577502014), 'wchisq': np.float64(14.421751612205746), 'rwchisq': np.float64(0.18489425143853522), 'niter': 2, 'nsynthesis': 12, 'status': 2}"
788369800123505152,487ee202ea7e4328,6008.8935546875,4.586900234222412,-1.3140000104904175,6045.099568194218,4.607701148303194,-1.2901666415147908,40.58830787408986,0.04329238146126793,0.011194401517203398,"{'days': 0, 'hours': 0, 'minutes': 0, 'seconds': 34, 'dof': 78, 'error': '', 'rms': np.float64(0.06019530150992272), 'chisq': np.float64(0.2935014202335109), 'rchisq': np.float64(0.0037628387209424474), 'wchisq': np.float64(11.087309375192643), 'rwchisq': np.float64(0.14214499198964928), 'niter': 3, 'nsynthesis': 16, 'status': 2}"
5169382986327833088,40eb143b15c35d12,6097.8837890625,4.706500053405762,-4.060999870300293,6097.8837890625,4.706500053405762,-4.060999870300293,28.089293398819162,0.03124529382154708,21.65942837110886,"{'days': 0, 'hours': 0, 'minutes': 0, 'seconds': 13, 'dof': 78, 'error': '', 'rms': np.float64(0.07472598283738974), 'chisq': np.float64(0.45230177339212313), 'rchisq': np.float64(0.005798740684514399), 'wchisq': np.float64(9.278948186211936), 'rwchisq': np.float64(0.11896087418220432), 'niter': 1, 'nsynthesis': 8, 'status': 2}"
1527323184007874944,81758b4093b74049,5578.42333984375,4.519199848175049,-1.9253000020980835,5578.42333984375,4.519199848175049,-1.9253000020980835,16.367994375092078,0.28485306702628344,0.010561726148564292,"{'days': 0, 'hours': 0, 'minutes': 0, 'seconds': 11, 'dof': 78, 'error': '', 'rms': np.float64(0.03648132651924202), 'chisq': np.float64(0.10780186195288763), 'rchisq': np.float64(0.0013820751532421492), 'wchisq': np.float64(14.74609954996006), 'rwchisq': np.float64(0.18905255833282128), 'niter': 1, 'nsynthesis': 6, 'status': 2}"
1661467691405680640,680b1d4a92f3545f,5852.92041015625,4.370200157165527,-1.5458999872207642,5864.177524223733,4.429928803934153,-1.5348928270895916,19.06455025187535,0.015658199674763635,0.025532789883345237,"{'days': 0, 'hours': 0, 'minutes': 0, 'seconds': 21, 'dof': 78, 'error': '', 'rms': np.float64(0.04569774817397327), 'chisq': np.float64(0.16915101924192208), 'rchisq': np.float64(0.002168602810793873), 'wchisq': np.float64(14.800220258935566), 'rwchisq': np.float64(0.189746413576097), 'niter': 3, 'nsynthesis': 12, 'status': 2}"
846746862468190208,b7dea82b302309b9,4187.119140625,4.681300163269043,0.016599999740719795,4071.298110887547,5.0,-1.609965436539588,216.58544482745796,0.0,0.36738392911912277,"{'days': 0, 'hours': 0, 'minutes': 0, 'seconds': 47, 'dof': 78, 'error': '', 'rms': np.float64(0.09916330477628818), 'chisq': np.float64(0.7965022421465565), 'rchisq': np.float64(0.010211567207007135), 'wchisq': np.float64(92.46968619936848), 'rwchisq': np.float64(1.1855087974278011), 'niter': 6, 'nsynthesis': 22, 'status': 5}"
1668556315884740352,9d0727f04e4feb02,6027.7392578125,4.497099876403809,-1.4752999544143677,6028.240241689382,4.497712157142147,-1.4758708912691587,18.98169668568409,0.028976477849724604,0.01839793037511249,"{'days': 0, 'hours': 0, 'minutes': 0, 'seconds': 13, 'dof': 78, 'error': '', 'rms': np.float64(0.04763387593724118), 'chisq': np.float64(0.1837878770811632), 'rchisq': np.float64(0.002356254834373887), 'wchisq': np.float64(17.956175716059327), 'rwchisq': np.float64(0.23020738097511959), 'niter': 2, 'nsynthesis': 8, 'status': 2}"
769948410513593984,1d43e01cfceb696b,7310.66162109375,4.396399974822998,-1.940600037574768,7310.66162109375,4.396399974822998,-1.940600037574768,45.87584880585437,0.04649170886505157,1.4457995399614512,"{'days': 0, 'hours': 0, 'minutes': 0, 'seconds': 10, 'dof': 78, 'error': '', 'rms': np.float64(0.07984241578421143), 'chisq': np.float64(0.5163597200189705), 'rchisq': np.float64(0.006619996410499622), 'wchisq': np.float64(6.85546505372865), 'rwchisq': np.float64(0.08789057761190576), 'niter': 1, 'nsynthesis': 7, 'status': 2}"
910371438543151104,b64a6b85dbff7ba7,6069.36865234375,4.703700065612793,-1.972599983215332,6084.615322653038,4.743073820821131,-1.971875640158002,53.774402449463196,0.03098680511277128,0.039324375109476783,"{'days': 0, 'hours': 0, 'minutes': 0, 'seconds': 22, 'dof': 78, 'error': '', 'rms': np.float64(0.048916936561688634), 'chisq': np.float64(0.1938222012890019), 'rchisq': np.float64(0.0024849000165256653), 'wchisq': np.float64(6.3045019416463095), 'rwchisq': np.float64(0.08082694796982448), 'niter': 2, 'nsynthesis': 13, 'status': 2}"
1334717849520031232,e7413a60be2e348f,6289.9736328125,4.665900230407715,-3.3998000621795654,6289.9736328125,4.665900230407715,-3.3998000621795654,35.00237737398735,0.057800898980141846,0.043838027533861956,"{'days': 0, 'hours': 0, 'minutes': 0, 'seconds': 10, 'dof': 78, 'error': '', 'rms': np.float64(0.0839086624301656), 'chisq': np.float64(0.5702937540963784), 'rchisq': np.float64(0.007311458385851005), 'wchisq': np.float64(6.519628980779661), 'rwchisq': np.float64(0.08358498693307258), 'niter': 1, 'nsynthesis': 7, 'status': 2}"
2537129437644877568,742f6c644a653efc,4605.09912109375,4.653600215911865,-0.44179999828338623,4407.612974250332,5.0,-2.12900253791451,429.69865947749486,0.0,0.46535666368622236,"{'days': 0, 'hours': 0, 'minutes': 0, 'seconds': 43, 'dof': 78, 'error': '', 'rms': np.float64(0.08807669700529648), 'chisq': np.float64(0.6283578689843871), 'rchisq': np.float64(0.00805587011518445), 'wchisq': np.float64(97.89758319925568), 'rwchisq': np.float64(1.255097220503278), 'niter': 6, 'nsynthesis': 22, 'status': 5}"
1352278050944489216,aa738a7ad7f374c4,6950.38427734375,3.885200023651123,-0.4952999949455261,6994.583064423207,3.9709356320372002,-1.9706212779045096,6.482036564301105,0.00746518647984626,0.1035185477400928,"{'days': 0, 'hours': 0, 'minutes': 0, 'seconds': 46, 'dof': 78, 'error': '', 'rms': np.float64(0.036232357050656014), 'chisq': np.float64(0.10633547949314404), 'rchisq': np.float64(0.0013632753781172313), 'wchisq': np.float64(31.54405175251476), 'rwchisq': np.float64(0.4044109199040354), 'niter': 5, 'nsynthesis': 25, 'status': 2}"
3713203015000935168,0ee5c3d7addf6f38,6413.51318359375,4.582699775695801,-3.4702000617980957,6416.4419584219795,4.586553609170545,-3.6826570918126547,43.35478986537639,0.03600444020684387,0.022391670239286135,"{'days': 0, 'hours': 0, 'minutes': 0, 'seconds': 19, 'dof': 78, 'error': '', 'rms': np.float64(0.11142199553400768), 'chisq': np.float64(1.0056037481912146), 'rchisq': np.float64(0.012892355746041213), 'wchisq': np.float64(8.973742652904646), 'rwchisq': np.float64(0.11504798272954674), 'niter': 2, 'nsynthesis': 12, 'status': 2}"
1745267622951536256,da284fc3907db47b,5272.8935546875,4.636600017547607,-0.6141999959945679,5313.847065477362,4.7321105891666155,-0.6236887146979981,44.19254563989019,0.04472520642012826,0.11718007961604425,"{'days': 0, 'hours': 0, 'minutes': 0, 'seconds': 33, 'dof': 78, 'error': '', 'rms': np.float64(0.06910507986581224), 'chisq': np.float64(0.38681647712408346), 'rchisq': np.float64(0.004959185604154916), 'wchisq': np.float64(34.8673810198466), 'rwchisq': np.float64(0.4470177053826487), 'niter': 3, 'nsynthesis': 16, 'status': 2}"
3718043619237583488,6f1a0bbf50fcc55f,6115.20556640625,4.519100189208984,-3.924799919128418,6116.8292840676695,4.522632653394502,-3.834318760538805,36.949885829016566,0.023940980113138083,6.840003202512337,"{'days': 0, 'hours': 0, 'minutes': 0, 'seconds': 18, 'dof': 78, 'error': '', 'rms': np.float64(0.044081053658552596), 'chisq': np.float64(0.15739428262350366), 'rchisq': np.float64(0.002017875418250047), 'wchisq': np.float64(8.85843219723529), 'rwchisq': np.float64(0.11356964355429859), 'niter': 2, 'nsynthesis': 13, 'status': 2}"
1606139686476446976,fad7e3d0e051a29e,6089.734375,4.46999979019165,-1.5461000204086304,6101.048812321816,4.502452292356001,-1.5702474980076777,15.64584109736707,0.01598778665853316,0.010748975579147094,"{'days': 0, 'hours': 0, 'minutes': 0, 'seconds': 29, 'dof': 78, 'error': '', 'rms': np.float64(0.056915403496822906), 'chisq': np.float64(0.262388415571699), 'rchisq': np.float64(0.003363954045791013), 'wchisq': np.float64(21.431209893874748), 'rwchisq': np.float64(0.2747591012035224), 'niter': 3, 'nsynthesis': 15, 'status': 2}"
2543199532104179584,51e5f1c879f99c34,5946.21337890625,4.609499931335449,-0.9531000256538391,5946.21337890625,4.609499931335449,-0.9531000256538391,27.32623340137078,0.052368005560889844,0.013980513667710907,"{'days': 0, 'hours': 0, 'minutes': 0, 'seconds': 14, 'dof': 78, 'error': '', 'rms': np.float64(0.06218542129573792), 'chisq': np.float64(0.3132291563600016), 'rchisq': np.float64(0.004015758414871815), 'wchisq': np.float64(12.029409740165537), 'rwchisq': np.float64(0.15422320179699406), 'niter': 1, 'nsynthesis': 7, 'status': 2}"
3670686691356433152,1755e926fd4468a3,7361.51513671875,4.310299873352051,-2.091900110244751,7361.51513671875,4.310299873352051,-2.091900110244751,14.435512704775121,0.014712061144981988,0.6534877363811467,"{'days': 0, 'hours': 0, 'minutes': 0, 'seconds': 11, 'dof': 78, 'error': '', 'rms': np.float64(0.02410745357549699), 'chisq': np.float64(0.04707471474947415), 'rchisq': np.float64(0.0006035219839676173), 'wchisq': np.float64(4.670517029653923), 'rwchisq': np.float64(0.05987842345710158), 'niter': 1, 'nsynthesis': 7, 'status': 2}"
2497183321214624768,434319461c018288,3905.384765625,4.682499885559082,-0.06589999794960022,4163.026797076861,5.0,-1.2028010660480335,290.8430057897586,0.0,0.6473933675370401,"{'days': 0, 'hours': 0, 'minutes': 0, 'seconds': 46, 'dof': 78, 'error': '', 'rms': np.float64(0.12045409110803497), 'chisq': np.float64(1.175244233237686), 'rchisq': np.float64(0.015067233759457514), 'wchisq': np.float64(32.99573202980421), 'rwchisq': np.float64(0.4230222055103104), 'niter': 6, 'nsynthesis': 24, 'status': 5}"
2501390160076885120,8e36212b862cc85d,5616.64404296875,4.685299873352051,-0.8130000233650208,5660.6819960629155,4.717062679271041,-0.7812214305908244,374.6828068342148,0.3768964901362835,0.013696097182363377,"{'days': 0, 'hours': 0, 'minutes': 0, 'seconds': 36, 'dof': 78, 'error': '', 'rms': np.float64(0.0696269711478313), 'chisq': np.float64(0.39268112400889543), 'rchisq': np.float64(0.005034373384729429), 'wchisq': np.float64(14.62872546075143), 'rwchisq': np.float64(0.187547762317326), 'niter': 4, 'nsynthesis': 16, 'status': 2}"
1679974091304346624,959f86a478b4579e,6771.1357421875,4.127500057220459,0.015599999576807022,6780.041097874287,4.137835013931822,0.01877924025785305,19.989565268569034,0.02587165029337201,0.010558802530870454,"{'days': 0, 'hours': 0, 'minutes': 0, 'seconds': 38, 'dof': 78, 'error': '', 'rms': np.float64(0.0649825280123532), 'chisq': np.float64(0.34204104469697777), 'rchisq': np.float64(0.004385141598679202), 'wchisq': np.float64(26.39874325743163), 'rwchisq': np.float64(0.3384454263773286), 'niter': 3, 'nsynthesis': 17, 'status': 2}"
175752879252515712,fca824d7666534be,7422.8046875,4.364999771118164,-1.1318999528884888,7515.167087840869,4.422302350929474,-1.1666908992658533,15.529678817456121,0.012185358318240946,0.011537922134000797,"{'days': 0, 'hours': 0, 'minutes': 0, 'seconds': 35, 'dof': 78, 'error': '', 'rms': np.float64(0.05388607323912339), 'chisq': np.float64(0.23520042001970573), 'rchisq': np.float64(0.0030153900002526375), 'wchisq': np.float64(24.906458879405466), 'rwchisq': np.float64(0.3193135753769932), 'niter': 4, 'nsynthesis': 20, 'status': 2}"
1563780142022633856,e0ea7c361800c2fa,6524.16796875,4.2144999504089355,-0.4674000144004822,6586.985363912146,4.237709483441731,-0.46252569040474173,12.688526573527335,0.0105804328964957,0.019382031944223204,"{'days': 0, 'hours': 0, 'minutes': 0, 'seconds': 34, 'dof': 78, 'error': '', 'rms': np.float64(0.0668024663242314), 'chisq': np.float64(0.36146813006700557), 'rchisq': np.float64(0.004634206795730841), 'wchisq': np.float64(40.84645036149352), 'rwchisq': np.float64(0.5236724405319682), 'niter': 3, 'nsynthesis': 17, 'status': 2}"
2542718568783562752,3603c8c5e3d9033a,5069.1435546875,4.721499919891357,-0.9513999819755554,4125.278729281829,5.0,-2.7987006611739056,488.2132042347878,0.0,0.944386729979629,"{'days': 0, 'hours': 0, 'minutes': 0, 'seconds': 49, 'dof': 78, 'error': '', 'rms': np.float64(0.059069493251257724), 'chisq': np.float64(0.2826256076697909), 'rchisq': np.float64(0.0036234052265357807), 'wchisq': np.float64(8.911274864394079), 'rwchisq': np.float64(0.11424711364607794), 'niter': 6, 'nsynthesis': 23, 'status': 5}"
1410023851879234688,fb644d444b8e6fbe,6045.990234375,4.553899765014648,-1.1585999727249146,6073.8233904581075,4.613699588287719,-1.1162482883117426,24.267855733066686,0.013988850647418415,0.4442729277073464,"{'days': 0, 'hours': 0, 'minutes': 0, 'seconds': 30, 'dof': 78, 'error': '', 'rms': np.float64(0.04990642184796314), 'chisq': np.float64(0.20174272627501505), 'rchisq': np.float64(0.002586445208654039), 'wchisq': np.float64(13.921842341850681), 'rwchisq': np.float64(0.17848515822885488), 'niter': 3, 'nsynthesis': 15, 'status': 2}"
1009928922199050240,38d9957416f21845,4888.2666015625,4.688899993896484,-0.6689000129699707,4864.634115354374,5.0,-1.433605794929161,947.2441694260095,0.0,1.2905181094834959,"{'days': 0, 'hours': 0, 'minutes': 0, 'seconds': 55, 'dof': 78, 'error': '', 'rms': np.float64(0.07080727219908746), 'chisq': np.float64(0.40610725349832877), 'rchisq': np.float64(0.005206503249978574), 'wchisq': np.float64(12.49173024718317), 'rwchisq': np.float64(0.16015038778439963), 'niter': 5, 'nsynthesis': 25, 'status': 2}"
1665180059273240192,b31febec86ccfd32,6108.65234375,4.700399875640869,-2.0908000469207764,6116.38855117596,4.709850814769723,-2.078854226872542,36.770756273927624,0.044001597507011374,0.01760482707388932,"{'days': 0, 'hours': 0, 'minutes': 0, 'seconds': 28, 'dof': 78, 'error': '', 'rms': np.float64(0.06331455965962668), 'chisq': np.float64(0.3247074106562865), 'rchisq': np.float64(0.004162915521234442), 'wchisq': np.float64(12.562095094333019), 'rwchisq': np.float64(0.16105250120939768), 'niter': 3, 'nsynthesis': 17, 'status': 2}"
807264293268274688,a0cbc3da27bde42c,6552.71142578125,4.204699993133545,-2.4737000465393066,6559.681540071986,4.2229846468585475,-2.463259564245604,13.48994316238601,0.0077915191747803,0.49964790326833947,"{'days': 0, 'hours': 0, 'minutes': 0, 'seconds': 20, 'dof': 78, 'error': '', 'rms': np.float64(0.03993262801925295), 'chisq': np.float64(0.12916379722244611), 'rchisq': np.float64(0.0016559461182364887), 'wchisq': np.float64(23.004047796358613), 'rwchisq': np.float64(0.2949236896969053), 'niter': 2, 'nsynthesis': 12, 'status': 2}"
2509958409378474240,551ce79284b463de,5229.7314453125,4.644100189208984,-0.4171999990940094,5245.721468356951,4.880175403064697,-0.46059237211824666,197.9939365412286,0.05742608291140271,0.017434611006120208,"{'days': 0, 'hours': 0, 'minutes': 0, 'seconds': 50, 'dof': 78, 'error': '', 'rms': np.float64(0.07830182920494592), 'chisq': np.float64(0.4966252930040823), 'rchisq': np.float64(0.006366990935949773), 'wchisq': np.float64(25.57508774822763), 'rwchisq': np.float64(0.3278857403618927), 'niter': 6, 'nsynthesis': 24, 'status': 5}"
2544978404479317504,e67b74ff925ac92d,4345.5341796875,4.1855998039245605,-0.36169999837875366,4430.516295860384,5.0,-1.5565412927834916,317.6023064229013,0.0,0.4059751445608938,"{'days': 0, 'hours': 0, 'minutes': 0, 'seconds': 47, 'dof': 78, 'error': '', 'rms': np.float64(0.09117654224790335), 'chisq': np.float64(0.6733661103589801), 'rchisq': np.float64(0.008632898850756155), 'wchisq': np.float64(44.908571472259936), 'rwchisq': np.float64(0.5757509163110248), 'niter': 6, 'nsynthesis': 22, 'status': 5}"
2545462915445504640,e84d023b9cf0bb11,5269.39501953125,4.395400047302246,-1.0427000522613525,5401.48227971242,4.988885432456065,-1.4800909850016395,628.4739845254425,0.04347795164057335,0.47710412603442265,"{'days': 0, 'hours': 0, 'minutes': 0, 'seconds': 48, 'dof': 78, 'error': '', 'rms': np.float64(0.05467668279781085), 'chisq': np.float64(0.2421527109835664), 'rchisq': np.float64(0.0031045219356867484), 'wchisq': np.float64(24.430369685070676), 'rwchisq': np.float64(0.31320986775731635), 'niter': 6, 'nsynthesis': 23, 'status': 5}"
1581559073244797696,da106c8c58cad98f,4248.63037109375,4.539299964904785,0.004900000058114529,4101.747244138332,5.0,-1.5122787300931835,406.20456233138606,0.0,0.7127843315294113,"{'days': 0, 'hours': 0, 'minutes': 0, 'seconds': 46, 'dof': 78, 'error': '', 'rms': np.float64(0.09722515609745314), 'chisq': np.float64(0.7656712092321045), 'rchisq': np.float64(0.00981629755425775), 'wchisq': np.float64(20.532089926741975), 'rwchisq': np.float64(0.2632319221377176), 'niter': 6, 'nsynthesis': 22, 'status': 5}"
2543351475162842368,4896e93f86a4800f,4154.7421875,4.58519983291626,-0.026599999517202377,4178.315830840873,5.0,-1.4484644938539482,364.9842274068069,0.0,0.6400359305616179,"{'days': 0, 'hours': 0, 'minutes': 0, 'seconds': 43, 'dof': 78, 'error': '', 'rms': np.float64(0.09716329336686069), 'chisq': np.float64(0.7646971518094655), 'rchisq': np.float64(0.009803809638582892), 'wchisq': np.float64(29.735022790707653), 'rwchisq': np.float64(0.38121824090650835), 'niter': 6, 'nsynthesis': 22, 'status': 5}"
806690210760116736,0cc9ee2f1b4a347b,7474.24951171875,4.350100040435791,-0.7644000053405762,7474.24951171875,4.350100040435791,-0.7644000053405762,16.08471844920132,0.013060306359068524,0.03296800113718572,"{'days': 0, 'hours': 0, 'minutes': 0, 'seconds': 14, 'dof': 78, 'error': '', 'rms': np.float64(0.07454271337432843), 'chisq': np.float64(0.45008590549378985), 'rchisq': np.float64(0.005770332121715255), 'wchisq': np.float64(35.3285403905395), 'rwchisq': np.float64(0.45293000500691666), 'niter': 1, 'nsynthesis': 8, 'status': 2}"
790529103521948928,51277185ad92cb43,6598.86474609375,4.578999996185303,-3.2629001140594482,6606.169508288041,4.668226173095623,-3.261253764675741,56.44650995556485,0.05691097769172622,8.17931193195356,"{'days': 0, 'hours': 0, 'minutes': 0, 'seconds': 32, 'dof': 78, 'error': '', 'rms': np.float64(0.07062053125677713), 'chisq': np.float64(0.40396801423414425), 'rchisq': np.float64(0.005179077105565952), 'wchisq': np.float64(5.599325911503654), 'rwchisq': np.float64(0.07178622963466223), 'niter': 4, 'nsynthesis': 22, 'status': 2}"
4228018548382521728,b662a90657871a29,4278.69580078125,4.583499908447266,0.4142000079154968,4907.037449825049,4.794408712598132,0.14442879145263024,109.83887089760891,0.13981333710559463,0.035036339883149185,"{'days': 0, 'hours': 0, 'minutes': 0, 'seconds': 50, 'dof': 78, 'error': '', 'rms': np.float64(0.15249942290473872), 'chisq': np.float64(1.8837419928885466), 'rchisq': np.float64(0.024150538370365984), 'wchisq': np.float64(34.95238281069835), 'rwchisq': np.float64(0.44810747193203015), 'niter': 6, 'nsynthesis': 22, 'status': 5}"
868002307722371584,7215c7dd1cc3584c,5127.07421875,4.656000137329102,-1.496000051498413,5331.5735530439315,5.0,-3.0135079109123293,6952.5444571679545,0.0,3.7862915773410735,"{'days': 0, 'hours': 0, 'minutes': 0, 'seconds': 41, 'dof': 78, 'error': '', 'rms': np.float64(0.039320376909357295), 'chisq': np.float64(0.1252334552638074), 'rchisq': np.float64(0.0016055571187667613), 'wchisq': np.float64(6.89606905199847), 'rwchisq': np.float64(0.08841114169228807), 'niter': 6, 'nsynthesis': 22, 'status': 5}"
578634280633468544,a150c03fbf4ca409,4496.76513671875,4.729400157928467,-0.628600001335144,4643.724046239772,5.0,-1.3197331248167001,469.3135178663824,0.0,0.750888228906864,"{'days': 0, 'hours': 0, 'minutes': 0, 'seconds': 49, 'dof': 78, 'error': '', 'rms': np.float64(0.08696235834424586), 'chisq': np.float64(0.6125585932722352), 'rchisq': np.float64(0.00785331529836199), 'wchisq': np.float64(18.951851658024854), 'rwchisq': np.float64(0.2429724571541648), 'niter': 6, 'nsynthesis': 22, 'status': 5}"
822712947033645696,f080914ff3fe9b70,6858.43115234375,4.222599983215332,-0.6646000146865845,6858.43115234375,4.222599983215332,-0.6646000146865845,20.735243499270197,0.01926010859368014,0.008594815094036467,"{'days': 0, 'hours': 0, 'minutes': 0, 'seconds': 15, 'dof': 78, 'error': '', 'rms': np.float64(0.057322147276005785), 'chisq': np.float64(0.2661521140348999), 'rchisq': np.float64(0.0034122065901910246), 'wchisq': np.float64(32.43126158529065), 'rwchisq': np.float64(0.4157854049396237), 'niter': 1, 'nsynthesis': 8, 'status': 2}"
1543384544927661568,b3e6d12c76202792,6274.8330078125,4.3917999267578125,-1.5597000122070312,6373.043050897348,4.401288335322766,-1.5576064738624116,14.126940229238125,0.01215666766857122,0.5557579985269956,"{'days': 0, 'hours': 0, 'minutes': 0, 'seconds': 31, 'dof': 78, 'error': '', 'rms': np.float64(0.055789807434151524), 'chisq': np.float64(0.2521127116967164), 'rchisq': np.float64(0.0032322142525220052), 'wchisq': np.float64(17.91345374519949), 'rwchisq': np.float64(0.22965966339999347), 'niter': 3, 'nsynthesis': 17, 'status': 2}"
910824609132619648,3fab58dadc421d1a,6228.3779296875,4.686100006103516,-3.3945999145507812,6228.3779296875,4.686100006103516,-3.3945999145507812,47.33378693018434,0.03800012716803374,0.06000772725906275,"{'days': 0, 'hours': 0, 'minutes': 0, 'seconds': 11, 'dof': 78, 'error': '', 'rms': np.float64(0.08352984254386037), 'chisq': np.float64(0.5651560022275706), 'rchisq': np.float64(0.00724558977214834), 'wchisq': np.float64(10.950504706865544), 'rwchisq': np.float64(0.1403910859854557), 'niter': 1, 'nsynthesis': 7, 'status': 2}"
2549233896731129088,8a7094867241161d,4750.30322265625,4.681600093841553,-0.4196999967098236,5188.652341956361,5.0,-0.5179156823712959,36.54285569420666,0.01998300199431165,0.00954643069175985,"{'days': 0, 'hours': 0, 'minutes': 0, 'seconds': 33, 'dof': 78, 'error': '', 'rms': np.float64(0.08206155134301277), 'chisq': np.float64(0.5454619549145756), 'rchisq': np.float64(0.006993101986084303), 'wchisq': np.float64(50.90191945981479), 'rwchisq': np.float64(0.6525887110232665), 'niter': 3, 'nsynthesis': 18, 'status': 2}"
1291577102054904832,205d8688c8f5045b,6390.4931640625,4.668099880218506,-3.4382998943328857,6424.961353941035,4.698717516609554,-3.4448889620157077,88.49985670453175,0.0550695277032074,10.875446642864137,"{'days': 0, 'hours': 0, 'minutes': 0, 'seconds': 21, 'dof': 78, 'error': '', 'rms': np.float64(0.1126074478420834), 'chisq': np.float64(1.0271154220701102), 'rchisq': np.float64(0.013168146436796285), 'wchisq': np.float64(10.990798935224488), 'rwchisq': np.float64(0.1409076786567242), 'niter': 3, 'nsynthesis': 15, 'status': 2}"
1506243557535334016,98033bdfaa8c0107,6091.7607421875,4.478799819946289,-1.4681999683380127,6091.7607421875,4.478799819946289,-1.4681999683380127,21.05611494251892,0.03355853220949358,0.01741983656315647,"{'days': 0, 'hours': 0, 'minutes': 0, 'seconds': 12, 'dof': 78, 'error': '', 'rms': np.float64(0.04255111365588954), 'chisq': np.float64(0.14665837914187077), 'rchisq': np.float64(0.0018802356300239842), 'wchisq': np.float64(10.904943886127802), 'rwchisq': np.float64(0.13980697289907437), 'niter': 1, 'nsynthesis': 7, 'status': 2}"
2686873644219714048,22a9e111ea3254a9,5656.05224609375,4.675300121307373,-2.4535000324249268,5684.079582454847,4.989684169011918,-3.585887115933624,26.778341754153278,0.5190690415511409,1.628349515434132,"{'days': 0, 'hours': 0, 'minutes': 0, 'seconds': 35, 'dof': 78, 'error': '', 'rms': np.float64(0.021324151465077726), 'chisq': np.float64(0.0368322742921517), 'rchisq': np.float64(0.0004722086447711756), 'wchisq': np.float64(2.1608280593311253), 'rwchisq': np.float64(0.027702923837578528), 'niter': 6, 'nsynthesis': 22, 'status': 5}"
2654088234703409152,73d90e55c8ad2a48,5309.4814453125,4.373300075531006,-1.374400019645691,5447.297600848794,4.262477208562099,-1.4986966827744148,25.86196636535098,1.5607387328106286,0.023857086776296766,"{'days': 0, 'hours': 0, 'minutes': 0, 'seconds': 55, 'dof': 78, 'error': '', 'rms': np.float64(0.0696580276097685), 'chisq': np.float64(0.39303150564914485), 'rchisq': np.float64(0.005038865457040319), 'wchisq': np.float64(22.30236991850046), 'rwchisq': np.float64(0.2859278194679546), 'niter': 6, 'nsynthesis': 24, 'status': 5}"
826955580152533120,4c1be9c1e7e5427d,4759.6220703125,4.531000137329102,0.26019999384880066,5013.997589452593,4.516318054940941,0.2334975660452834,26.704162635243854,0.03728470687365674,0.010387076849702637,"{'days': 0, 'hours': 0, 'minutes': 0, 'seconds': 50, 'dof': 78, 'error': '', 'rms': np.float64(0.11698782674808246), 'chisq': np.float64(1.108578280186388), 'rchisq': np.float64(0.01421254205367164), 'wchisq': np.float64(46.96798336702883), 'rwchisq': np.float64(0.602153632910626), 'niter': 5, 'nsynthesis': 24, 'status': 2}"
1059455083442109824,ba0af15532ba78c6,5965.70751953125,4.431600093841553,-1.1712000370025635,5995.874274871159,4.478217226921131,-1.081385130878251,20.1112263440178,0.039656277462549676,0.018899264959317767,"{'days': 0, 'hours': 0, 'minutes': 0, 'seconds': 36, 'dof': 78, 'error': '', 'rms': np.float64(0.05920369960956824), 'chisq': np.float64(0.2839113218442592), 'rchisq': np.float64(0.003639888741593067), 'wchisq': np.float64(25.372939752820358), 'rwchisq': np.float64(0.3252940993951328), 'niter': 5, 'nsynthesis': 20, 'status': 2}"
1400500672433361792,2fc919dbf8629176,6727.5732421875,4.355500221252441,-0.1492999941110611,6774.520797880043,4.364848117856292,-0.2063579074833701,11.406350533785401,0.02109631209829245,0.017718922282459155,"{'days': 0, 'hours': 0, 'minutes': 0, 'seconds': 51, 'dof': 78, 'error': '', 'rms': np.float64(0.06083491551166105), 'chisq': np.float64(0.299771842570186), 'rchisq': np.float64(0.003843228750899821), 'wchisq': np.float64(71.95067981063683), 'rwchisq': np.float64(0.9224446129568824), 'niter': 6, 'nsynthesis': 23, 'status': 5}"
2534547303306386176,5a831b72fa18da2d,5663.4873046875,4.530900001525879,-0.9532999992370605,5680.9863542160565,4.555040612194786,-0.9357352822617739,30.113111056371373,0.021271132155984432,0.006742413890346163,"{'days': 0, 'hours': 0, 'minutes': 0, 'seconds': 42, 'dof': 78, 'error': '', 'rms': np.float64(0.05758221768887538), 'chisq': np.float64(0.2685726553114916), 'rchisq': np.float64(0.0034432391706601486), 'wchisq': np.float64(33.37754362398806), 'rwchisq': np.float64(0.4279172259485649), 'niter': 4, 'nsynthesis': 21, 'status': 2}"
1489995588878476800,fdfcac2dc20438b5,6176.20751953125,4.6981000900268555,-4.029200077056885,6176.20751953125,4.6981000900268555,-4.029200077056885,29.236609299577303,0.041897035439098604,24.58679246072068,"{'days': 0, 'hours': 0, 'minutes': 0, 'seconds': 10, 'dof': 78, 'error': '', 'rms': np.float64(0.09824948669841219), 'chisq': np.float64(0.7818898925566193), 'rchisq': np.float64(0.01002422939175153), 'wchisq': np.float64(13.747912348213505), 'rwchisq': np.float64(0.17625528651555777), 'niter': 1, 'nsynthesis': 7, 'status': 2}"
917236827802459008,a069267d75f3d393,5704.98388671875,4.39709997177124,-0.7389000058174133,5707.007871439433,4.398046889508783,-0.738062084102867,21.00681724227165,0.01267532526897574,0.004692900013009792,"{'days': 0, 'hours': 0, 'minutes': 0, 'seconds': 26, 'dof': 78, 'error': '', 'rms': np.float64(0.06507361791098884), 'chisq': np.float64(0.3430006355900548), 'rchisq': np.float64(0.004397444046026344), 'wchisq': np.float64(77.9394166599213), 'rwchisq': np.float64(0.9992232905118116), 'niter': 2, 'nsynthesis': 12, 'status': 2}"
797378339408195072,9658c45294ebbedf,6055.67333984375,4.681099891662598,-1.8912999629974365,6069.408238066552,4.740908735162733,-1.8827021908679158,17.09540071211862,0.019279754838248505,0.010668783276811205,"{'days': 0, 'hours': 0, 'minutes': 0, 'seconds': 18, 'dof': 78, 'error': '', 'rms': np.float64(0.029171264891165737), 'chisq': np.float64(0.06892797832339526), 'rchisq': np.float64(0.0008836920297871187), 'wchisq': np.float64(5.596765862740204), 'rwchisq': np.float64(0.07175340849666928), 'niter': 2, 'nsynthesis': 11, 'status': 2}"
1557827764027399424,7fc90f1a6fe7b165,6870.10205078125,4.387199878692627,-3.9753000736236572,6870.10205078125,4.387199878692627,-3.9753000736236572,31.610601904733283,0.030183146312944862,42.384120125324486,"{'days': 0, 'hours': 0, 'minutes': 0, 'seconds': 10, 'dof': 78, 'error': '', 'rms': np.float64(0.06918441100694749), 'chisq': np.float64(0.3877051008366371), 'rchisq': np.float64(0.004970578215854322), 'wchisq': np.float64(7.654799661192132), 'rwchisq': np.float64(0.09813845719477092), 'niter': 1, 'nsynthesis': 7, 'status': 2}"
5188043901969883392,c9e912211a175410,3710.80810546875,4.420300006866455,-1.1243000030517578,3757.7955354932747,4.827171401686755,-2.286273303437274,383.97260974483345,0.8742550080730498,0.9065042857492389,"{'days': 0, 'hours': 0, 'minutes': 0, 'seconds': 44, 'dof': 78, 'error': '', 'rms': np.float64(0.11334956420102311), 'chisq': np.float64(1.0406980200695108), 'rchisq': np.float64(0.013342282308583472), 'wchisq': np.float64(41.83675608385554), 'rwchisq': np.float64(0.5363686677417377), 'niter': 6, 'nsynthesis': 23, 'status': 5}"
3244333877817385088,8553d85e945da12c,5648.34130859375,4.671800136566162,-2.476099967956543,5650.615304581581,4.687149719166383,-2.436597591777182,60.48389485979147,0.028427954163536155,0.014163569947406932,"{'days': 0, 'hours': 0, 'minutes': 0, 'seconds': 19, 'dof': 78, 'error': '', 'rms': np.float64(0.03379025679289646), 'chisq': np.float64(0.09248429778452073), 'rchisq': np.float64(0.0011856961254425734), 'wchisq': np.float64(4.552019139982699), 'rwchisq': np.float64(0.058359219743367934), 'niter': 2, 'nsynthesis': 14, 'status': 2}"
2437007359063720576,aef39a30f79fef2a,5554.46826171875,4.700699806213379,-3.9519999027252197,5554.46826171875,4.700699806213379,-3.9519999027252197,48614.87135737511,592.8761661664169,31.672980806252003,"{'days': 0, 'hours': 0, 'minutes': 0, 'seconds': 9, 'dof': 78, 'error': '', 'rms': np.float64(0.10582671753156604), 'chisq': np.float64(0.9071428256239753), 'rchisq': np.float64(0.0116300362259484), 'wchisq': np.float64(13.953026936649445), 'rwchisq': np.float64(0.17888496072627494), 'niter': 1, 'nsynthesis': 6, 'status': 1}"
2500520201565550848,0b001beeee5c559a,4145.05322265625,4.516300201416016,0.18199999630451202,3856.2324484228498,5.0,-1.4969442100589925,188.9802873326852,0.0,1.084707885576732,"{'days': 0, 'hours': 0, 'minutes': 0, 'seconds': 46, 'dof': 78, 'error': '', 'rms': np.float64(0.12655089646572465), 'chisq': np.float64(1.2972254810985633), 'rchisq': np.float64(0.016631095911520042), 'wchisq': np.float64(25.516497588737998), 'rwchisq': np.float64(0.32713458447099997), 'niter': 6, 'nsynthesis': 25, 'status': 5}"
808457606982171648,4743ca7c3fe8fac0,4313.24609375,4.577600002288818,0.2581999897956848,4094.5193634901543,5.0,-1.43272291250295,239.5386606564237,0.0,0.27828405539710566,"{'days': 0, 'hours': 0, 'minutes': 0, 'seconds': 50, 'dof': 78, 'error': '', 'rms': np.float64(0.10688148643373636), 'chisq': np.float64(0.9253158235250826), 'rchisq': np.float64(0.0118630233785267), 'wchisq': np.float64(73.72464138953947), 'rwchisq': np.float64(0.945187710122301), 'niter': 6, 'nsynthesis': 22, 'status': 5}"
1609389666753435008,e37a453d1dded0fe,7040.81396484375,4.587100028991699,-2.1412999629974365,7040.81396484375,4.587100028991699,-2.1412999629974365,26.500177839858015,0.02318946889661988,1.2521993643349487,"{'days': 0, 'hours': 0, 'minutes': 0, 'seconds': 10, 'dof': 78, 'error': '', 'rms': np.float64(0.06188456263370527), 'chisq': np.float64(0.31020562648156425), 'rchisq': np.float64(0.003976995211302106), 'wchisq': np.float64(7.190687948595306), 'rwchisq': np.float64(0.09218830703327316), 'niter': 1, 'nsynthesis': 7, 'status': 2}"
2542213618068092544,7ea99a320633f06a,4245.7578125,4.637499809265137,0.05660000070929527,3877.267301665704,5.0,-2.2635201867238153,178.59421607512974,0.0,0.8272341423447661,"{'days': 0, 'hours': 0, 'minutes': 0, 'seconds': 44, 'dof': 78, 'error': '', 'rms': np.float64(0.11545466790088234), 'chisq': np.float64(1.0797122075483454), 'rchisq': np.float64(0.013842464199337762), 'wchisq': np.float64(39.71157086827755), 'rwchisq': np.float64(0.5091227034394558), 'niter': 6, 'nsynthesis': 23, 'status': 5}"
2678034502739553152,9876342aae9fdc9d,5149.26806640625,4.657299995422363,-2.228600025177002,5862.4368980521895,4.861066498978654,-2.8070716800440723,25.639732658167535,0.05829610661176302,1.1959964503287432,"{'days': 0, 'hours': 0, 'minutes': 0, 'seconds': 44, 'dof': 78, 'error': '', 'rms': np.float64(0.02550727194742709), 'chisq': np.float64(0.05270029469820008), 'rchisq': np.float64(0.000675644803823078), 'wchisq': np.float64(1.4021598841873841), 'rwchisq': np.float64(0.017976408771633128), 'niter': 6, 'nsynthesis': 25, 'status': 5}"
4575364515095151232,01e571205576d72c,7425.5556640625,4.1508002281188965,-2.0662999153137207,7425.5556640625,4.1508002281188965,-2.0662999153137207,17.600939890040895,0.02006133012696325,0.02632742782786759,"{'days': 0, 'hours': 0, 'minutes': 0, 'seconds': 12, 'dof': 78, 'error': '', 'rms': np.float64(0.048422550941576104), 'chisq': np.float64(0.18992421861485217), 'rchisq': np.float64(0.002434925879677592), 'wchisq': np.float64(9.206987999074746), 'rwchisq': np.float64(0.11803830768044546), 'niter': 1, 'nsynthesis': 7, 'status': 2}"
1511796258758083968,3ce41eb7ccf97c32,4344.65869140625,4.677999973297119,0.0038999998942017555,4113.385317414463,5.0,-1.7017756317044725,269.8340776620636,0.0,0.34689119899474197,"{'days': 0, 'hours': 0, 'minutes': 0, 'seconds': 43, 'dof': 78, 'error': '', 'rms': np.float64(0.08839486176515331), 'chisq': np.float64(0.6329057785049255), 'rchisq': np.float64(0.008114176647499045), 'wchisq': np.float64(53.429015654760605), 'rwchisq': np.float64(0.6849873801892385), 'niter': 6, 'nsynthesis': 22, 'status': 5}"
3839770547253137408,17bc40815e753ea8,6276.7001953125,4.27400016784668,-1.5032999515533447,6296.885331228037,4.3090749258168835,-2.6079915206061974,19.048483469459615,0.014189177996824169,0.007397051328331402,"{'days': 0, 'hours': 0, 'minutes': 0, 'seconds': 30, 'dof': 78, 'error': '', 'rms': np.float64(0.04052234200632105), 'chisq': np.float64(0.1330068763358574), 'rchisq': np.float64(0.001705216363280223), 'wchisq': np.float64(15.492782284844997), 'rwchisq': np.float64(0.1986254139082692), 'niter': 3, 'nsynthesis': 17, 'status': 2}"
1332307655608635904,1654e94e28576aee,7396.125,4.196000099182129,-3.724600076675415,7401.874806256628,4.199947428247476,-3.720566405823211,27.23079723414521,0.01681583422055601,20.113894008435796,"{'days': 0, 'hours': 0, 'minutes': 0, 'seconds': 30, 'dof': 78, 'error': '', 'rms': np.float64(0.05223724888228306), 'chisq': np.float64(0.22102714383395622), 'rchisq': np.float64(0.002833681331204567), 'wchisq': np.float64(14.729085147118989), 'rwchisq': np.float64(0.18883442496306396), 'niter': 4, 'nsynthesis': 22, 'status': 2}"
1569259420781306240,fe309ad053d13a06,5811.03369140625,4.406099796295166,-1.3580000400543213,5824.5084862622725,4.489378187676208,-1.350150869607838,48.92505348356996,0.017579710138481884,0.01044282373783991,"{'days': 0, 'hours': 0, 'minutes': 0, 'seconds': 33, 'dof': 78, 'error': '', 'rms': np.float64(0.04388069096039693), 'chisq': np.float64(0.1559667181721107), 'rchisq': np.float64(0.001999573309898855), 'wchisq': np.float64(14.472104945162464), 'rwchisq': np.float64(0.18553980698926237), 'niter': 3, 'nsynthesis': 17, 'status': 2}"
3091932598315612160,eb51abd4a2f50213,5988.68017578125,4.393599987030029,-0.4212999939918518,6018.460795719242,4.55396804320673,-0.4152604525791302,10.899560089415926,0.015343877365932767,0.006105360980766324,"{'days': 0, 'hours': 0, 'minutes': 0, 'seconds': 38, 'dof': 78, 'error': '', 'rms': np.float64(0.073905279868059), 'chisq': np.float64(0.4424212217824664), 'rchisq': np.float64(0.005672066945929056), 'wchisq': np.float64(94.22499742402525), 'rwchisq': np.float64(1.208012787487503), 'niter': 4, 'nsynthesis': 19, 'status': 2}"
1387708954155888512,8221e8c93ee2b461,3612.927001953125,4.431399822235107,-0.9643999934196472,3753.673092955032,4.481629651302434,-1.1676324603067207,377.2304144473477,0.16362422535138557,0.7290893243882034,"{'days': 0, 'hours': 0, 'minutes': 0, 'seconds': 44, 'dof': 78, 'error': '', 'rms': np.float64(0.13217632993639544), 'chisq': np.float64(1.4151171578318444), 'rchisq': np.float64(0.018142527664510827), 'wchisq': np.float64(29.004143914765667), 'rwchisq': np.float64(0.3718479989072521), 'niter': 6, 'nsynthesis': 23, 'status': 5}"
2677977877890715904,493956ca6c0a10d9,5211.8271484375,4.587100028991699,-0.38769999146461487,5232.046293572503,4.623204003139365,-0.3782080788068642,21.05333525174295,0.03649366599910753,0.005254722921161523,"{'days': 0, 'hours': 0, 'minutes': 0, 'seconds': 33, 'dof': 78, 'error': '', 'rms': np.float64(0.09268484706414008), 'chisq': np.float64(0.6958289508995459), 'rchisq': np.float64(0.008920883985891614), 'wchisq': np.float64(167.21191986655637), 'rwchisq': np.float64(2.1437425623917483), 'niter': 4, 'nsynthesis': 16, 'status': 2}"
799627497818980864,1c5ff0880f64713d,5666.8681640625,4.533400058746338,-1.4249999523162842,5668.252060947712,4.533545059100467,-1.4250224602509185,61.288887254499066,0.023934824714643914,0.009969664204674444,"{'days': 0, 'hours': 0, 'minutes': 0, 'seconds': 26, 'dof': 78, 'error': '', 'rms': np.float64(0.04974937446658755), 'chisq': np.float64(0.20047502104515708), 'rchisq': np.float64(0.002570192577502014), 'wchisq': np.float64(14.421751612205746), 'rwchisq': np.float64(0.18489425143853522), 'niter': 2, 'nsynthesis': 12, 'status': 2}"
1502520061407639040,5478fff8ca168a18,4275.3076171875,4.48390007019043,-0.21050000190734863,4321.2296489987275,5.0,-1.5244582426428608,446.49651207956475,0.0,0.5309308614418092,"{'days': 0, 'hours': 0, 'minutes': 0, 'seconds': 47, 'dof': 78, 'error': '', 'rms': np.float64(0.09273783568355462), 'chisq': np.float64(0.6966247995488682), 'rchisq': np.float64(0.00893108717370344), 'wchisq': np.float64(20.96061259672454), 'rwchisq': np.float64(0.2687258025221095), 'niter': 6, 'nsynthesis': 22, 'status': 5}"
1527323184007874944,81758b4093b74049,5578.42333984375,4.519199848175049,-1.9253000020980835,5578.42333984375,4.519199848175049,-1.9253000020980835,16.367994375092078,0.28485306702628344,0.010561726148564292,"{'days': 0, 'hours': 0, 'minutes': 0, 'seconds': 12, 'dof': 78, 'error': '', 'rms': np.float64(0.03648132651924202), 'chisq': np.float64(0.10780186195288763), 'rchisq': np.float64(0.0013820751532421492), 'wchisq': np.float64(14.74609954996006), 'rwchisq': np.float64(0.18905255833282128), 'niter': 1, 'nsynthesis': 6, 'status': 2}"
2535275901558674176,0b73e6562d9cf9c5,5857.14404296875,4.614099979400635,-4.078000068664551,5857.951703127814,4.614537898127599,-4.017386993085164,47.57691283247931,0.12447625880603329,17.736993195105775,"{'days': 0, 'hours': 0, 'minutes': 0, 'seconds': 17, 'dof': 78, 'error': '', 'rms': np.float64(0.06489165401694161), 'chisq': np.float64(0.34108506764541074), 'rchisq': np.float64(0.004372885482633471), 'wchisq': np.float64(4.3607059469115805), 'rwchisq': np.float64(0.05590648649886642), 'niter': 2, 'nsynthesis': 12, 'status': 2}"
1661467691405680640,680b1d4a92f3545f,5852.92041015625,4.370200157165527,-1.5458999872207642,5864.177524223733,4.429928803934153,-1.5348928270895916,19.06455025187535,0.015658199674763635,0.025532789883345237,"{'days': 0, 'hours': 0, 'minutes': 0, 'seconds': 23, 'dof': 78, 'error': '', 'rms': np.float64(0.04569774817397327), 'chisq': np.float64(0.16915101924192208), 'rchisq': np.float64(0.002168602810793873), 'wchisq': np.float64(14.800220258935566), 'rwchisq': np.float64(0.189746413576097), 'niter': 3, 'nsynthesis': 12, 'status': 2}"
1668556315884740352,9d0727f04e4feb02,6027.7392578125,4.497099876403809,-1.4752999544143677,6028.240241689382,4.497712157142147,-1.4758708912691587,18.98169668568409,0.028976477849724604,0.01839793037511249,"{'days': 0, 'hours': 0, 'minutes': 0, 'seconds': 14, 'dof': 78, 'error': '', 'rms': np.float64(0.04763387593724118), 'chisq': np.float64(0.1837878770811632), 'rchisq': np.float64(0.002356254834373887), 'wchisq': np.float64(17.956175716059327), 'rwchisq': np.float64(0.23020738097511959), 'niter': 2, 'nsynthesis': 8, 'status': 2}"
914409055694627840,12bebce20a6ba4e2,4639.044921875,4.641900062561035,0.49470001459121704,4763.708189758729,4.654861080139731,0.4661770611441843,19.62154975643265,0.03539436347891545,0.018841383643997584,"{'days': 0, 'hours': 0, 'minutes': 0, 'seconds': 52, 'dof': 78, 'error': '', 'rms': np.float64(0.1684204828177708), 'chisq': np.float64(2.2976021816382532), 'rchisq': np.float64(0.029456438226131452), 'wchisq': np.float64(163.97049050092306), 'rwchisq': np.float64(2.1021857756528597), 'niter': 5, 'nsynthesis': 24, 'status': 2}"
769948410513593984,1d43e01cfceb696b,7310.66162109375,4.396399974822998,-1.940600037574768,7310.66162109375,4.396399974822998,-1.940600037574768,45.87584880585437,0.04649170886505157,1.4457995399614512,"{'days': 0, 'hours': 0, 'minutes': 0, 'seconds': 12, 'dof': 78, 'error': '', 'rms': np.float64(0.07984241578421143), 'chisq': np.float64(0.5163597200189705), 'rchisq': np.float64(0.006619996410499622), 'wchisq': np.float64(6.85546505372865), 'rwchisq': np.float64(0.08789057761190576), 'niter': 1, 'nsynthesis': 7, 'status': 2}"
1334717849520031232,e7413a60be2e348f,6289.9736328125,4.665900230407715,-3.3998000621795654,6289.9736328125,4.665900230407715,-3.3998000621795654,35.00237737398735,0.057800898980141846,0.043838027533861956,"{'days': 0, 'hours': 0, 'minutes': 0, 'seconds': 11, 'dof': 78, 'error': '', 'rms': np.float64(0.0839086624301656), 'chisq': np.float64(0.5702937540963784), 'rchisq': np.float64(0.007311458385851005), 'wchisq': np.float64(6.519628980779661), 'rwchisq': np.float64(0.08358498693307258), 'niter': 1, 'nsynthesis': 7, 'status': 2}"
175864896295316864,01d177a7801a4065,6300.10302734375,4.277900218963623,-0.32339999079704285,6318.649021256705,4.296420721780269,-0.3150278259172171,6.67758629830854,0.009731904924630667,0.004079595504698002,"{'days': 0, 'hours': 0, 'minutes': 0, 'seconds': 33, 'dof': 78, 'error': '', 'rms': np.float64(0.0818365621518232), 'chisq': np.float64(0.5424750552911669), 'rchisq': np.float64(0.006954808401168806), 'wchisq': np.float64(118.32645215838893), 'rwchisq': np.float64(1.5170057969024222), 'niter': 3, 'nsynthesis': 16, 'status': 2}"
2537129437644877568,742f6c644a653efc,4605.09912109375,4.653600215911865,-0.44179999828338623,4407.612974250332,5.0,-2.12900253791451,429.69865947749486,0.0,0.46535666368622236,"{'days': 0, 'hours': 0, 'minutes': 0, 'seconds': 47, 'dof': 78, 'error': '', 'rms': np.float64(0.08807669700529648), 'chisq': np.float64(0.6283578689843871), 'rchisq': np.float64(0.00805587011518445), 'wchisq': np.float64(97.89758319925568), 'rwchisq': np.float64(1.255097220503278), 'niter': 6, 'nsynthesis': 22, 'status': 5}"
828409997813638144,761afd89034facd6,6035.68994140625,4.439899921417236,-0.9143000245094299,6066.458530077216,4.484912566820407,-0.8915385486285069,12.117115690385969,0.02001294703980826,0.006034897239131295,"{'days': 0, 'hours': 0, 'minutes': 0, 'seconds': 51, 'dof': 78, 'error': '', 'rms': np.float64(0.05316369941952138), 'chisq': np.float64(0.22893669381350665), 'rchisq': np.float64(0.00293508581812188), 'wchisq': np.float64(20.32024952059403), 'rwchisq': np.float64(0.26051601949479525), 'niter': 5, 'nsynthesis': 25, 'status': 2}"
1745267622951536256,da284fc3907db47b,5272.8935546875,4.636600017547607,-0.6141999959945679,5313.847065477362,4.7321105891666155,-0.6236887146979981,44.19254563989019,0.04472520642012826,0.11718007961604425,"{'days': 0, 'hours': 0, 'minutes': 0, 'seconds': 35, 'dof': 78, 'error': '', 'rms': np.float64(0.06910507986581224), 'chisq': np.float64(0.38681647712408346), 'rchisq': np.float64(0.004959185604154916), 'wchisq': np.float64(34.8673810198466), 'rwchisq': np.float64(0.4470177053826487), 'niter': 3, 'nsynthesis': 16, 'status': 2}"
1322488570096183040,db04984d5f21cabf,7376.53173828125,4.024499893188477,-0.8756999969482422,7458.592646403802,4.1736808938181875,-1.9307621913843822,6.535798398682345,0.012262408949919626,0.006787843126938285,"{'days': 0, 'hours': 0, 'minutes': 0, 'seconds': 40, 'dof': 78, 'error': '', 'rms': np.float64(0.03849482295581582), 'chisq': np.float64(0.12002996294636796), 'rchisq': np.float64(0.0015388456787995893), 'wchisq': np.float64(33.95926418818568), 'rwchisq': np.float64(0.4353751818998164), 'niter': 5, 'nsynthesis': 24, 'status': 2}"
1606139686476446976,fad7e3d0e051a29e,6089.734375,4.46999979019165,-1.5461000204086304,6101.048812321816,4.502452292356001,-1.5702474980076777,15.64584109736707,0.01598778665853316,0.010748975579147094,"{'days': 0, 'hours': 0, 'minutes': 0, 'seconds': 31, 'dof': 78, 'error': '', 'rms': np.float64(0.056915403496822906), 'chisq': np.float64(0.262388415571699), 'rchisq': np.float64(0.003363954045791013), 'wchisq': np.float64(21.431209893874748), 'rwchisq': np.float64(0.2747591012035224), 'niter': 3, 'nsynthesis': 15, 'status': 2}"
2538083268277555712,02fc531203a4e2d0,3758.017578125,4.38700008392334,-0.4000000059604645,3998.494021132402,5.0,-1.8184682631362605,171.81966039757435,0.0,0.8177027515420912,"{'days': 0, 'hours': 0, 'minutes': 0, 'seconds': 45, 'dof': 78, 'error': '', 'rms': np.float64(0.10765994372259452), 'chisq': np.float64(0.9388437420705298), 'rchisq': np.float64(0.012036458231673458), 'wchisq': np.float64(44.02302836865438), 'rwchisq': np.float64(0.5643977995981331), 'niter': 6, 'nsynthesis': 25, 'status': 5}"
2497183321214624768,434319461c018288,3905.384765625,4.682499885559082,-0.06589999794960022,4163.026797076861,5.0,-1.2028010660480335,290.8430057897586,0.0,0.6473933675370401,"{'days': 0, 'hours': 0, 'minutes': 0, 'seconds': 49, 'dof': 78, 'error': '', 'rms': np.float64(0.12045409110803497), 'chisq': np.float64(1.175244233237686), 'rchisq': np.float64(0.015067233759457514), 'wchisq': np.float64(32.99573202980421), 'rwchisq': np.float64(0.4230222055103104), 'niter': 6, 'nsynthesis': 24, 'status': 5}"
175752879252515712,fca824d7666534be,7422.8046875,4.364999771118164,-1.1318999528884888,7515.167087840869,4.422302350929474,-1.1666908992658533,15.529678817456121,0.012185358318240946,0.011537922134000797,"{'days': 0, 'hours': 0, 'minutes': 0, 'seconds': 38, 'dof': 78, 'error': '', 'rms': np.float64(0.05388607323912339), 'chisq': np.float64(0.23520042001970573), 'rchisq': np.float64(0.0030153900002526375), 'wchisq': np.float64(24.906458879405466), 'rwchisq': np.float64(0.3193135753769932), 'niter': 4, 'nsynthesis': 20, 'status': 2}"
4228295938845677184,26b93d7353b647f5,5531.7822265625,4.589200019836426,-0.7174999713897705,5548.280335621549,4.581522836790314,-0.736014860608741,64.92965761957497,0.32541906609957255,0.19896686072946407,"{'days': 0, 'hours': 0, 'minutes': 0, 'seconds': 51, 'dof': 78, 'error': '', 'rms': np.float64(0.06956957244892789), 'chisq': np.float64(0.39203395826885684), 'rchisq': np.float64(0.005026076388062267), 'wchisq': np.float64(22.026238919789407), 'rwchisq': np.float64(0.28238767845883855), 'niter': 5, 'nsynthesis': 25, 'status': 2}"
1563780142022633856,e0ea7c361800c2fa,6524.16796875,4.2144999504089355,-0.4674000144004822,6586.985363912146,4.237709483441731,-0.46252569040474173,12.688526573527335,0.0105804328964957,0.019382031944223204,"{'days': 0, 'hours': 0, 'minutes': 0, 'seconds': 37, 'dof': 78, 'error': '', 'rms': np.float64(0.0668024663242314), 'chisq': np.float64(0.36146813006700557), 'rchisq': np.float64(0.004634206795730841), 'wchisq': np.float64(40.84645036149352), 'rwchisq': np.float64(0.5236724405319682), 'niter': 3, 'nsynthesis': 17, 'status': 2}"
2536828759870037504,f714d37f7cf47f54,4498.654296875,4.665999889373779,0.4964999854564667,4830.61880025336,4.572900436787378,0.07146824844800119,73.05259980488124,0.06905944911389701,0.11032513955917744,"{'days': 0, 'hours': 0, 'minutes': 0, 'seconds': 50, 'dof': 78, 'error': '', 'rms': np.float64(0.12461035711971867), 'chisq': np.float64(1.2577470292218096), 'rchisq': np.float64(0.016124961913100123), 'wchisq': np.float64(170.59491383567476), 'rwchisq': np.float64(2.187114279944548), 'niter': 6, 'nsynthesis': 24, 'status': 5}"
1410023851879234688,fb644d444b8e6fbe,6045.990234375,4.553899765014648,-1.1585999727249146,6073.8233904581075,4.613699588287719,-1.1162482883117426,24.267855733066686,0.013988850647418415,0.4442729277073464,"{'days': 0, 'hours': 0, 'minutes': 0, 'seconds': 33, 'dof': 78, 'error': '', 'rms': np.float64(0.04990642184796314), 'chisq': np.float64(0.20174272627501505), 'rchisq': np.float64(0.002586445208654039), 'wchisq': np.float64(13.921842341850681), 'rwchisq': np.float64(0.17848515822885488), 'niter': 3, 'nsynthesis': 15, 'status': 2}"
4227010609752205184,9511995d6815682b,4338.3759765625,4.172500133514404,-0.0007999999797903001,4166.201894509589,5.0,-1.688448129103312,357.64430521161404,0.0,0.47201844238584467,"{'days': 0, 'hours': 0, 'minutes': 0, 'seconds': 43, 'dof': 78, 'error': '', 'rms': np.float64(0.11551063417433972), 'chisq': np.float64(1.0807592351960094), 'rchisq': np.float64(0.013855887630718069), 'wchisq': np.float64(41.60012401886073), 'rwchisq': np.float64(0.5333349233187273), 'niter': 6, 'nsynthesis': 22, 'status': 5}"
1665180059273240192,b31febec86ccfd32,6108.65234375,4.700399875640869,-2.0908000469207764,6116.38855117596,4.709850814769723,-2.078854226872542,36.770756273927624,0.044001597507011374,0.01760482707388932,"{'days': 0, 'hours': 0, 'minutes': 0, 'seconds': 30, 'dof': 78, 'error': '', 'rms': np.float64(0.06331455965962668), 'chisq': np.float64(0.3247074106562865), 'rchisq': np.float64(0.004162915521234442), 'wchisq': np.float64(12.562095094333019), 'rwchisq': np.float64(0.16105250120939768), 'niter': 3, 'nsynthesis': 17, 'status': 2}"
2542923112305273472,8d796fd2b94de7eb,5652.6064453125,4.428899765014648,-0.2061000019311905,5675.548214553669,4.454939258776767,-0.1954384286853952,7.767563025962084,0.01618571710623545,0.003952257345832985,"{'days': 0, 'hours': 0, 'minutes': 0, 'seconds': 24, 'dof': 78, 'error': '', 'rms': np.float64(0.09096568881262508), 'chisq': np.float64(0.6702552798335828), 'rchisq': np.float64(0.008593016408122857), 'wchisq': np.float64(178.2092858521873), 'rwchisq': np.float64(2.2847344340024014), 'niter': 2, 'nsynthesis': 12, 'status': 2}"
2509958409378474240,551ce79284b463de,5229.7314453125,4.644100189208984,-0.4171999990940094,5245.721468356951,4.880175403064697,-0.46059237211824666,197.9939365412286,0.05742608291140271,0.017434611006120208,"{'days': 0, 'hours': 0, 'minutes': 0, 'seconds': 53, 'dof': 78, 'error': '', 'rms': np.float64(0.07830182920494592), 'chisq': np.float64(0.4966252930040823), 'rchisq': np.float64(0.006366990935949773), 'wchisq': np.float64(25.57508774822763), 'rwchisq': np.float64(0.3278857403618927), 'niter': 6, 'nsynthesis': 24, 'status': 5}"
2642582227770777344,de3ba3ba040557e3,3727.468505859375,4.59119987487793,-0.398499995470047,3792.93955940369,4.661337724817188,-1.1884320584644654,454.70403163369775,0.2897493863189648,0.5881092531997653,"{'days': 0, 'hours': 0, 'minutes': 0, 'seconds': 43, 'dof': 78, 'error': '', 'rms': np.float64(0.1409789649630005), 'chisq': np.float64(1.6098805535251528), 'rchisq': np.float64(0.020639494275963496), 'wchisq': np.float64(29.48307163705136), 'rwchisq': np.float64(0.37798809791091487), 'niter': 6, 'nsynthesis': 24, 'status': 5}"
2545462915445504640,e84d023b9cf0bb11,5269.39501953125,4.395400047302246,-1.0427000522613525,5401.48227971242,4.988885432456065,-1.4800909850016395,628.4739845254425,0.04347795164057335,0.47710412603442265,"{'days': 0, 'hours': 0, 'minutes': 0, 'seconds': 52, 'dof': 78, 'error': '', 'rms': np.float64(0.05467668279781085), 'chisq': np.float64(0.2421527109835664), 'rchisq': np.float64(0.0031045219356867484), 'wchisq': np.float64(24.430369685070676), 'rwchisq': np.float64(0.31320986775731635), 'niter': 6, 'nsynthesis': 23, 'status': 5}"
2536336517962843904,407cd9a492ea156b,3697.391357421875,4.694300174713135,0.13249999284744263,3861.2644331458027,4.678848563686163,-1.0981770752575541,275.2139523184615,0.4463322999775462,0.5107478404058132,"{'days': 0, 'hours': 0, 'minutes': 0, 'seconds': 41, 'dof': 78, 'error': '', 'rms': np.float64(0.1568093420604107), 'chisq': np.float64(1.9917227503509296), 'rchisq': np.float64(0.02553490705578115), 'wchisq': np.float64(135.49521961031036), 'rwchisq': np.float64(1.737118200132184), 'niter': 6, 'nsynthesis': 22, 'status': 5}"
906493259169219456,bd0cf0596a99aa4d,5229.70556640625,4.777400016784668,-1.8008999824523926,3518.403256511996,2.0143538034411583,-4.007525600718743,2215.7744695989963,2.8253955628959786,1.1744225892405014,"{'days': 0, 'hours': 0, 'minutes': 0, 'seconds': 43, 'dof': 78, 'error': '', 'rms': np.float64(0.051786905435652994), 'chisq': np.float64(0.2172325695427025), 'rchisq': np.float64(0.0027850329428551605), 'wchisq': np.float64(6.080863365518186), 'rwchisq': np.float64(0.07795978673741265), 'niter': 6, 'nsynthesis': 25, 'status': 5}"
2543351475162842368,4896e93f86a4800f,4154.7421875,4.58519983291626,-0.026599999517202377,4178.315830840873,5.0,-1.4484644938539482,364.9842274068069,0.0,0.6400359305616179,"{'days': 0, 'hours': 0, 'minutes': 0, 'seconds': 46, 'dof': 78, 'error': '', 'rms': np.float64(0.09716329336686069), 'chisq': np.float64(0.7646971518094655), 'rchisq': np.float64(0.009803809638582892), 'wchisq': np.float64(29.735022790707653), 'rwchisq': np.float64(0.38121824090650835), 'niter': 6, 'nsynthesis': 22, 'status': 5}"
809256196021369728,a948df227fc4a7e0,5994.1171875,4.564000129699707,-1.5154999494552612,6050.073224267206,4.537635500211701,-1.479903233927716,19.138008964740028,0.021112020713506277,0.013678328642419748,"{'days': 0, 'hours': 0, 'minutes': 0, 'seconds': 32, 'dof': 78, 'error': '', 'rms': np.float64(0.06897457887521555), 'chisq': np.float64(0.3853568950120798), 'rchisq': np.float64(0.004940473012975382), 'wchisq': np.float64(25.638423101513276), 'rwchisq': np.float64(0.32869773207068304), 'niter': 3, 'nsynthesis': 17, 'status': 2}"
790529103521948928,51277185ad92cb43,6598.86474609375,4.578999996185303,-3.2629001140594482,6606.169508288041,4.668226173095623,-3.261253764675741,56.44650995556485,0.05691097769172622,8.17931193195356,"{'days': 0, 'hours': 0, 'minutes': 0, 'seconds': 35, 'dof': 78, 'error': '', 'rms': np.float64(0.07062053125677713), 'chisq': np.float64(0.40396801423414425), 'rchisq': np.float64(0.005179077105565952), 'wchisq': np.float64(5.599325911503654), 'rwchisq': np.float64(0.07178622963466223), 'niter': 4, 'nsynthesis': 22, 'status': 2}"
2546965329366147200,e70d414c6f2def2f,4868.814453125,4.6855998039245605,-0.5011000037193298,5064.618604222758,4.880614023030453,-0.6936713819564735,70.94870281346986,0.2084024896302284,0.09727821868196672,"{'days': 0, 'hours': 0, 'minutes': 0, 'seconds': 28, 'dof': 78, 'error': '', 'rms': np.float64(0.08162645216742795), 'chisq': np.float64(0.5396930931687537), 'rchisq': np.float64(0.006919142220112227), 'wchisq': np.float64(76.54876149232373), 'rwchisq': np.float64(0.9813943781067146), 'niter': 3, 'nsynthesis': 13, 'status': 2}"
868002307722371584,7215c7dd1cc3584c,5127.07421875,4.656000137329102,-1.496000051498413,5331.5735530439315,5.0,-3.0135079109123293,6952.5444571679545,0.0,3.7862915773410735,"{'days': 0, 'hours': 0, 'minutes': 0, 'seconds': 44, 'dof': 78, 'error': '', 'rms': np.float64(0.039320376909357295), 'chisq': np.float64(0.1252334552638074), 'rchisq': np.float64(0.0016055571187667613), 'wchisq': np.float64(6.89606905199847), 'rwchisq': np.float64(0.08841114169228807), 'niter': 6, 'nsynthesis': 22, 'status': 5}"
97998269560192,20eeb29fd3db0570,5117.2998046875,4.672500133514404,-0.6331999897956848,5568.080650464715,4.80789067270798,-0.7909996856920872,23.966094549648698,0.05718467166904863,0.016756763961126204,"{'days': 0, 'hours': 0, 'minutes': 0, 'seconds': 41, 'dof': 78, 'error': '', 'rms': np.float64(0.07661716163070213), 'chisq': np.float64(0.475485345963956), 'rchisq': np.float64(0.006095965973896871), 'wchisq': np.float64(26.232921526112847), 'rwchisq': np.float64(0.3363195067450365), 'niter': 4, 'nsynthesis': 24, 'status': 2}"
822712947033645696,f080914ff3fe9b70,6858.43115234375,4.222599983215332,-0.6646000146865845,6858.43115234375,4.222599983215332,-0.6646000146865845,20.735243499270197,0.01926010859368014,0.008594815094036467,"{'days': 0, 'hours': 0, 'minutes': 0, 'seconds': 16, 'dof': 78, 'error': '', 'rms': np.float64(0.057322147276005785), 'chisq': np.float64(0.2661521140348999), 'rchisq': np.float64(0.0034122065901910246), 'wchisq': np.float64(32.43126158529065), 'rwchisq': np.float64(0.4157854049396237), 'niter': 1, 'nsynthesis': 8, 'status': 2}"
1543384544927661568,b3e6d12c76202792,6274.8330078125,4.3917999267578125,-1.5597000122070312,6373.043050897348,4.401288335322766,-1.5576064738624116,14.126940229238125,0.01215666766857122,0.5557579985269956,"{'days': 0, 'hours': 0, 'minutes': 0, 'seconds': 34, 'dof': 78, 'error': '', 'rms': np.float64(0.055789807434151524), 'chisq': np.float64(0.2521127116967164), 'rchisq': np.float64(0.0032322142525220052), 'wchisq': np.float64(17.91345374519949), 'rwchisq': np.float64(0.22965966339999347), 'niter': 3, 'nsynthesis': 17, 'status': 2}"
2542989220441276672,0497fb52715e556e,5639.98486328125,4.205100059509277,-0.9937000274658203,5647.818707355053,4.226806028446953,-0.956952589335939,29.447479687159124,0.014331527758619983,0.008111015462463903,"{'days': 0, 'hours': 0, 'minutes': 0, 'seconds': 24, 'dof': 78, 'error': '', 'rms': np.float64(0.06001552480490068), 'chisq': np.float64(0.29175092062621955), 'rchisq': np.float64(0.003740396418284866), 'wchisq': np.float64(36.51080137335124), 'rwchisq': np.float64(0.4680871970942467), 'niter': 3, 'nsynthesis': 12, 'status': 2}"
1291577102054904832,205d8688c8f5045b,6390.4931640625,4.668099880218506,-3.4382998943328857,6424.961353941035,4.698717516609554,-3.4448889620157077,88.49985670453175,0.0550695277032074,10.875446642864137,"{'days': 0, 'hours': 0, 'minutes': 0, 'seconds': 23, 'dof': 78, 'error': '', 'rms': np.float64(0.1126074478420834), 'chisq': np.float64(1.0271154220701102), 'rchisq': np.float64(0.013168146436796285), 'wchisq': np.float64(10.990798935224488), 'rwchisq': np.float64(0.1409076786567242), 'niter': 3, 'nsynthesis': 15, 'status': 2}"
4575442442981454720,1f90d175e272d93b,4162.9296875,4.689199924468994,-0.00839999970048666,4112.937407326983,5.0,-1.5739510914689576,267.602314153439,0.0,1.0796506252087321,"{'days': 0, 'hours': 0, 'minutes': 0, 'seconds': 42, 'dof': 78, 'error': '', 'rms': np.float64(0.10554311445365465), 'chisq': np.float64(0.9022872696947568), 'rchisq': np.float64(0.01156778550890714), 'wchisq': np.float64(19.139423891804743), 'rwchisq': np.float64(0.2453772293821121), 'niter': 6, 'nsynthesis': 22, 'status': 5}"
1506243557535334016,98033bdfaa8c0107,6091.7607421875,4.478799819946289,-1.4681999683380127,6091.7607421875,4.478799819946289,-1.4681999683380127,21.05611494251892,0.03355853220949358,0.01741983656315647,"{'days': 0, 'hours': 0, 'minutes': 0, 'seconds': 14, 'dof': 78, 'error': '', 'rms': np.float64(0.04255111365588954), 'chisq': np.float64(0.14665837914187077), 'rchisq': np.float64(0.0018802356300239842), 'wchisq': np.float64(10.904943886127802), 'rwchisq': np.float64(0.13980697289907437), 'niter': 1, 'nsynthesis': 7, 'status': 2}"
2686873644219714048,22a9e111ea3254a9,5656.05224609375,4.675300121307373,-2.4535000324249268,5684.079582454847,4.989684169011918,-3.585887115933624,26.778341754153278,0.5190690415511409,1.628349515434132,"{'days': 0, 'hours': 0, 'minutes': 0, 'seconds': 38, 'dof': 78, 'error': '', 'rms': np.float64(0.021324151465077726), 'chisq': np.float64(0.0368322742921517), 'rchisq': np.float64(0.0004722086447711756), 'wchisq': np.float64(2.1608280593311253), 'rwchisq': np.float64(0.027702923837578528), 'niter': 6, 'nsynthesis': 22, 'status': 5}"
1305291929063627520,ecb6c612a5f5a1a5,5552.85546875,4.501399993896484,-1.0205999612808228,5699.135056898277,4.521368461309958,-0.9831389647513344,64.16677451138673,0.027188946191384,0.02382700346296462,"{'days': 0, 'hours': 0, 'minutes': 0, 'seconds': 42, 'dof': 78, 'error': '', 'rms': np.float64(0.059144235755003834), 'chisq': np.float64(0.28334129046652134), 'rchisq': np.float64(0.0036325806470066837), 'wchisq': np.float64(12.568313275865977), 'rwchisq': np.float64(0.16113222148546125), 'niter': 4, 'nsynthesis': 23, 'status': 2}"
826955580152533120,4c1be9c1e7e5427d,4759.6220703125,4.531000137329102,0.26019999384880066,5013.997589452593,4.516318054940941,0.2334975660452834,26.704162635243854,0.03728470687365674,0.010387076849702637,"{'days': 0, 'hours': 0, 'minutes': 0, 'seconds': 54, 'dof': 78, 'error': '', 'rms': np.float64(0.11698782674808246), 'chisq': np.float64(1.108578280186388), 'rchisq': np.float64(0.01421254205367164), 'wchisq': np.float64(46.96798336702883), 'rwchisq': np.float64(0.602153632910626), 'niter': 5, 'nsynthesis': 24, 'status': 2}"
913955300989753088,0fb6f6b7535b88d3,5582.18505859375,4.649499893188477,-0.8841999769210815,5607.819181004234,4.672770214511854,-0.8753898806700757,39.99716274605823,0.02760769274176595,0.009450325442473864,"{'days': 0, 'hours': 0, 'minutes': 0, 'seconds': 32, 'dof': 78, 'error': '', 'rms': np.float64(0.06583441653991638), 'chisq': np.float64(0.3510678024932485), 'rchisq': np.float64(0.004500869262733955), 'wchisq': np.float64(15.281556304965525), 'rwchisq': np.float64(0.19591738852519905), 'niter': 3, 'nsynthesis': 16, 'status': 2}"
3123587572441997568,de23d5dbc47e3127,5213.75,4.78879976272583,-2.7718000411987305,4486.83163695336,5.0,-3.6780276115991697,4643.4977578257585,0.0,3.1346995584845203,"{'days': 0, 'hours': 0, 'minutes': 0, 'seconds': 36, 'dof': 78, 'error': '', 'rms': np.float64(0.036220333970199206), 'chisq': np.float64(0.1062649200259341), 'rchisq': np.float64(0.0013623707695632576), 'wchisq': np.float64(4.046507404077665), 'rwchisq': np.float64(0.051878300052277754), 'niter': 6, 'nsynthesis': 25, 'status': 5}"
2534547303306386176,5a831b72fa18da2d,5663.4873046875,4.530900001525879,-0.9532999992370605,5680.9863542160565,4.555040612194786,-0.9357352822617739,30.113111056371373,0.021271132155984432,0.006742413890346163,"{'days': 0, 'hours': 0, 'minutes': 0, 'seconds': 46, 'dof': 78, 'error': '', 'rms': np.float64(0.05758221768887538), 'chisq': np.float64(0.2685726553114916), 'rchisq': np.float64(0.0034432391706601486), 'wchisq': np.float64(33.37754362398806), 'rwchisq': np.float64(0.4279172259485649), 'niter': 4, 'nsynthesis': 21, 'status': 2}"
1378266039058893824,2ef30139cf33ca35,5673.70068359375,4.61299991607666,-0.9248999953269958,5673.70068359375,4.61299991607666,-0.9248999953269958,23.898898323444044,0.028913320052203376,0.014030190955784677,"{'days': 0, 'hours': 0, 'minutes': 0, 'seconds': 14, 'dof': 78, 'error': '', 'rms': np.float64(0.07136643514973004), 'chisq': np.float64(0.4125466133444305), 'rchisq': np.float64(0.005289059145441416), 'wchisq': np.float64(15.045681571262447), 'rwchisq': np.float64(0.19289335347772368), 'niter': 1, 'nsynthesis': 7, 'status': 2}"
1489995588878476800,fdfcac2dc20438b5,6176.20751953125,4.6981000900268555,-4.029200077056885,6176.20751953125,4.6981000900268555,-4.029200077056885,29.236609299577303,0.041897035439098604,24.58679246072068,"{'days': 0, 'hours': 0, 'minutes': 0, 'seconds': 10, 'dof': 78, 'error': '', 'rms': np.float64(0.09824948669841219), 'chisq': np.float64(0.7818898925566193), 'rchisq': np.float64(0.01002422939175153), 'wchisq': np.float64(13.747912348213505), 'rwchisq': np.float64(0.17625528651555777), 'niter': 1, 'nsynthesis': 7, 'status': 2}"
1601046782976137984,bedfd6fd7375b169,6467.9931640625,4.258600234985352,-2.1405999660491943,6472.601515110759,4.265171077437487,-2.3178366934734855,19.921035815498264,0.01637949366927863,0.022644421087431067,"{'days': 0, 'hours': 0, 'minutes': 0, 'seconds': 37, 'dof': 78, 'error': '', 'rms': np.float64(0.020704055984560907), 'chisq': np.float64(0.034721292671158414), 'rchisq': np.float64(0.0004451447778353643), 'wchisq': np.float64(4.08506183687808), 'rwchisq': np.float64(0.05237258765228308), 'niter': 5, 'nsynthesis': 24, 'status': 2}"
797378339408195072,9658c45294ebbedf,6055.67333984375,4.681099891662598,-1.8912999629974365,6069.408238066552,4.740908735162733,-1.8827021908679158,17.09540071211862,0.019279754838248505,0.010668783276811205,"{'days': 0, 'hours': 0, 'minutes': 0, 'seconds': 20, 'dof': 78, 'error': '', 'rms': np.float64(0.029171264891165737), 'chisq': np.float64(0.06892797832339526), 'rchisq': np.float64(0.0008836920297871187), 'wchisq': np.float64(5.596765862740204), 'rwchisq': np.float64(0.07175340849666928), 'niter': 2, 'nsynthesis': 11, 'status': 2}"
2542530071258577408,7986d6dd8088fbbc,5303.38134765625,4.422999858856201,-0.5315999984741211,5441.269924048329,4.424228541069109,-0.5314384368326197,24.277314685766335,0.03918134240270779,0.004894815602670689,"{'days': 0, 'hours': 0, 'minutes': 0, 'seconds': 35, 'dof': 78, 'error': '', 'rms': np.float64(0.07664212755686703), 'chisq': np.float64(0.4757952730318893), 'rchisq': np.float64(0.006099939397844734), 'wchisq': np.float64(100.60889453489843), 'rwchisq': np.float64(1.2898576222422875), 'niter': 3, 'nsynthesis': 20, 'status': 2}"
1557827764027399424,7fc90f1a6fe7b165,6870.10205078125,4.387199878692627,-3.9753000736236572,6870.10205078125,4.387199878692627,-3.9753000736236572,31.610601904733283,0.030183146312944862,42.384120125324486,"{'days': 0, 'hours': 0, 'minutes': 0, 'seconds': 10, 'dof': 78, 'error': '', 'rms': np.float64(0.06918441100694749), 'chisq': np.float64(0.3877051008366371), 'rchisq': np.float64(0.004970578215854322), 'wchisq': np.float64(7.654799661192132), 'rwchisq': np.float64(0.09813845719477092), 'niter': 1, 'nsynthesis': 7, 'status': 2}"
3244333877817385088,8553d85e945da12c,5648.34130859375,4.671800136566162,-2.476099967956543,5650.615304581581,4.687149719166383,-2.436597591777182,60.48389485979147,0.028427954163536155,0.014163569947406932,"{'days': 0, 'hours': 0, 'minutes': 0, 'seconds': 21, 'dof': 78, 'error': '', 'rms': np.float64(0.03379025679289646), 'chisq': np.float64(0.09248429778452073), 'rchisq': np.float64(0.0011856961254425734), 'wchisq': np.float64(4.552019139982699), 'rwchisq': np.float64(0.058359219743367934), 'niter': 2, 'nsynthesis': 14, 'status': 2}"
2542248866863068416,19784ee3d52ca31e,4346.83203125,4.619200229644775,-0.24549999833106995,4475.093633065364,5.0,-1.4801517038091765,571.474282708923,0.0,0.6761384961809943,"{'days': 0, 'hours': 0, 'minutes': 0, 'seconds': 48, 'dof': 78, 'error': '', 'rms': np.float64(0.08394096474782863), 'chisq': np.float64(0.5707329305864928), 'rchisq': np.float64(0.007317088853672984), 'wchisq': np.float64(18.998577914646795), 'rwchisq': np.float64(0.24357151172624095), 'niter': 6, 'nsynthesis': 24, 'status': 5}"
2500520201565550848,0b001beeee5c559a,4145.05322265625,4.516300201416016,0.18199999630451202,3856.2324484228498,5.0,-1.4969442100589925,188.9802873326852,0.0,1.084707885576732,"{'days': 0, 'hours': 0, 'minutes': 0, 'seconds': 49, 'dof': 78, 'error': '', 'rms': np.float64(0.12655089646572465), 'chisq': np.float64(1.2972254810985633), 'rchisq': np.float64(0.016631095911520042), 'wchisq': np.float64(25.516497588737998), 'rwchisq': np.float64(0.32713458447099997), 'niter': 6, 'nsynthesis': 25, 'status': 5}"
2533748645547879040,e800ad1415a6b0ee,5453.56494140625,4.615900039672852,-0.6287999749183655,5459.982417182269,4.616774500108106,-0.6345479597580435,63.27141281557682,0.033393663704527364,0.4004789123985758,"{'days': 0, 'hours': 0, 'minutes': 0, 'seconds': 31, 'dof': 78, 'error': '', 'rms': np.float64(0.07805272868732838), 'chisq': np.float64(0.49347050489855326), 'rchisq': np.float64(0.0063265449345968365), 'wchisq': np.float64(18.401736551999978), 'rwchisq': np.float64(0.2359196993846151), 'niter': 3, 'nsynthesis': 15, 'status': 2}"
1609389666753435008,e37a453d1dded0fe,7040.81396484375,4.587100028991699,-2.1412999629974365,7040.81396484375,4.587100028991699,-2.1412999629974365,26.500177839858015,0.02318946889661988,1.2521993643349487,"{'days': 0, 'hours': 0, 'minutes': 0, 'seconds': 12, 'dof': 78, 'error': '', 'rms': np.float64(0.06188456263370527), 'chisq': np.float64(0.31020562648156425), 'rchisq': np.float64(0.003976995211302106), 'wchisq': np.float64(7.190687948595306), 'rwchisq': np.float64(0.09218830703327316), 'niter': 1, 'nsynthesis': 7, 'status': 2}"
3655095646538561280,6a11066aaad86f67,7173.6953125,4.388700008392334,-2.8570001125335693,7188.690700164953,4.399169252710344,-2.920919410360845,34.266735760954944,0.03658472111962254,5.98577480898473,"{'days': 0, 'hours': 0, 'minutes': 0, 'seconds': 18, 'dof': 78, 'error': '', 'rms': np.float64(0.07546549215543756), 'chisq': np.float64(0.4612982810072551), 'rchisq': np.float64(0.00591408052573404), 'wchisq': np.float64(7.277064756217518), 'rwchisq': np.float64(0.0932957020027887), 'niter': 2, 'nsynthesis': 13, 'status': 2}"
2542213618068092544,7ea99a320633f06a,4245.7578125,4.637499809265137,0.05660000070929527,3877.267301665704,5.0,-2.2635201867238153,178.59421607512974,0.0,0.8272341423447661,"{'days': 0, 'hours': 0, 'minutes': 0, 'seconds': 49, 'dof': 78, 'error': '', 'rms': np.float64(0.11545466790088234), 'chisq': np.float64(1.0797122075483454), 'rchisq': np.float64(0.013842464199337762), 'wchisq': np.float64(39.71157086827755), 'rwchisq': np.float64(0.5091227034394558), 'niter': 6, 'nsynthesis': 23, 'status': 5}"
2678628720054957056,75a328933897e536,4368.568359375,4.742700099945068,-0.6078000068664551,4558.700473710282,5.0,-1.6173850072574179,349.705669417206,0.0,0.4841344143995634,"{'days': 0, 'hours': 0, 'minutes': 0, 'seconds': 45, 'dof': 78, 'error': '', 'rms': np.float64(0.06313482728339062), 'chisq': np.float64(0.32286651970438873), 'rchisq': np.float64(0.004139314355184471), 'wchisq': np.float64(35.423153052995076), 'rwchisq': np.float64(0.4541429878589112), 'niter': 6, 'nsynthesis': 22, 'status': 5}"
1511796258758083968,3ce41eb7ccf97c32,4344.65869140625,4.677999973297119,0.0038999998942017555,4113.385317414463,5.0,-1.7017756317044725,269.8340776620636,0.0,0.34689119899474197,"{'days': 0, 'hours': 0, 'minutes': 0, 'seconds': 47, 'dof': 78, 'error': '', 'rms': np.float64(0.08839486176515331), 'chisq': np.float64(0.6329057785049255), 'rchisq': np.float64(0.008114176647499045), 'wchisq': np.float64(53.429015654760605), 'rwchisq': np.float64(0.6849873801892385), 'niter': 6, 'nsynthesis': 22, 'status': 5}"
4227188490118175104,7dd8b66fce64308a,5547.7822265625,4.581200122833252,-1.811900019645691,5550.764081444246,4.983781908207132,-2.35820887589631,385.8480994002631,6.780849523385401,0.17495474470154468,"{'days': 0, 'hours': 0, 'minutes': 0, 'seconds': 34, 'dof': 78, 'error': '', 'rms': np.float64(0.038733191994250134), 'chisq': np.float64(0.12152107312713885), 'rchisq': np.float64(0.0015579624759889596), 'wchisq': np.float64(4.665149430384853), 'rwchisq': np.float64(0.059809608081857084), 'niter': 4, 'nsynthesis': 20, 'status': 2}"
916127244475853312,8201666791d4b2d5,5640.74658203125,4.6691999435424805,-2.015199899673462,5640.74658203125,4.6691999435424805,-2.015199899673462,419.5180136331014,0.04985026367341327,0.024962352026296097,"{'days': 0, 'hours': 0, 'minutes': 0, 'seconds': 12, 'dof': 78, 'error': '', 'rms': np.float64(0.03572042585317369), 'chisq': np.float64(0.10335185467369842), 'rchisq': np.float64(0.0013250237778679285), 'wchisq': np.float64(7.76248346286978), 'rwchisq': np.float64(0.09951901875474077), 'niter': 1, 'nsynthesis': 7, 'status': 2}"
1332307655608635904,1654e94e28576aee,7396.125,4.196000099182129,-3.724600076675415,7401.874806256628,4.199947428247476,-3.720566405823211,27.23079723414521,0.01681583422055601,20.113894008435796,"{'days': 0, 'hours': 0, 'minutes': 0, 'seconds': 34, 'dof': 78, 'error': '', 'rms': np.float64(0.05223724888228306), 'chisq': np.float64(0.22102714383395622), 'rchisq': np.float64(0.002833681331204567), 'wchisq': np.float64(14.729085147118989), 'rwchisq': np.float64(0.18883442496306396), 'niter': 4, 'nsynthesis': 22, 'status': 2}"
2645403505888257152,6040418418f244cb,3612.43115234375,4.424799919128418,-0.9672999978065491,3619.163614695172,4.508991135890338,-0.9921361204241785,303.43775388503246,0.4866865784014438,0.49788175629774,"{'days': 0, 'hours': 0, 'minutes': 0, 'seconds': 31, 'dof': 78, 'error': '', 'rms': np.float64(0.12833351395946835), 'chisq': np.float64(1.3340287552199896), 'rchisq': np.float64(0.017102932759230638), 'wchisq': np.float64(26.78001889399369), 'rwchisq': np.float64(0.34333357556402166), 'niter': 3, 'nsynthesis': 18, 'status': 2}"
3091932598315612160,eb51abd4a2f50213,5988.68017578125,4.393599987030029,-0.4212999939918518,6018.460795719242,4.55396804320673,-0.4152604525791302,10.899560089415926,0.015343877365932767,0.006105360980766324,"{'days': 0, 'hours': 0, 'minutes': 0, 'seconds': 42, 'dof': 78, 'error': '', 'rms': np.float64(0.073905279868059), 'chisq': np.float64(0.4424212217824664), 'rchisq': np.float64(0.005672066945929056), 'wchisq': np.float64(94.22499742402525), 'rwchisq': np.float64(1.208012787487503), 'niter': 4, 'nsynthesis': 19, 'status': 2}"
3659610344361781120,f7d57e528b976651,5728.49365234375,4.7129998207092285,-1.2364000082015991,5775.858834145203,4.7588755818837525,-1.2296755095978507,31.027142872352904,0.043141661505308224,0.018612867362032253,"{'days': 0, 'hours': 0, 'minutes': 0, 'seconds': 34, 'dof': 78, 'error': '', 'rms': np.float64(0.05918090102698802), 'chisq': np.float64(0.2836927027556583), 'rchisq': np.float64(0.0036370859327648497), 'wchisq': np.float64(9.255405291871558), 'rwchisq': np.float64(0.11865904220348152), 'niter': 3, 'nsynthesis': 17, 'status': 2}"
2677977877890715904,493956ca6c0a10d9,5211.8271484375,4.587100028991699,-0.38769999146461487,5232.046293572503,4.623204003139365,-0.3782080788068642,21.05333525174295,0.03649366599910753,0.005254722921161523,"{'days': 0, 'hours': 0, 'minutes': 0, 'seconds': 36, 'dof': 78, 'error': '', 'rms': np.float64(0.09268484706414008), 'chisq': np.float64(0.6958289508995459), 'rchisq': np.float64(0.008920883985891614), 'wchisq': np.float64(167.21191986655637), 'rwchisq': np.float64(2.1437425623917483), 'niter': 4, 'nsynthesis': 16, 'status': 2}"
6898177141956127488,73d5af8863e6653c,5980.72900390625,4.7195000648498535,-3.9883999824523926,6094.879092863592,4.850038744969985,-2.58069674181777,67.08728494761907,0.052452554924719896,1.8041594425700935,"{'days': 0, 'hours': 0, 'minutes': 0, 'seconds': 38, 'dof': 78, 'error': '', 'rms': np.float64(0.08785298977033236), 'chisq': np.float64(0.6251699727384759), 'rchisq': np.float64(0.00801499965049328), 'wchisq': np.float64(6.694632134459288), 'rwchisq': np.float64(0.08582861710845241), 'niter': 6, 'nsynthesis': 25, 'status': 5}"
1502520061407639040,5478fff8ca168a18,4275.3076171875,4.48390007019043,-0.21050000190734863,4321.2296489987275,5.0,-1.5244582426428608,446.49651207956475,0.0,0.5309308614418092,"{'days': 0, 'hours': 0, 'minutes': 0, 'seconds': 48, 'dof': 78, 'error': '', 'rms': np.float64(0.09273783568355462), 'chisq': np.float64(0.6966247995488682), 'rchisq': np.float64(0.00893108717370344), 'wchisq': np.float64(20.96061259672454), 'rwchisq': np.float64(0.2687258025221095), 'niter': 6, 'nsynthesis': 22, 'status': 5}"
914350919016976768,ae78590643a61cd5,5605.2900390625,4.514400005340576,-1.2177000045776367,5616.877836739545,4.520474118030305,-1.2122121765586904,29.44737894530472,0.03980038454383057,0.008525537464702528,"{'days': 0, 'hours': 0, 'minutes': 0, 'seconds': 35, 'dof': 78, 'error': '', 'rms': np.float64(0.05117617561353965), 'chisq': np.float64(0.2121390769846559), 'rchisq': np.float64(0.002719731756213537), 'wchisq': np.float64(24.50420414285488), 'rwchisq': np.float64(0.31415646336993436), 'niter': 3, 'nsynthesis': 17, 'status': 2}"
2535275901558674176,0b73e6562d9cf9c5,5857.14404296875,4.614099979400635,-4.078000068664551,5857.951703127814,4.614537898127599,-4.017386993085164,47.57691283247931,0.12447625880603329,17.736993195105775,"{'days': 0, 'hours': 0, 'minutes': 0, 'seconds': 19, 'dof': 78, 'error': '', 'rms': np.float64(0.06489165401694161), 'chisq': np.float64(0.34108506764541074), 'rchisq': np.float64(0.004372885482633471), 'wchisq': np.float64(4.3607059469115805), 'rwchisq': np.float64(0.05590648649886642), 'niter': 2, 'nsynthesis': 12, 'status': 2}"
2549078315835891200,059116ff0ab792f7,4704.86669921875,4.298500061035156,-1.2110999822616577,4090.3373428591544,5.0,-3.519493173712057,332.18579021476165,0.0,0.7448693257165566,"{'days': 0, 'hours': 0, 'minutes': 0, 'seconds': 38, 'dof': 78, 'error': '', 'rms': np.float64(0.04679008195418957), 'chisq': np.float64(0.1773342533116619), 'rchisq': np.float64(0.0022735160680982295), 'wchisq': np.float64(6.658370283098321), 'rwchisq': np.float64(0.0853637215781836), 'niter': 6, 'nsynthesis': 22, 'status': 5}"
914409055694627840,12bebce20a6ba4e2,4639.044921875,4.641900062561035,0.49470001459121704,4763.708189758729,4.654861080139731,0.4661770611441843,19.62154975643265,0.03539436347891545,0.018841383643997584,"{'days': 0, 'hours': 0, 'minutes': 0, 'seconds': 54, 'dof': 78, 'error': '', 'rms': np.float64(0.1684204828177708), 'chisq': np.float64(2.2976021816382532), 'rchisq': np.float64(0.029456438226131452), 'wchisq': np.float64(163.97049050092306), 'rwchisq': np.float64(2.1021857756528597), 'niter': 5, 'nsynthesis': 24, 'status': 2}"
861410151398364160,5f35d68a111d5fa7,6116.162109375,4.704699993133545,-4.066500186920166,6116.162109375,4.704699993133545,-4.066500186920166,44.63869760055258,0.041806529051259214,0.056395612646681935,"{'days': 0, 'hours': 0, 'minutes': 0, 'seconds': 11, 'dof': 78, 'error': '', 'rms': np.float64(0.10182665901906783), 'chisq': np.float64(0.8398621474458262), 'rchisq': np.float64(0.010767463428792643), 'wchisq': np.float64(7.657482031936233), 'rwchisq': np.float64(0.09817284656328504), 'niter': 1, 'nsynthesis': 8, 'status': 2}"
1277754729065683840,9a776e7167f2304c,5308.5400390625,4.736499786376953,-1.402999997138977,5507.01561098884,5.0,-1.4016158498432076,482.82750530933623,0.0,0.01886748933171809,"{'days': 0, 'hours': 0, 'minutes': 0, 'seconds': 30, 'dof': 78, 'error': '', 'rms': np.float64(0.06399745443065018), 'chisq': np.float64(0.3317496080618548), 'rchisq': np.float64(0.004253200103357112), 'wchisq': np.float64(9.054893116416027), 'rwchisq': np.float64(0.11608837328738496), 'niter': 3, 'nsynthesis': 15, 'status': 2}"
175864896295316864,01d177a7801a4065,6300.10302734375,4.277900218963623,-0.32339999079704285,6318.649021256705,4.296420721780269,-0.3150278259172171,6.67758629830854,0.009731904924630667,0.004079595504698002,"{'days': 0, 'hours': 0, 'minutes': 0, 'seconds': 36, 'dof': 78, 'error': '', 'rms': np.float64(0.0818365621518232), 'chisq': np.float64(0.5424750552911669), 'rchisq': np.float64(0.006954808401168806), 'wchisq': np.float64(118.32645215838893), 'rwchisq': np.float64(1.5170057969024222), 'niter': 3, 'nsynthesis': 16, 'status': 2}"
2534269818354939648,ae021675daaaf153,5341.50341796875,4.630000114440918,-0.6948999762535095,5465.8156502709535,4.630731507319527,-0.6956862015844941,44.11611516417828,0.06490826668474228,0.044337296595234055,"{'days': 0, 'hours': 0, 'minutes': 0, 'seconds': 36, 'dof': 78, 'error': '', 'rms': np.float64(0.06990157072832373), 'chisq': np.float64(0.39578459681323447), 'rchisq': np.float64(0.00507416149760557), 'wchisq': np.float64(17.60722391534127), 'rwchisq': np.float64(0.22573363994027268), 'niter': 4, 'nsynthesis': 17, 'status': 2}"
3703415918404556416,ab92eed631613bf1,6943.84375,4.391900062561035,-3.5866000652313232,6957.404349391551,4.4044325376689475,-3.5629228628875373,25.276750465588474,0.041305445467642726,21.13921141204632,"{'days': 0, 'hours': 0, 'minutes': 0, 'seconds': 17, 'dof': 78, 'error': '', 'rms': np.float64(0.08701284006605385), 'chisq': np.float64(0.613269981245214), 'rchisq': np.float64(0.007862435656989923), 'wchisq': np.float64(9.405872931820173), 'rwchisq': np.float64(0.12058811451051504), 'niter': 2, 'nsynthesis': 12, 'status': 2}"
828409997813638144,761afd89034facd6,6035.68994140625,4.439899921417236,-0.9143000245094299,6066.458530077216,4.484912566820407,-0.8915385486285069,12.117115690385969,0.02001294703980826,0.006034897239131295,"{'days': 0, 'hours': 0, 'minutes': 0, 'seconds': 55, 'dof': 78, 'error': '', 'rms': np.float64(0.05316369941952138), 'chisq': np.float64(0.22893669381350665), 'rchisq': np.float64(0.00293508581812188), 'wchisq': np.float64(20.32024952059403), 'rwchisq': np.float64(0.26051601949479525), 'niter': 5, 'nsynthesis': 25, 'status': 2}"
1575472383031862272,ea6a680d34a16e2b,7502.013671875,4.431399822235107,-0.758899986743927,7559.528599751609,4.453821289358645,-0.7565190779778601,29.8997405194671,0.024120321156967668,0.0335911340044523,"{'days': 0, 'hours': 0, 'minutes': 0, 'seconds': 21, 'dof': 78, 'error': '', 'rms': np.float64(0.07212336421283702), 'chisq': np.float64(0.42134415289558075), 'rchisq': np.float64(0.005401848114045907), 'wchisq': np.float64(12.240114511236005), 'rwchisq': np.float64(0.1569245450158462), 'niter': 2, 'nsynthesis': 12, 'status': 2}"
1322488570096183040,db04984d5f21cabf,7376.53173828125,4.024499893188477,-0.8756999969482422,7458.592646403802,4.1736808938181875,-1.9307621913843822,6.535798398682345,0.012262408949919626,0.006787843126938285,"{'days': 0, 'hours': 0, 'minutes': 0, 'seconds': 43, 'dof': 78, 'error': '', 'rms': np.float64(0.03849482295581582), 'chisq': np.float64(0.12002996294636796), 'rchisq': np.float64(0.0015388456787995893), 'wchisq': np.float64(33.95926418818568), 'rwchisq': np.float64(0.4353751818998164), 'niter': 5, 'nsynthesis': 24, 'status': 2}"
1011155010807412480,589fb8a2c808658f,4525.271484375,4.397299766540527,-0.7572000026702881,3876.2343738548843,5.0,-3.0659588920764342,152.02517756891237,0.0,0.5553361630066623,"{'days': 0, 'hours': 0, 'minutes': 0, 'seconds': 41, 'dof': 78, 'error': '', 'rms': np.float64(0.07128779011541811), 'chisq': np.float64(0.41163787058273216), 'rchisq': np.float64(0.005277408597214515), 'wchisq': np.float64(17.566845002076874), 'rwchisq': np.float64(0.22521596156508814), 'niter': 6, 'nsynthesis': 22, 'status': 5}"
2544018569484609280,ad2f0b47e0b717b4,6141.8212890625,4.447700023651123,-1.4428000450134277,6162.519809092329,4.454797986813969,-1.4406125822938847,10.78338840180871,0.01082137652584105,0.007940127462106672,"{'days': 0, 'hours': 0, 'minutes': 0, 'seconds': 23, 'dof': 78, 'error': '', 'rms': np.float64(0.06195665041349091), 'chisq': np.float64(0.3109287489672214), 'rchisq': np.float64(0.003986266012400274), 'wchisq': np.float64(70.41977063987756), 'rwchisq': np.float64(0.9028175723061225), 'niter': 3, 'nsynthesis': 12, 'status': 2}"
2538083268277555712,02fc531203a4e2d0,3758.017578125,4.38700008392334,-0.4000000059604645,3998.494021132402,5.0,-1.8184682631362605,171.81966039757435,0.0,0.8177027515420912,"{'days': 0, 'hours': 0, 'minutes': 0, 'seconds': 49, 'dof': 78, 'error': '', 'rms': np.float64(0.10765994372259452), 'chisq': np.float64(0.9388437420705298), 'rchisq': np.float64(0.012036458231673458), 'wchisq': np.float64(44.02302836865438), 'rwchisq': np.float64(0.5643977995981331), 'niter': 6, 'nsynthesis': 25, 'status': 5}"
2702205513529683584,45440b46b4fab716,4787.0556640625,4.509799957275391,0.2442999929189682,5077.517354612645,4.679047842326168,0.22743670733146742,28.409097470926913,0.03016201620946505,0.010522183757836314,"{'days': 0, 'hours': 0, 'minutes': 0, 'seconds': 46, 'dof': 78, 'error': '', 'rms': np.float64(0.12242186963097827), 'chisq': np.float64(1.2139562472794836), 'rchisq': np.float64(0.01556354163178825), 'wchisq': np.float64(115.73628529751826), 'rwchisq': np.float64(1.4837985294553624), 'niter': 6, 'nsynthesis': 22, 'status': 5}"
4228295938845677184,26b93d7353b647f5,5531.7822265625,4.589200019836426,-0.7174999713897705,5548.280335621549,4.581522836790314,-0.736014860608741,64.92965761957497,0.32541906609957255,0.19896686072946407,"{'days': 0, 'hours': 0, 'minutes': 0, 'seconds': 57, 'dof': 78, 'error': '', 'rms': np.float64(0.06956957244892789), 'chisq': np.float64(0.39203395826885684), 'rchisq': np.float64(0.005026076388062267), 'wchisq': np.float64(22.026238919789407), 'rwchisq': np.float64(0.28238767845883855), 'niter': 5, 'nsynthesis': 25, 'status': 2}"
6911127808384572544,ad5e3c34bdf735dd,5764.42529296875,3.7890000343322754,-0.5756999850273132,5767.558026348414,3.790202458457307,-0.576858151245434,22.76209353201703,0.013037193465624531,0.015259483725659554,"{'days': 0, 'hours': 0, 'minutes': 0, 'seconds': 22, 'dof': 78, 'error': '', 'rms': np.float64(0.06690041041747445), 'chisq': np.float64(0.3625288580361485), 'rchisq': np.float64(0.004647805872258314), 'wchisq': np.float64(75.24098964221926), 'rwchisq': np.float64(0.9646280723361443), 'niter': 2, 'nsynthesis': 11, 'status': 2}"
1552415349320543232,f6ed6f4f26293f21,5933.95556640625,4.579599857330322,-2.5208001136779785,5937.618873450652,4.583208902668685,-2.54480317435862,27.57529135508489,0.01603843879690064,0.024646480178209713,"{'days': 0, 'hours': 0, 'minutes': 0, 'seconds': 21, 'dof': 78, 'error': '', 'rms': np.float64(0.041234159479577724), 'chisq': np.float64(0.1377207285469672), 'rchisq': np.float64(0.001765650365986759), 'wchisq': np.float64(13.484863533452966), 'rwchisq': np.float64(0.17288286581349957), 'niter': 2, 'nsynthesis': 14, 'status': 2}"
2536828759870037504,f714d37f7cf47f54,4498.654296875,4.665999889373779,0.4964999854564667,4830.61880025336,4.572900436787378,0.07146824844800119,73.05259980488124,0.06905944911389701,0.11032513955917744,"{'days': 0, 'hours': 0, 'minutes': 0, 'seconds': 54, 'dof': 78, 'error': '', 'rms': np.float64(0.12461035711971867), 'chisq': np.float64(1.2577470292218096), 'rchisq': np.float64(0.016124961913100123), 'wchisq': np.float64(170.59491383567476), 'rwchisq': np.float64(2.187114279944548), 'niter': 6, 'nsynthesis': 24, 'status': 5}"
2544085360519114112,3a597d2dc2d69e14,4364.96044921875,4.485499858856201,-0.22419999539852142,3935.397322542315,5.0,-3.131471126403591,266.8470587016124,0.0,0.8467260760600093,"{'days': 0, 'hours': 0, 'minutes': 0, 'seconds': 43, 'dof': 78, 'error': '', 'rms': np.float64(0.08773037930471506), 'chisq': np.float64(0.6234261756888833), 'rchisq': np.float64(0.007992643278062607), 'wchisq': np.float64(24.103037750664107), 'rwchisq': np.float64(0.3090133044956937), 'niter': 6, 'nsynthesis': 22, 'status': 5}"
4227010609752205184,9511995d6815682b,4338.3759765625,4.172500133514404,-0.0007999999797903001,4166.201894509589,5.0,-1.688448129103312,357.64430521161404,0.0,0.47201844238584467,"{'days': 0, 'hours': 0, 'minutes': 0, 'seconds': 47, 'dof': 78, 'error': '', 'rms': np.float64(0.11551063417433972), 'chisq': np.float64(1.0807592351960094), 'rchisq': np.float64(0.013855887630718069), 'wchisq': np.float64(41.60012401886073), 'rwchisq': np.float64(0.5333349233187273), 'niter': 6, 'nsynthesis': 22, 'status': 5}"
2501904044323877376,f1815f2667474281,3971.555419921875,4.640500068664551,-0.5712000131607056,4001.7660462376725,5.0,-1.8868917448373062,455.4893009803542,0.0,0.8929341663576223,"{'days': 0, 'hours': 0, 'minutes': 0, 'seconds': 43, 'dof': 78, 'error': '', 'rms': np.float64(0.09554861762625004), 'chisq': np.float64(0.7394926047532744), 'rchisq': np.float64(0.009480674419913774), 'wchisq': np.float64(16.888418507723653), 'rwchisq': np.float64(0.21651818599645709), 'niter': 6, 'nsynthesis': 23, 'status': 5}"
2542923112305273472,8d796fd2b94de7eb,5652.6064453125,4.428899765014648,-0.2061000019311905,5675.548214553669,4.454939258776767,-0.1954384286853952,7.767563025962084,0.01618571710623545,0.003952257345832985,"{'days': 0, 'hours': 0, 'minutes': 0, 'seconds': 26, 'dof': 78, 'error': '', 'rms': np.float64(0.09096568881262508), 'chisq': np.float64(0.6702552798335828), 'rchisq': np.float64(0.008593016408122857), 'wchisq': np.float64(178.2092858521873), 'rwchisq': np.float64(2.2847344340024014), 'niter': 2, 'nsynthesis': 12, 'status': 2}"
3702402825814333056,3b1719acb1b91ba8,6336.7216796875,4.357900142669678,-1.3140000104904175,6338.927050485228,4.3599306651592356,-1.3155366631660055,15.256122774231649,0.014113515830479966,0.010257908391233932,"{'days': 0, 'hours': 0, 'minutes': 0, 'seconds': 31, 'dof': 78, 'error': '', 'rms': np.float64(0.05878368206656683), 'chisq': np.float64(0.2798972234615601), 'rchisq': np.float64(0.003588425941814873), 'wchisq': np.float64(30.29335064211997), 'rwchisq': np.float64(0.3883762902835894), 'niter': 3, 'nsynthesis': 16, 'status': 2}"
2642582227770777344,de3ba3ba040557e3,3727.468505859375,4.59119987487793,-0.398499995470047,3792.93955940369,4.661337724817188,-1.1884320584644654,454.70403163369775,0.2897493863189648,0.5881092531997653,"{'days': 0, 'hours': 0, 'minutes': 0, 'seconds': 47, 'dof': 78, 'error': '', 'rms': np.float64(0.1409789649630005), 'chisq': np.float64(1.6098805535251528), 'rchisq': np.float64(0.020639494275963496), 'wchisq': np.float64(29.48307163705136), 'rwchisq': np.float64(0.37798809791091487), 'niter': 6, 'nsynthesis': 24, 'status': 5}"
1320105756600587520,bc46383781621578,7365.8203125,4.216300010681152,-1.9351999759674072,7444.756607496511,4.285861849506652,-1.9069874226222003,13.627565729946738,0.009761141738680952,0.007631730947659189,"{'days': 0, 'hours': 0, 'minutes': 0, 'seconds': 32, 'dof': 78, 'error': '', 'rms': np.float64(0.05184601341370564), 'chisq': np.float64(0.21772873765842576), 'rchisq': np.float64(0.00279139407254392), 'wchisq': np.float64(18.542352251077393), 'rwchisq': np.float64(0.23772246475740247), 'niter': 4, 'nsynthesis': 20, 'status': 2}"
677146919006044416,593ddcaa6f83d979,6769.1103515625,4.4145002365112305,-0.384799987077713,6803.40852283485,4.448223143945658,-0.37064621471820275,30.683410118078484,0.020880371575030556,0.023937238178316365,"{'days': 0, 'hours': 0, 'minutes': 0, 'seconds': 31, 'dof': 78, 'error': '', 'rms': np.float64(0.07574226677156212), 'chisq': np.float64(0.4646881690312532), 'rchisq': np.float64(0.0059575406286058105), 'wchisq': np.float64(16.148372773939), 'rwchisq': np.float64(0.2070304201787051), 'niter': 3, 'nsynthesis': 16, 'status': 2}"
2536336517962843904,407cd9a492ea156b,3697.391357421875,4.694300174713135,0.13249999284744263,3861.2644331458027,4.678848563686163,-1.0981770752575541,275.2139523184615,0.4463322999775462,0.5107478404058132,"{'days': 0, 'hours': 0, 'minutes': 0, 'seconds': 44, 'dof': 78, 'error': '', 'rms': np.float64(0.1568093420604107), 'chisq': np.float64(1.9917227503509296), 'rchisq': np.float64(0.02553490705578115), 'wchisq': np.float64(135.49521961031036), 'rwchisq': np.float64(1.737118200132184), 'niter': 6, 'nsynthesis': 22, 'status': 5}"
1404703589989962240,d363b736106bd7b9,5909.3916015625,4.634300231933594,-0.7760000228881836,5909.3916015625,4.634300231933594,-0.7760000228881836,12.861229732763189,0.016125609479303523,0.005687460535043595,"{'days': 0, 'hours': 0, 'minutes': 0, 'seconds': 16, 'dof': 78, 'error': '', 'rms': np.float64(0.05869929021882238), 'chisq': np.float64(0.27909414044767644), 'rchisq': np.float64(0.0035781300057394416), 'wchisq': np.float64(37.521795982260876), 'rwchisq': np.float64(0.481048666439242), 'niter': 1, 'nsynthesis': 8, 'status': 2}"
166182287664616704,333b2b3c5fa24051,6858.12646484375,4.348400115966797,-0.5400000214576721,6858.12646484375,4.348400115966797,-0.5400000214576721,13.798289765164153,0.00813199350157991,0.005284111374182681,"{'days': 0, 'hours': 0, 'minutes': 0, 'seconds': 13, 'dof': 78, 'error': '', 'rms': np.float64(0.06573849241465186), 'chisq': np.float64(0.35004550018105046), 'rchisq': np.float64(0.00448776282283398), 'wchisq': np.float64(52.013604091651594), 'rwchisq': np.float64(0.6668410780980973), 'niter': 1, 'nsynthesis': 7, 'status': 2}"
906493259169219456,bd0cf0596a99aa4d,5229.70556640625,4.777400016784668,-1.8008999824523926,3518.403256511996,2.0143538034411583,-4.007525600718743,2215.7744695989963,2.8253955628959786,1.1744225892405014,"{'days': 0, 'hours': 0, 'minutes': 0, 'seconds': 46, 'dof': 78, 'error': '', 'rms': np.float64(0.051786905435652994), 'chisq': np.float64(0.2172325695427025), 'rchisq': np.float64(0.0027850329428551605), 'wchisq': np.float64(6.080863365518186), 'rwchisq': np.float64(0.07795978673741265), 'niter': 6, 'nsynthesis': 25, 'status': 5}"
1540288522043449216,2f879f87be7fc7a8,3626.05517578125,4.639500141143799,-0.19840000569820404,4098.70768898469,5.0,-1.8472991032190464,638.0231027345006,0.0,0.9656605007896185,"{'days': 0, 'hours': 0, 'minutes': 0, 'seconds': 43, 'dof': 78, 'error': '', 'rms': np.float64(0.13869597555917718), 'chisq': np.float64(1.5581624645412617), 'rchisq': np.float64(0.0199764418530931), 'wchisq': np.float64(32.25891130071248), 'rwchisq': np.float64(0.41357578590657024), 'niter': 6, 'nsynthesis': 24, 'status': 5}"
809256196021369728,a948df227fc4a7e0,5994.1171875,4.564000129699707,-1.5154999494552612,6050.073224267206,4.537635500211701,-1.479903233927716,19.138008964740028,0.021112020713506277,0.013678328642419748,"{'days': 0, 'hours': 0, 'minutes': 0, 'seconds': 36, 'dof': 78, 'error': '', 'rms': np.float64(0.06897457887521555), 'chisq': np.float64(0.3853568950120798), 'rchisq': np.float64(0.004940473012975382), 'wchisq': np.float64(25.638423101513276), 'rwchisq': np.float64(0.32869773207068304), 'niter': 3, 'nsynthesis': 17, 'status': 2}"
1600324232038066560,77ac19a0645460e3,5654.2451171875,4.555600166320801,-1.0450999736785889,5649.2574365629525,4.563817754885116,-0.9989055308534616,27.182934661249824,0.06182191349554872,0.012577360886009657,"{'days': 0, 'hours': 0, 'minutes': 0, 'seconds': 24, 'dof': 78, 'error': '', 'rms': np.float64(0.05703273212676667), 'chisq': np.float64(0.2634713352413253), 'rchisq': np.float64(0.0033778376312990424), 'wchisq': np.float64(13.07730330003557), 'rwchisq': np.float64(0.16765773461584063), 'niter': 2, 'nsynthesis': 14, 'status': 2}"
577395547641495552,848864200c766eb5,5973.5595703125,4.6691999435424805,-2.5685999393463135,5999.632670098792,4.7043686654903585,-2.550792028494387,31.00122726716394,0.07597269638193468,0.8972537928243262,"{'days': 0, 'hours': 0, 'minutes': 0, 'seconds': 19, 'dof': 78, 'error': '', 'rms': np.float64(0.04272843155490554), 'chisq': np.float64(0.14788322791452208), 'rchisq': np.float64(0.0018959388194169497), 'wchisq': np.float64(4.66363281112965), 'rwchisq': np.float64(0.05979016424525193), 'niter': 3, 'nsynthesis': 12, 'status': 2}"
2546965329366147200,e70d414c6f2def2f,4868.814453125,4.6855998039245605,-0.5011000037193298,5064.618604222758,4.880614023030453,-0.6936713819564735,70.94870281346986,0.2084024896302284,0.09727821868196672,"{'days': 0, 'hours': 0, 'minutes': 0, 'seconds': 28, 'dof': 78, 'error': '', 'rms': np.float64(0.08162645216742795), 'chisq': np.float64(0.5396930931687537), 'rchisq': np.float64(0.006919142220112227), 'wchisq': np.float64(76.54876149232373), 'rwchisq': np.float64(0.9813943781067146), 'niter': 3, 'nsynthesis': 13, 'status': 2}"
704412333473895936,ef4ed67e6420e289,5213.70703125,4.700900077819824,-1.1161999702453613,5314.581194706784,4.6960987563484204,-1.1179506427153558,33.413508015038985,0.030502271474246993,0.0163038412420078,"{'days': 0, 'hours': 0, 'minutes': 0, 'seconds': 41, 'dof': 78, 'error': '', 'rms': np.float64(0.0787818589776101), 'chisq': np.float64(0.5027330856214116), 'rchisq': np.float64(0.0064452959695052775), 'wchisq': np.float64(17.487525451482313), 'rwchisq': np.float64(0.22419904424977324), 'niter': 4, 'nsynthesis': 22, 'status': 2}"
97998269560192,20eeb29fd3db0570,5117.2998046875,4.672500133514404,-0.6331999897956848,5568.080650464715,4.80789067270798,-0.7909996856920872,23.966094549648698,0.05718467166904863,0.016756763961126204,"{'days': 0, 'hours': 0, 'minutes': 0, 'seconds': 46, 'dof': 78, 'error': '', 'rms': np.float64(0.07661716163070213), 'chisq': np.float64(0.475485345963956), 'rchisq': np.float64(0.006095965973896871), 'wchisq': np.float64(26.232921526112847), 'rwchisq': np.float64(0.3363195067450365), 'niter': 4, 'nsynthesis': 24, 'status': 2}"
1009643770730345600,20ba771189f08c9e,6059.97998046875,4.4096999168396,-0.7982000112533569,6101.750669419957,4.43679866679751,-0.7905307534253916,20.89204667159088,0.01570590138918464,0.009336536500118692,"{'days': 0, 'hours': 0, 'minutes': 0, 'seconds': 22, 'dof': 78, 'error': '', 'rms': np.float64(0.06720676796931126), 'chisq': np.float64(0.36585672253134816), 'rchisq': np.float64(0.0046904708016839505), 'wchisq': np.float64(41.69377299432268), 'rwchisq': np.float64(0.5345355512092651), 'niter': 2, 'nsynthesis': 12, 'status': 2}"
2542989220441276672,0497fb52715e556e,5639.98486328125,4.205100059509277,-0.9937000274658203,5647.818707355053,4.226806028446953,-0.956952589335939,29.447479687159124,0.014331527758619983,0.008111015462463903,"{'days': 0, 'hours': 0, 'minutes': 0, 'seconds': 26, 'dof': 78, 'error': '', 'rms': np.float64(0.06001552480490068), 'chisq': np.float64(0.29175092062621955), 'rchisq': np.float64(0.003740396418284866), 'wchisq': np.float64(36.51080137335124), 'rwchisq': np.float64(0.4680871970942467), 'niter': 3, 'nsynthesis': 12, 'status': 2}"
5188068125585404416,de259772355ac03d,4890.4404296875,4.47629976272583,-0.3580000102519989,5024.738279225057,4.725914603275602,-0.41711007940227524,42.41290599050018,0.15379822358638276,0.02075942665320297,"{'days': 0, 'hours': 0, 'minutes': 0, 'seconds': 33, 'dof': 78, 'error': '', 'rms': np.float64(0.08218357230032697), 'chisq': np.float64(0.5470853040394887), 'rchisq': np.float64(0.00701391415435242), 'wchisq': np.float64(56.831545057690875), 'rwchisq': np.float64(0.7286095520216779), 'niter': 3, 'nsynthesis': 17, 'status': 2}"
4575442442981454720,1f90d175e272d93b,4162.9296875,4.689199924468994,-0.00839999970048666,4112.937407326983,5.0,-1.5739510914689576,267.602314153439,0.0,1.0796506252087321,"{'days': 0, 'hours': 0, 'minutes': 0, 'seconds': 45, 'dof': 78, 'error': '', 'rms': np.float64(0.10554311445365465), 'chisq': np.float64(0.9022872696947568), 'rchisq': np.float64(0.01156778550890714), 'wchisq': np.float64(19.139423891804743), 'rwchisq': np.float64(0.2453772293821121), 'niter': 6, 'nsynthesis': 22, 'status': 5}"
2544169954195256192,675621bc19ecc25c,5177.98388671875,4.644800186157227,-0.616599977016449,5254.774442798782,4.70081769418247,-0.5780810002238724,292.0404944437313,0.4201262616921163,0.02050515078286412,"{'days': 0, 'hours': 0, 'minutes': 0, 'seconds': 40, 'dof': 78, 'error': '', 'rms': np.float64(0.07201960566453328), 'chisq': np.float64(0.42013271160606486), 'rchisq': np.float64(0.00538631681546237), 'wchisq': np.float64(12.27003181594329), 'rwchisq': np.float64(0.15730810020440114), 'niter': 5, 'nsynthesis': 20, 'status': 2}"
1305291929063627520,ecb6c612a5f5a1a5,5552.85546875,4.501399993896484,-1.0205999612808228,5699.135056898277,4.521368461309958,-0.9831389647513344,64.16677451138673,0.027188946191384,0.02382700346296462,"{'days': 0, 'hours': 0, 'minutes': 0, 'seconds': 45, 'dof': 78, 'error': '', 'rms': np.float64(0.059144235755003834), 'chisq': np.float64(0.28334129046652134), 'rchisq': np.float64(0.0036325806470066837), 'wchisq': np.float64(12.568313275865977), 'rwchisq': np.float64(0.16113222148546125), 'niter': 4, 'nsynthesis': 23, 'status': 2}"
815553133472718848,3effaae65f4df633,5990.65625,4.010200023651123,-0.791100025177002,5998.516790189374,4.02010818272822,-0.7988865237548656,12.206675276525836,0.009504441832521277,0.131289144963693,"{'days': 0, 'hours': 0, 'minutes': 0, 'seconds': 31, 'dof': 78, 'error': '', 'rms': np.float64(0.05749273676431073), 'chisq': np.float64(0.26773859723267646), 'rchisq': np.float64(0.0034325461183676467), 'wchisq': np.float64(49.12902299585236), 'rwchisq': np.float64(0.6298592691775944), 'niter': 3, 'nsynthesis': 16, 'status': 2}"
818285037614096256,1bae2b9565a08fce,6461.25048828125,4.629799842834473,-3.513000011444092,6472.255503943416,4.637599379724412,-3.1381446725087314,24.75851242613079,0.03666573208729331,0.4220176366678281,"{'days': 0, 'hours': 0, 'minutes': 0, 'seconds': 23, 'dof': 78, 'error': '', 'rms': np.float64(0.0896283631935262), 'chisq': np.float64(0.650692722588802), 'rchisq': np.float64(0.008342214392164128), 'wchisq': np.float64(11.534400857570162), 'rwchisq': np.float64(0.14787693407141234), 'niter': 3, 'nsynthesis': 16, 'status': 2}"
913955300989753088,0fb6f6b7535b88d3,5582.18505859375,4.649499893188477,-0.8841999769210815,5607.819181004234,4.672770214511854,-0.8753898806700757,39.99716274605823,0.02760769274176595,0.009450325442473864,"{'days': 0, 'hours': 0, 'minutes': 0, 'seconds': 35, 'dof': 78, 'error': '', 'rms': np.float64(0.06583441653991638), 'chisq': np.float64(0.3510678024932485), 'rchisq': np.float64(0.004500869262733955), 'wchisq': np.float64(15.281556304965525), 'rwchisq': np.float64(0.19591738852519905), 'niter': 3, 'nsynthesis': 16, 'status': 2}"
6908128718620260992,9da124943aea3895,6140.74267578125,4.519499778747559,-4.133600234985352,6140.74267578125,4.519499778747559,-4.133600234985352,34.47603790430528,0.0530992453093397,24.634319653928095,"{'days': 0, 'hours': 0, 'minutes': 0, 'seconds': 9, 'dof': 78, 'error': '', 'rms': np.float64(0.06997946620025776), 'chisq': np.float64(0.3966671808635145), 'rchisq': np.float64(0.005085476677737366), 'wchisq': np.float64(12.026596245573156), 'rwchisq': np.float64(0.154187131353502), 'niter': 1, 'nsynthesis': 7, 'status': 2}"
2536753718201392128,a6dae85ca6ebdf74,5777.44287109375,4.674300193786621,-0.8148000240325928,5849.736697168131,4.698390969465187,-0.8000159543741409,45.72362221413731,0.021342410831875807,0.02747056986685646,"{'days': 0, 'hours': 0, 'minutes': 0, 'seconds': 35, 'dof': 78, 'error': '', 'rms': np.float64(0.0647779917038872), 'chisq': np.float64(0.3398912449442992), 'rchisq': np.float64(0.004357580063388451), 'wchisq': np.float64(11.706049268403552), 'rwchisq': np.float64(0.15007755472312245), 'niter': 3, 'nsynthesis': 17, 'status': 2}"
3123587572441997568,de23d5dbc47e3127,5213.75,4.78879976272583,-2.7718000411987305,4486.83163695336,5.0,-3.6780276115991697,4643.4977578257585,0.0,3.1346995584845203,"{'days': 0, 'hours': 0, 'minutes': 0, 'seconds': 40, 'dof': 78, 'error': '', 'rms': np.float64(0.036220333970199206), 'chisq': np.float64(0.1062649200259341), 'rchisq': np.float64(0.0013623707695632576), 'wchisq': np.float64(4.046507404077665), 'rwchisq': np.float64(0.051878300052277754), 'niter': 6, 'nsynthesis': 25, 'status': 5}"
778918844847772928,9aa2303b105da4f6,5730.67041015625,4.583799839019775,-0.32580000162124634,5743.243386170893,4.597221420860822,-0.3190815525606559,41.992385380097225,0.01918971126472656,0.013345428991277265,"{'days': 0, 'hours': 0, 'minutes': 0, 'seconds': 24, 'dof': 78, 'error': '', 'rms': np.float64(0.0775809831964674), 'chisq': np.float64(0.48752352525217524), 'rchisq': np.float64(0.006250301605797119), 'wchisq': np.float64(25.809189724934328), 'rwchisq': np.float64(0.3308870477555683), 'niter': 2, 'nsynthesis': 12, 'status': 2}"
1378266039058893824,2ef30139cf33ca35,5673.70068359375,4.61299991607666,-0.9248999953269958,5673.70068359375,4.61299991607666,-0.9248999953269958,23.898898323444044,0.028913320052203376,0.014030190955784677,"{'days': 0, 'hours': 0, 'minutes': 0, 'seconds': 14, 'dof': 78, 'error': '', 'rms': np.float64(0.07136643514973004), 'chisq': np.float64(0.4125466133444305), 'rchisq': np.float64(0.005289059145441416), 'wchisq': np.float64(15.045681571262447), 'rwchisq': np.float64(0.19289335347772368), 'niter': 1, 'nsynthesis': 7, 'status': 2}"
826819549948605056,96d92b5d92284f72,6326.4814453125,4.428500175476074,-1.6067999601364136,6328.7206890662865,4.4470893613150055,-1.553646231333566,17.982766050688063,0.015638990504991863,0.4829555231873473,"{'days': 0, 'hours': 0, 'minutes': 0, 'seconds': 22, 'dof': 78, 'error': '', 'rms': np.float64(0.04534117018789791), 'chisq': np.float64(0.1665215588346417), 'rchisq': np.float64(0.002134891779931304), 'wchisq': np.float64(15.631158222138373), 'rwchisq': np.float64(0.2003994643863894), 'niter': 3, 'nsynthesis': 12, 'status': 2}"
1601046782976137984,bedfd6fd7375b169,6467.9931640625,4.258600234985352,-2.1405999660491943,6472.601515110759,4.265171077437487,-2.3178366934734855,19.921035815498264,0.01637949366927863,0.022644421087431067,"{'days': 0, 'hours': 0, 'minutes': 0, 'seconds': 41, 'dof': 78, 'error': '', 'rms': np.float64(0.020704055984560907), 'chisq': np.float64(0.034721292671158414), 'rchisq': np.float64(0.0004451447778353643), 'wchisq': np.float64(4.08506183687808), 'rwchisq': np.float64(0.05237258765228308), 'niter': 5, 'nsynthesis': 24, 'status': 2}"
162706761471357824,77028c30614d36f9,6368.3837890625,4.491499900817871,-1.0296000242233276,6409.366116315932,4.5232273621204,-0.9966347556967832,16.703869334048573,0.02232069974578424,0.015813174717757592,"{'days': 0, 'hours': 0, 'minutes': 0, 'seconds': 31, 'dof': 78, 'error': '', 'rms': np.float64(0.0644922073567507), 'chisq': np.float64(0.33689882958943634), 'rchisq': np.float64(0.004319215763967133), 'wchisq': np.float64(21.34304246788453), 'rwchisq': np.float64(0.2736287495882632), 'niter': 3, 'nsynthesis': 16, 'status': 2}"
3847540280530643456,fdd166e4e9974b1e,7126.12255859375,4.3028998374938965,-1.8805999755859375,7127.937826198588,4.306994752160625,-1.879426839699183,12.594110272175683,0.02044576588186472,0.5162000008352802,"{'days': 0, 'hours': 0, 'minutes': 0, 'seconds': 20, 'dof': 78, 'error': '', 'rms': np.float64(0.04102061465691833), 'chisq': np.float64(0.13629795697334202), 'rchisq': np.float64(0.0017474097047864361), 'wchisq': np.float64(7.976768257210237), 'rwchisq': np.float64(0.10226625970782355), 'niter': 2, 'nsynthesis': 12, 'status': 2}"
2542530071258577408,7986d6dd8088fbbc,5303.38134765625,4.422999858856201,-0.5315999984741211,5441.269924048329,4.424228541069109,-0.5314384368326197,24.277314685766335,0.03918134240270779,0.004894815602670689,"{'days': 0, 'hours': 0, 'minutes': 0, 'seconds': 37, 'dof': 78, 'error': '', 'rms': np.float64(0.07664212755686703), 'chisq': np.float64(0.4757952730318893), 'rchisq': np.float64(0.006099939397844734), 'wchisq': np.float64(100.60889453489843), 'rwchisq': np.float64(1.2898576222422875), 'niter': 3, 'nsynthesis': 20, 'status': 2}"
2543674250546092416,1d379ad70cf5b92d,4818.8623046875,4.6442999839782715,-0.43130001425743103,4687.741268076398,5.0,-1.6214955806610358,634.17695022588,0.0,0.8805578705096423,"{'days': 0, 'hours': 0, 'minutes': 0, 'seconds': 47, 'dof': 78, 'error': '', 'rms': np.float64(0.07326763768485559), 'chisq': np.float64(0.4348198852854609), 'rchisq': np.float64(0.005574613913916165), 'wchisq': np.float64(24.73317607257506), 'rwchisq': np.float64(0.3170920009304495), 'niter': 6, 'nsynthesis': 22, 'status': 5}"
2542248866863068416,19784ee3d52ca31e,4346.83203125,4.619200229644775,-0.24549999833106995,4475.093633065364,5.0,-1.4801517038091765,571.474282708923,0.0,0.6761384961809943,"{'days': 0, 'hours': 0, 'minutes': 0, 'seconds': 51, 'dof': 78, 'error': '', 'rms': np.float64(0.08394096474782863), 'chisq': np.float64(0.5707329305864928), 'rchisq': np.float64(0.007317088853672984), 'wchisq': np.float64(18.998577914646795), 'rwchisq': np.float64(0.24357151172624095), 'niter': 6, 'nsynthesis': 24, 'status': 5}"
3267559549125125760,63d4d9be9a4974aa,5064.8515625,4.47629976272583,-0.7077999711036682,5398.651186420476,4.992485650042097,-1.0309459327786306,16.65228199350869,0.016769938670061837,0.008008681584561533,"{'days': 0, 'hours': 0, 'minutes': 0, 'seconds': 31, 'dof': 78, 'error': '', 'rms': np.float64(0.06961858486741694), 'chisq': np.float64(0.3925865360742805), 'rchisq': np.float64(0.0050331607189010325), 'wchisq': np.float64(56.27666422962215), 'rwchisq': np.float64(0.721495695251566), 'niter': 3, 'nsynthesis': 16, 'status': 2}"
2533748645547879040,e800ad1415a6b0ee,5453.56494140625,4.615900039672852,-0.6287999749183655,5459.982417182269,4.616774500108106,-0.6345479597580435,63.27141281557682,0.033393663704527364,0.4004789123985758,"{'days': 0, 'hours': 0, 'minutes': 0, 'seconds': 33, 'dof': 78, 'error': '', 'rms': np.float64(0.07805272868732838), 'chisq': np.float64(0.49347050489855326), 'rchisq': np.float64(0.0063265449345968365), 'wchisq': np.float64(18.401736551999978), 'rwchisq': np.float64(0.2359196993846151), 'niter': 3, 'nsynthesis': 15, 'status': 2}"
670406912728009216,b49d6374fef122de,5922.83154296875,4.5671000480651855,-0.9520999789237976,5922.83154296875,4.5671000480651855,-0.9520999789237976,16.582385630173803,0.020410618629063328,0.014012732855270068,"{'days': 0, 'hours': 0, 'minutes': 0, 'seconds': 13, 'dof': 78, 'error': '', 'rms': np.float64(0.06196944991579109), 'chisq': np.float64(0.311057230552125), 'rchisq': np.float64(0.0039879132122067305), 'wchisq': np.float64(33.388137505446046), 'rwchisq': np.float64(0.428053044941616), 'niter': 1, 'nsynthesis': 7, 'status': 2}"
683680315881781376,3c7c1b4209c4c261,5773.51806640625,4.576000213623047,-1.190999984741211,5773.51806640625,4.576000213623047,-1.190999984741211,20.73569280842457,0.03052818940267472,0.013953060297283286,"{'days': 0, 'hours': 0, 'minutes': 0, 'seconds': 14, 'dof': 78, 'error': '', 'rms': np.float64(0.05592738342262796), 'chisq': np.float64(0.25335764953663287), 'rchisq': np.float64(0.003248174994059396), 'wchisq': np.float64(18.789070584033315), 'rwchisq': np.float64(0.2408855203081194), 'niter': 1, 'nsynthesis': 8, 'status': 2}"
3655095646538561280,6a11066aaad86f67,7173.6953125,4.388700008392334,-2.8570001125335693,7188.690700164953,4.399169252710344,-2.920919410360845,34.266735760954944,0.03658472111962254,5.98577480898473,"{'days': 0, 'hours': 0, 'minutes': 0, 'seconds': 20, 'dof': 78, 'error': '', 'rms': np.float64(0.07546549215543756), 'chisq': np.float64(0.4612982810072551), 'rchisq': np.float64(0.00591408052573404), 'wchisq': np.float64(7.277064756217518), 'rwchisq': np.float64(0.0932957020027887), 'niter': 2, 'nsynthesis': 13, 'status': 2}"
1575811685448562048,cbd1af65a442e00a,5822.39208984375,4.64900016784668,-0.8704000115394592,5831.989524550362,4.6582888279591605,-0.8642099170875076,44.67450928404204,0.022011655675192695,0.014720635239841429,"{'days': 0, 'hours': 0, 'minutes': 0, 'seconds': 24, 'dof': 78, 'error': '', 'rms': np.float64(0.05997386306330772), 'chisq': np.float64(0.2913460043096473), 'rchisq': np.float64(0.0037352051834570166), 'wchisq': np.float64(10.718685228521045), 'rwchisq': np.float64(0.13741904139129543), 'niter': 2, 'nsynthesis': 12, 'status': 2}"
1562597273669631232,0ecedf025ce17df0,4373.9267578125,4.544400215148926,-0.0032999999821186066,4535.860083855269,5.0,-0.9803720104441718,385.54170702093984,0.0,0.43325791246342676,"{'days': 0, 'hours': 0, 'minutes': 0, 'seconds': 29, 'dof': 78, 'error': '', 'rms': np.float64(0.0869465131458716), 'chisq': np.float64(0.612335388006243), 'rchisq': np.float64(0.00785045369238773), 'wchisq': np.float64(27.224097871956875), 'rwchisq': np.float64(0.3490268957943189), 'niter': 3, 'nsynthesis': 15, 'status': 2}"
2678628720054957056,75a328933897e536,4368.568359375,4.742700099945068,-0.6078000068664551,4558.700473710282,5.0,-1.6173850072574179,349.705669417206,0.0,0.4841344143995634,"{'days': 0, 'hours': 0, 'minutes': 0, 'seconds': 50, 'dof': 78, 'error': '', 'rms': np.float64(0.06313482728339062), 'chisq': np.float64(0.32286651970438873), 'rchisq': np.float64(0.004139314355184471), 'wchisq': np.float64(35.423153052995076), 'rwchisq': np.float64(0.4541429878589112), 'niter': 6, 'nsynthesis': 22, 'status': 5}"
3637270570188387712,2b500f8657c9e04e,6865.7431640625,4.3871002197265625,-3.978300094604492,6906.078696287811,4.41163293662625,-2.6008287369123737,30.38848662231174,0.03847004394361669,0.04333023067641675,"{'days': 0, 'hours': 0, 'minutes': 0, 'seconds': 18, 'dof': 78, 'error': '', 'rms': np.float64(0.0915045866270195), 'chisq': np.float64(0.678220239276319), 'rchisq': np.float64(0.008695131272773321), 'wchisq': np.float64(10.578334522574815), 'rwchisq': np.float64(0.13561967336634378), 'niter': 2, 'nsynthesis': 12, 'status': 2}"
4227188490118175104,7dd8b66fce64308a,5547.7822265625,4.581200122833252,-1.811900019645691,5550.764081444246,4.983781908207132,-2.35820887589631,385.8480994002631,6.780849523385401,0.17495474470154468,"{'days': 0, 'hours': 0, 'minutes': 0, 'seconds': 36, 'dof': 78, 'error': '', 'rms': np.float64(0.038733191994250134), 'chisq': np.float64(0.12152107312713885), 'rchisq': np.float64(0.0015579624759889596), 'wchisq': np.float64(4.665149430384853), 'rwchisq': np.float64(0.059809608081857084), 'niter': 4, 'nsynthesis': 20, 'status': 2}"
1386313708260213504,0c422cba58f20d7e,4859.76708984375,4.521399974822998,-0.1988999992609024,4740.660020505237,4.987816709880509,-1.2627535308654714,198.13074570827425,0.24414387805766685,0.2956424319301222,"{'days': 0, 'hours': 0, 'minutes': 0, 'seconds': 45, 'dof': 78, 'error': '', 'rms': np.float64(0.06752896044980483), 'chisq': np.float64(0.3693730004539356), 'rchisq': np.float64(0.004735551287870969), 'wchisq': np.float64(48.76487659898462), 'rwchisq': np.float64(0.6251907256280079), 'niter': 6, 'nsynthesis': 22, 'status': 5}"
916127244475853312,8201666791d4b2d5,5640.74658203125,4.6691999435424805,-2.015199899673462,5640.74658203125,4.6691999435424805,-2.015199899673462,419.5180136331014,0.04985026367341327,0.024962352026296097,"{'days': 0, 'hours': 0, 'minutes': 0, 'seconds': 13, 'dof': 78, 'error': '', 'rms': np.float64(0.03572042585317369), 'chisq': np.float64(0.10335185467369842), 'rchisq': np.float64(0.0013250237778679285), 'wchisq': np.float64(7.76248346286978), 'rwchisq': np.float64(0.09951901875474077), 'niter': 1, 'nsynthesis': 7, 'status': 2}"
2645403505888257152,6040418418f244cb,3612.43115234375,4.424799919128418,-0.9672999978065491,3619.163614695172,4.508991135890338,-0.9921361204241785,303.43775388503246,0.4866865784014438,0.49788175629774,"{'days': 0, 'hours': 0, 'minutes': 0, 'seconds': 33, 'dof': 78, 'error': '', 'rms': np.float64(0.12833351395946835), 'chisq': np.float64(1.3340287552199896), 'rchisq': np.float64(0.017102932759230638), 'wchisq': np.float64(26.78001889399369), 'rwchisq': np.float64(0.34333357556402166), 'niter': 3, 'nsynthesis': 18, 'status': 2}"
1767906842245237376,e9f245c11b091f0a,4618.373046875,4.635200023651123,-0.2257000058889389,4792.523999424966,5.0,-1.3924632025806492,680.9176438533933,0.0,0.8617972299533458,"{'days': 0, 'hours': 0, 'minutes': 0, 'seconds': 46, 'dof': 78, 'error': '', 'rms': np.float64(0.08640014203194402), 'chisq': np.float64(0.604663747994348), 'rchisq': np.float64(0.007752099333260871), 'wchisq': np.float64(23.1859278656191), 'rwchisq': np.float64(0.29725548545665514), 'niter': 6, 'nsynthesis': 22, 'status': 5}"
3659610344361781120,f7d57e528b976651,5728.49365234375,4.7129998207092285,-1.2364000082015991,5775.858834145203,4.7588755818837525,-1.2296755095978507,31.027142872352904,0.043141661505308224,0.018612867362032253,"{'days': 0, 'hours': 0, 'minutes': 0, 'seconds': 36, 'dof': 78, 'error': '', 'rms': np.float64(0.05918090102698802), 'chisq': np.float64(0.2836927027556583), 'rchisq': np.float64(0.0036370859327648497), 'wchisq': np.float64(9.255405291871558), 'rwchisq': np.float64(0.11865904220348152), 'niter': 3, 'nsynthesis': 17, 'status': 2}"
1291094592545363456,cbbba6d9cd376d0b,5384.08642578125,4.702899932861328,-0.9961000084877014,5418.338660615598,4.719311815922543,-0.9889719191486881,65.88007164801047,0.06800123470305985,0.03350274239252552,"{'days': 0, 'hours': 0, 'minutes': 0, 'seconds': 50, 'dof': 78, 'error': '', 'rms': np.float64(0.0639381883056862), 'chisq': np.float64(0.33113544582888443), 'rchisq': np.float64(0.004245326228575441), 'wchisq': np.float64(13.598340974939775), 'rwchisq': np.float64(0.1743377048069202), 'niter': 5, 'nsynthesis': 24, 'status': 2}"
6898177141956127488,73d5af8863e6653c,5980.72900390625,4.7195000648498535,-3.9883999824523926,6094.879092863592,4.850038744969985,-2.58069674181777,67.08728494761907,0.052452554924719896,1.8041594425700935,"{'days': 0, 'hours': 0, 'minutes': 0, 'seconds': 42, 'dof': 78, 'error': '', 'rms': np.float64(0.08785298977033236), 'chisq': np.float64(0.6251699727384759), 'rchisq': np.float64(0.00801499965049328), 'wchisq': np.float64(6.694632134459288), 'rwchisq': np.float64(0.08582861710845241), 'niter': 6, 'nsynthesis': 25, 'status': 5}"
1385035148035879808,13c1c1e05c7fc725,5772.18359375,4.534599781036377,-0.9531000256538391,5795.581586892354,4.647755438620854,-0.9711899635012706,20.357304790622667,0.039955497180682364,0.02090536045060527,"{'days': 0, 'hours': 0, 'minutes': 0, 'seconds': 33, 'dof': 78, 'error': '', 'rms': np.float64(0.0633516361549664), 'chisq': np.float64(0.325087814084411), 'rchisq': np.float64(0.004167792488261679), 'wchisq': np.float64(15.123987777244416), 'rwchisq': np.float64(0.19389727919544122), 'niter': 3, 'nsynthesis': 16, 'status': 2}"
914350919016976768,ae78590643a61cd5,5605.2900390625,4.514400005340576,-1.2177000045776367,5616.877836739545,4.520474118030305,-1.2122121765586904,29.44737894530472,0.03980038454383057,0.008525537464702528,"{'days': 0, 'hours': 0, 'minutes': 0, 'seconds': 38, 'dof': 78, 'error': '', 'rms': np.float64(0.05117617561353965), 'chisq': np.float64(0.2121390769846559), 'rchisq': np.float64(0.002719731756213537), 'wchisq': np.float64(24.50420414285488), 'rwchisq': np.float64(0.31415646336993436), 'niter': 3, 'nsynthesis': 17, 'status': 2}"
795956503372372096,bd19147a5dc76a5c,5929.19140625,4.628300189971924,-1.0622999668121338,5944.384637350693,4.706391702882085,-1.9379396083352933,26.396731560091286,0.5782027267575178,0.014216746984580744,"{'days': 0, 'hours': 0, 'minutes': 0, 'seconds': 39, 'dof': 78, 'error': '', 'rms': np.float64(0.05156302220518217), 'chisq': np.float64(0.21535836597350086), 'rchisq': np.float64(0.0027610046919679596), 'wchisq': np.float64(7.257825889617612), 'rwchisq': np.float64(0.09304904986689246), 'niter': 4, 'nsynthesis': 22, 'status': 2}"
2549078315835891200,059116ff0ab792f7,4704.86669921875,4.298500061035156,-1.2110999822616577,4090.3373428591544,5.0,-3.519493173712057,332.18579021476165,0.0,0.7448693257165566,"{'days': 0, 'hours': 0, 'minutes': 0, 'seconds': 41, 'dof': 78, 'error': '', 'rms': np.float64(0.04679008195418957), 'chisq': np.float64(0.1773342533116619), 'rchisq': np.float64(0.0022735160680982295), 'wchisq': np.float64(6.658370283098321), 'rwchisq': np.float64(0.0853637215781836), 'niter': 6, 'nsynthesis': 22, 'status': 5}"
2541859266085691136,c662016d6231e24f,4306.52197265625,4.582900047302246,0.35440000891685486,4615.926389532778,4.946688191138383,-0.7521701966145962,242.58440033237773,0.6695648410569499,0.28931057026442775,"{'days': 0, 'hours': 0, 'minutes': 0, 'seconds': 45, 'dof': 78, 'error': '', 'rms': np.float64(0.12698468056046916), 'chisq': np.float64(1.3061338368605957), 'rchisq': np.float64(0.016745305600776868), 'wchisq': np.float64(65.1597954664908), 'rwchisq': np.float64(0.8353819931601385), 'niter': 6, 'nsynthesis': 22, 'status': 5}"
861410151398364160,5f35d68a111d5fa7,6116.162109375,4.704699993133545,-4.066500186920166,6116.162109375,4.704699993133545,-4.066500186920166,44.63869760055258,0.041806529051259214,0.056395612646681935,"{'days': 0, 'hours': 0, 'minutes': 0, 'seconds': 12, 'dof': 78, 'error': '', 'rms': np.float64(0.10182665901906783), 'chisq': np.float64(0.8398621474458262), 'rchisq': np.float64(0.010767463428792643), 'wchisq': np.float64(7.657482031936233), 'rwchisq': np.float64(0.09817284656328504), 'niter': 1, 'nsynthesis': 8, 'status': 2}"
1277754729065683840,9a776e7167f2304c,5308.5400390625,4.736499786376953,-1.402999997138977,5507.01561098884,5.0,-1.4016158498432076,482.82750530933623,0.0,0.01886748933171809,"{'days': 0, 'hours': 0, 'minutes': 0, 'seconds': 33, 'dof': 78, 'error': '', 'rms': np.float64(0.06399745443065018), 'chisq': np.float64(0.3317496080618548), 'rchisq': np.float64(0.004253200103357112), 'wchisq': np.float64(9.054893116416027), 'rwchisq': np.float64(0.11608837328738496), 'niter': 3, 'nsynthesis': 15, 'status': 2}"
2534269818354939648,ae021675daaaf153,5341.50341796875,4.630000114440918,-0.6948999762535095,5465.8156502709535,4.630731507319527,-0.6956862015844941,44.11611516417828,0.06490826668474228,0.044337296595234055,"{'days': 0, 'hours': 0, 'minutes': 0, 'seconds': 58, 'dof': 78, 'error': '', 'rms': np.float64(0.06990157072832373), 'chisq': np.float64(0.39578459681323447), 'rchisq': np.float64(0.00507416149760557), 'wchisq': np.float64(17.60722391534127), 'rwchisq': np.float64(0.22573363994027268), 'niter': 4, 'nsynthesis': 17, 'status': 2}"
3703415918404556416,ab92eed631613bf1,6943.84375,4.391900062561035,-3.5866000652313232,6957.404349391551,4.4044325376689475,-3.5629228628875373,25.276750465588474,0.041305445467642726,21.13921141204632,"{'days': 0, 'hours': 0, 'minutes': 0, 'seconds': 31, 'dof': 78, 'error': '', 'rms': np.float64(0.08701284006605385), 'chisq': np.float64(0.613269981245214), 'rchisq': np.float64(0.007862435656989923), 'wchisq': np.float64(9.405872931820173), 'rwchisq': np.float64(0.12058811451051504), 'niter': 2, 'nsynthesis': 12, 'status': 2}"
1575472383031862272,ea6a680d34a16e2b,7502.013671875,4.431399822235107,-0.758899986743927,7559.528599751609,4.453821289358645,-0.7565190779778601,29.8997405194671,0.024120321156967668,0.0335911340044523,"{'days': 0, 'hours': 0, 'minutes': 0, 'seconds': 39, 'dof': 78, 'error': '', 'rms': np.float64(0.07212336421283702), 'chisq': np.float64(0.42134415289558075), 'rchisq': np.float64(0.005401848114045907), 'wchisq': np.float64(12.240114511236005), 'rwchisq': np.float64(0.1569245450158462), 'niter': 2, 'nsynthesis': 12, 'status': 2}"
1011155010807412480,589fb8a2c808658f,4525.271484375,4.397299766540527,-0.7572000026702881,3876.2343738548843,5.0,-3.0659588920764342,152.02517756891237,0.0,0.5553361630066623,"{'days': 0, 'hours': 0, 'minutes': 1, 'seconds': 12, 'dof': 78, 'error': '', 'rms': np.float64(0.07128779011541811), 'chisq': np.float64(0.41163787058273216), 'rchisq': np.float64(0.005277408597214515), 'wchisq': np.float64(17.566845002076874), 'rwchisq': np.float64(0.22521596156508814), 'niter': 6, 'nsynthesis': 22, 'status': 5}"
2544018569484609280,ad2f0b47e0b717b4,6141.8212890625,4.447700023651123,-1.4428000450134277,6162.519809092329,4.454797986813969,-1.4406125822938847,10.78338840180871,0.01082137652584105,0.007940127462106672,"{'days': 0, 'hours': 0, 'minutes': 0, 'seconds': 40, 'dof': 78, 'error': '', 'rms': np.float64(0.06195665041349091), 'chisq': np.float64(0.3109287489672214), 'rchisq': np.float64(0.003986266012400274), 'wchisq': np.float64(70.41977063987756), 'rwchisq': np.float64(0.9028175723061225), 'niter': 3, 'nsynthesis': 12, 'status': 2}"
2702205513529683584,45440b46b4fab716,4787.0556640625,4.509799957275391,0.2442999929189682,5077.517354612645,4.679047842326168,0.22743670733146742,28.409097470926913,0.03016201620946505,0.010522183757836314,"{'days': 0, 'hours': 0, 'minutes': 1, 'seconds': 11, 'dof': 78, 'error': '', 'rms': np.float64(0.12242186963097827), 'chisq': np.float64(1.2139562472794836), 'rchisq': np.float64(0.01556354163178825), 'wchisq': np.float64(115.73628529751826), 'rwchisq': np.float64(1.4837985294553624), 'niter': 6, 'nsynthesis': 22, 'status': 5}"
6911127808384572544,ad5e3c34bdf735dd,5764.42529296875,3.7890000343322754,-0.5756999850273132,5767.558026348414,3.790202458457307,-0.576858151245434,22.76209353201703,0.013037193465624531,0.015259483725659554,"{'days': 0, 'hours': 0, 'minutes': 0, 'seconds': 23, 'dof': 78, 'error': '', 'rms': np.float64(0.06690041041747445), 'chisq': np.float64(0.3625288580361485), 'rchisq': np.float64(0.004647805872258314), 'wchisq': np.float64(75.24098964221926), 'rwchisq': np.float64(0.9646280723361443), 'niter': 2, 'nsynthesis': 11, 'status': 2}"
1552415349320543232,f6ed6f4f26293f21,5933.95556640625,4.579599857330322,-2.5208001136779785,5937.618873450652,4.583208902668685,-2.54480317435862,27.57529135508489,0.01603843879690064,0.024646480178209713,"{'days': 0, 'hours': 0, 'minutes': 0, 'seconds': 22, 'dof': 78, 'error': '', 'rms': np.float64(0.041234159479577724), 'chisq': np.float64(0.1377207285469672), 'rchisq': np.float64(0.001765650365986759), 'wchisq': np.float64(13.484863533452966), 'rwchisq': np.float64(0.17288286581349957), 'niter': 2, 'nsynthesis': 14, 'status': 2}"
2544085360519114112,3a597d2dc2d69e14,4364.96044921875,4.485499858856201,-0.22419999539852142,3935.397322542315,5.0,-3.131471126403591,266.8470587016124,0.0,0.8467260760600093,"{'days': 0, 'hours': 0, 'minutes': 0, 'seconds': 47, 'dof': 78, 'error': '', 'rms': np.float64(0.08773037930471506), 'chisq': np.float64(0.6234261756888833), 'rchisq': np.float64(0.007992643278062607), 'wchisq': np.float64(24.103037750664107), 'rwchisq': np.float64(0.3090133044956937), 'niter': 6, 'nsynthesis': 22, 'status': 5}"
2501904044323877376,f1815f2667474281,3971.555419921875,4.640500068664551,-0.5712000131607056,4001.7660462376725,5.0,-1.8868917448373062,455.4893009803542,0.0,0.8929341663576223,"{'days': 0, 'hours': 0, 'minutes': 0, 'seconds': 46, 'dof': 78, 'error': '', 'rms': np.float64(0.09554861762625004), 'chisq': np.float64(0.7394926047532744), 'rchisq': np.float64(0.009480674419913774), 'wchisq': np.float64(16.888418507723653), 'rwchisq': np.float64(0.21651818599645709), 'niter': 6, 'nsynthesis': 23, 'status': 5}"
3702402825814333056,3b1719acb1b91ba8,6336.7216796875,4.357900142669678,-1.3140000104904175,6338.927050485228,4.3599306651592356,-1.3155366631660055,15.256122774231649,0.014113515830479966,0.010257908391233932,"{'days': 0, 'hours': 0, 'minutes': 0, 'seconds': 32, 'dof': 78, 'error': '', 'rms': np.float64(0.05878368206656683), 'chisq': np.float64(0.2798972234615601), 'rchisq': np.float64(0.003588425941814873), 'wchisq': np.float64(30.29335064211997), 'rwchisq': np.float64(0.3883762902835894), 'niter': 3, 'nsynthesis': 16, 'status': 2}"
1320105756600587520,bc46383781621578,7365.8203125,4.216300010681152,-1.9351999759674072,7444.756607496511,4.285861849506652,-1.9069874226222003,13.627565729946738,0.009761141738680952,0.007631730947659189,"{'days': 0, 'hours': 0, 'minutes': 0, 'seconds': 34, 'dof': 78, 'error': '', 'rms': np.float64(0.05184601341370564), 'chisq': np.float64(0.21772873765842576), 'rchisq': np.float64(0.00279139407254392), 'wchisq': np.float64(18.542352251077393), 'rwchisq': np.float64(0.23772246475740247), 'niter': 4, 'nsynthesis': 20, 'status': 2}"
677146919006044416,593ddcaa6f83d979,6769.1103515625,4.4145002365112305,-0.384799987077713,6803.40852283485,4.448223143945658,-0.37064621471820275,30.683410118078484,0.020880371575030556,0.023937238178316365,"{'days': 0, 'hours': 0, 'minutes': 0, 'seconds': 34, 'dof': 78, 'error': '', 'rms': np.float64(0.07574226677156212), 'chisq': np.float64(0.4646881690312532), 'rchisq': np.float64(0.0059575406286058105), 'wchisq': np.float64(16.148372773939), 'rwchisq': np.float64(0.2070304201787051), 'niter': 3, 'nsynthesis': 16, 'status': 2}"
1404703589989962240,d363b736106bd7b9,5909.3916015625,4.634300231933594,-0.7760000228881836,5909.3916015625,4.634300231933594,-0.7760000228881836,12.861229732763189,0.016125609479303523,0.005687460535043595,"{'days': 0, 'hours': 0, 'minutes': 0, 'seconds': 16, 'dof': 78, 'error': '', 'rms': np.float64(0.05869929021882238), 'chisq': np.float64(0.27909414044767644), 'rchisq': np.float64(0.0035781300057394416), 'wchisq': np.float64(37.521795982260876), 'rwchisq': np.float64(0.481048666439242), 'niter': 1, 'nsynthesis': 8, 'status': 2}"
166182287664616704,333b2b3c5fa24051,6858.12646484375,4.348400115966797,-0.5400000214576721,6858.12646484375,4.348400115966797,-0.5400000214576721,13.798289765164153,0.00813199350157991,0.005284111374182681,"{'days': 0, 'hours': 0, 'minutes': 0, 'seconds': 13, 'dof': 78, 'error': '', 'rms': np.float64(0.06573849241465186), 'chisq': np.float64(0.35004550018105046), 'rchisq': np.float64(0.00448776282283398), 'wchisq': np.float64(52.013604091651594), 'rwchisq': np.float64(0.6668410780980973), 'niter': 1, 'nsynthesis': 7, 'status': 2}"
1540288522043449216,2f879f87be7fc7a8,3626.05517578125,4.639500141143799,-0.19840000569820404,4098.70768898469,5.0,-1.8472991032190464,638.0231027345006,0.0,0.9656605007896185,"{'days': 0, 'hours': 0, 'minutes': 0, 'seconds': 46, 'dof': 78, 'error': '', 'rms': np.float64(0.13869597555917718), 'chisq': np.float64(1.5581624645412617), 'rchisq': np.float64(0.0199764418530931), 'wchisq': np.float64(32.25891130071248), 'rwchisq': np.float64(0.41357578590657024), 'niter': 6, 'nsynthesis': 24, 'status': 5}"
1600324232038066560,77ac19a0645460e3,5654.2451171875,4.555600166320801,-1.0450999736785889,5649.2574365629525,4.563817754885116,-0.9989055308534616,27.182934661249824,0.06182191349554872,0.012577360886009657,"{'days': 0, 'hours': 0, 'minutes': 0, 'seconds': 25, 'dof': 78, 'error': '', 'rms': np.float64(0.05703273212676667), 'chisq': np.float64(0.2634713352413253), 'rchisq': np.float64(0.0033778376312990424), 'wchisq': np.float64(13.07730330003557), 'rwchisq': np.float64(0.16765773461584063), 'niter': 2, 'nsynthesis': 14, 'status': 2}"
577395547641495552,848864200c766eb5,5973.5595703125,4.6691999435424805,-2.5685999393463135,5999.632670098792,4.7043686654903585,-2.550792028494387,31.00122726716394,0.07597269638193468,0.8972537928243262,"{'days': 0, 'hours': 0, 'minutes': 0, 'seconds': 20, 'dof': 78, 'error': '', 'rms': np.float64(0.04272843155490554), 'chisq': np.float64(0.14788322791452208), 'rchisq': np.float64(0.0018959388194169497), 'wchisq': np.float64(4.66363281112965), 'rwchisq': np.float64(0.05979016424525193), 'niter': 3, 'nsynthesis': 12, 'status': 2}"
704412333473895936,ef4ed67e6420e289,5213.70703125,4.700900077819824,-1.1161999702453613,5314.581194706784,4.6960987563484204,-1.1179506427153558,33.413508015038985,0.030502271474246993,0.0163038412420078,"{'days': 0, 'hours': 0, 'minutes': 0, 'seconds': 44, 'dof': 78, 'error': '', 'rms': np.float64(0.0787818589776101), 'chisq': np.float64(0.5027330856214116), 'rchisq': np.float64(0.0064452959695052775), 'wchisq': np.float64(17.487525451482313), 'rwchisq': np.float64(0.22419904424977324), 'niter': 4, 'nsynthesis': 22, 'status': 2}"
1009643770730345600,20ba771189f08c9e,6059.97998046875,4.4096999168396,-0.7982000112533569,6101.750669419957,4.43679866679751,-0.7905307534253916,20.89204667159088,0.01570590138918464,0.009336536500118692,"{'days': 0, 'hours': 0, 'minutes': 0, 'seconds': 25, 'dof': 78, 'error': '', 'rms': np.float64(0.06720676796931126), 'chisq': np.float64(0.36585672253134816), 'rchisq': np.float64(0.0046904708016839505), 'wchisq': np.float64(41.69377299432268), 'rwchisq': np.float64(0.5345355512092651), 'niter': 2, 'nsynthesis': 12, 'status': 2}"
5188068125585404416,de259772355ac03d,4890.4404296875,4.47629976272583,-0.3580000102519989,5024.738279225057,4.725914603275602,-0.41711007940227524,42.41290599050018,0.15379822358638276,0.02075942665320297,"{'days': 0, 'hours': 0, 'minutes': 0, 'seconds': 36, 'dof': 78, 'error': '', 'rms': np.float64(0.08218357230032697), 'chisq': np.float64(0.5470853040394887), 'rchisq': np.float64(0.00701391415435242), 'wchisq': np.float64(56.831545057690875), 'rwchisq': np.float64(0.7286095520216779), 'niter': 3, 'nsynthesis': 17, 'status': 2}"
2544169954195256192,675621bc19ecc25c,5177.98388671875,4.644800186157227,-0.616599977016449,5254.774442798782,4.70081769418247,-0.5780810002238724,292.0404944437313,0.4201262616921163,0.02050515078286412,"{'days': 0, 'hours': 0, 'minutes': 0, 'seconds': 44, 'dof': 78, 'error': '', 'rms': np.float64(0.07201960566453328), 'chisq': np.float64(0.42013271160606486), 'rchisq': np.float64(0.00538631681546237), 'wchisq': np.float64(12.27003181594329), 'rwchisq': np.float64(0.15730810020440114), 'niter': 5, 'nsynthesis': 20, 'status': 2}"
815553133472718848,3effaae65f4df633,5990.65625,4.010200023651123,-0.791100025177002,5998.516790189374,4.02010818272822,-0.7988865237548656,12.206675276525836,0.009504441832521277,0.131289144963693,"{'days': 0, 'hours': 0, 'minutes': 0, 'seconds': 33, 'dof': 78, 'error': '', 'rms': np.float64(0.05749273676431073), 'chisq': np.float64(0.26773859723267646), 'rchisq': np.float64(0.0034325461183676467), 'wchisq': np.float64(49.12902299585236), 'rwchisq': np.float64(0.6298592691775944), 'niter': 3, 'nsynthesis': 16, 'status': 2}"
818285037614096256,1bae2b9565a08fce,6461.25048828125,4.629799842834473,-3.513000011444092,6472.255503943416,4.637599379724412,-3.1381446725087314,24.75851242613079,0.03666573208729331,0.4220176366678281,"{'days': 0, 'hours': 0, 'minutes': 0, 'seconds': 27, 'dof': 78, 'error': '', 'rms': np.float64(0.0896283631935262), 'chisq': np.float64(0.650692722588802), 'rchisq': np.float64(0.008342214392164128), 'wchisq': np.float64(11.534400857570162), 'rwchisq': np.float64(0.14787693407141234), 'niter': 3, 'nsynthesis': 16, 'status': 2}"
6908128718620260992,9da124943aea3895,6140.74267578125,4.519499778747559,-4.133600234985352,6140.74267578125,4.519499778747559,-4.133600234985352,34.47603790430528,0.0530992453093397,24.634319653928095,"{'days': 0, 'hours': 0, 'minutes': 0, 'seconds': 11, 'dof': 78, 'error': '', 'rms': np.float64(0.06997946620025776), 'chisq': np.float64(0.3966671808635145), 'rchisq': np.float64(0.005085476677737366), 'wchisq': np.float64(12.026596245573156), 'rwchisq': np.float64(0.154187131353502), 'niter': 1, 'nsynthesis': 7, 'status': 2}"
2536753718201392128,a6dae85ca6ebdf74,5777.44287109375,4.674300193786621,-0.8148000240325928,5849.736697168131,4.698390969465187,-0.8000159543741409,45.72362221413731,0.021342410831875807,0.02747056986685646,"{'days': 0, 'hours': 0, 'minutes': 0, 'seconds': 35, 'dof': 78, 'error': '', 'rms': np.float64(0.0647779917038872), 'chisq': np.float64(0.3398912449442992), 'rchisq': np.float64(0.004357580063388451), 'wchisq': np.float64(11.706049268403552), 'rwchisq': np.float64(0.15007755472312245), 'niter': 3, 'nsynthesis': 17, 'status': 2}"
778918844847772928,9aa2303b105da4f6,5730.67041015625,4.583799839019775,-0.32580000162124634,5743.243386170893,4.597221420860822,-0.3190815525606559,41.992385380097225,0.01918971126472656,0.013345428991277265,"{'days': 0, 'hours': 0, 'minutes': 0, 'seconds': 26, 'dof': 78, 'error': '', 'rms': np.float64(0.0775809831964674), 'chisq': np.float64(0.48752352525217524), 'rchisq': np.float64(0.006250301605797119), 'wchisq': np.float64(25.809189724934328), 'rwchisq': np.float64(0.3308870477555683), 'niter': 2, 'nsynthesis': 12, 'status': 2}"
826819549948605056,96d92b5d92284f72,6326.4814453125,4.428500175476074,-1.6067999601364136,6328.7206890662865,4.4470893613150055,-1.553646231333566,17.982766050688063,0.015638990504991863,0.4829555231873473,"{'days': 0, 'hours': 0, 'minutes': 0, 'seconds': 22, 'dof': 78, 'error': '', 'rms': np.float64(0.04534117018789791), 'chisq': np.float64(0.1665215588346417), 'rchisq': np.float64(0.002134891779931304), 'wchisq': np.float64(15.631158222138373), 'rwchisq': np.float64(0.2003994643863894), 'niter': 3, 'nsynthesis': 12, 'status': 2}"
162706761471357824,77028c30614d36f9,6368.3837890625,4.491499900817871,-1.0296000242233276,6409.366116315932,4.5232273621204,-0.9966347556967832,16.703869334048573,0.02232069974578424,0.015813174717757592,"{'days': 0, 'hours': 0, 'minutes': 0, 'seconds': 32, 'dof': 78, 'error': '', 'rms': np.float64(0.0644922073567507), 'chisq': np.float64(0.33689882958943634), 'rchisq': np.float64(0.004319215763967133), 'wchisq': np.float64(21.34304246788453), 'rwchisq': np.float64(0.2736287495882632), 'niter': 3, 'nsynthesis': 16, 'status': 2}"
3847540280530643456,fdd166e4e9974b1e,7126.12255859375,4.3028998374938965,-1.8805999755859375,7127.937826198588,4.306994752160625,-1.879426839699183,12.594110272175683,0.02044576588186472,0.5162000008352802,"{'days': 0, 'hours': 0, 'minutes': 0, 'seconds': 21, 'dof': 78, 'error': '', 'rms': np.float64(0.04102061465691833), 'chisq': np.float64(0.13629795697334202), 'rchisq': np.float64(0.0017474097047864361), 'wchisq': np.float64(7.976768257210237), 'rwchisq': np.float64(0.10226625970782355), 'niter': 2, 'nsynthesis': 12, 'status': 2}"
2543674250546092416,1d379ad70cf5b92d,4818.8623046875,4.6442999839782715,-0.43130001425743103,4687.741268076398,5.0,-1.6214955806610358,634.17695022588,0.0,0.8805578705096423,"{'days': 0, 'hours': 0, 'minutes': 0, 'seconds': 49, 'dof': 78, 'error': '', 'rms': np.float64(0.07326763768485559), 'chisq': np.float64(0.4348198852854609), 'rchisq': np.float64(0.005574613913916165), 'wchisq': np.float64(24.73317607257506), 'rwchisq': np.float64(0.3170920009304495), 'niter': 6, 'nsynthesis': 22, 'status': 5}"
3267559549125125760,63d4d9be9a4974aa,5064.8515625,4.47629976272583,-0.7077999711036682,5398.651186420476,4.992485650042097,-1.0309459327786306,16.65228199350869,0.016769938670061837,0.008008681584561533,"{'days': 0, 'hours': 0, 'minutes': 0, 'seconds': 33, 'dof': 78, 'error': '', 'rms': np.float64(0.06961858486741694), 'chisq': np.float64(0.3925865360742805), 'rchisq': np.float64(0.0050331607189010325), 'wchisq': np.float64(56.27666422962215), 'rwchisq': np.float64(0.721495695251566), 'niter': 3, 'nsynthesis': 16, 'status': 2}"
670406912728009216,b49d6374fef122de,5922.83154296875,4.5671000480651855,-0.9520999789237976,5922.83154296875,4.5671000480651855,-0.9520999789237976,16.582385630173803,0.020410618629063328,0.014012732855270068,"{'days': 0, 'hours': 0, 'minutes': 0, 'seconds': 15, 'dof': 78, 'error': '', 'rms': np.float64(0.06196944991579109), 'chisq': np.float64(0.311057230552125), 'rchisq': np.float64(0.0039879132122067305), 'wchisq': np.float64(33.388137505446046), 'rwchisq': np.float64(0.428053044941616), 'niter': 1, 'nsynthesis': 7, 'status': 2}"
683680315881781376,3c7c1b4209c4c261,5773.51806640625,4.576000213623047,-1.190999984741211,5773.51806640625,4.576000213623047,-1.190999984741211,20.73569280842457,0.03052818940267472,0.013953060297283286,"{'days': 0, 'hours': 0, 'minutes': 0, 'seconds': 15, 'dof': 78, 'error': '', 'rms': np.float64(0.05592738342262796), 'chisq': np.float64(0.25335764953663287), 'rchisq': np.float64(0.003248174994059396), 'wchisq': np.float64(18.789070584033315), 'rwchisq': np.float64(0.2408855203081194), 'niter': 1, 'nsynthesis': 8, 'status': 2}"
1575811685448562048,cbd1af65a442e00a,5822.39208984375,4.64900016784668,-0.8704000115394592,5831.989524550362,4.6582888279591605,-0.8642099170875076,44.67450928404204,0.022011655675192695,0.014720635239841429,"{'days': 0, 'hours': 0, 'minutes': 0, 'seconds': 25, 'dof': 78, 'error': '', 'rms': np.float64(0.05997386306330772), 'chisq': np.float64(0.2913460043096473), 'rchisq': np.float64(0.0037352051834570166), 'wchisq': np.float64(10.718685228521045), 'rwchisq': np.float64(0.13741904139129543), 'niter': 2, 'nsynthesis': 12, 'status': 2}"
1562597273669631232,0ecedf025ce17df0,4373.9267578125,4.544400215148926,-0.0032999999821186066,4535.860083855269,5.0,-0.9803720104441718,385.54170702093984,0.0,0.43325791246342676,"{'days': 0, 'hours': 0, 'minutes': 0, 'seconds': 30, 'dof': 78, 'error': '', 'rms': np.float64(0.0869465131458716), 'chisq': np.float64(0.612335388006243), 'rchisq': np.float64(0.00785045369238773), 'wchisq': np.float64(27.224097871956875), 'rwchisq': np.float64(0.3490268957943189), 'niter': 3, 'nsynthesis': 15, 'status': 2}"
3637270570188387712,2b500f8657c9e04e,6865.7431640625,4.3871002197265625,-3.978300094604492,6906.078696287811,4.41163293662625,-2.6008287369123737,30.38848662231174,0.03847004394361669,0.04333023067641675,"{'days': 0, 'hours': 0, 'minutes': 0, 'seconds': 19, 'dof': 78, 'error': '', 'rms': np.float64(0.0915045866270195), 'chisq': np.float64(0.678220239276319), 'rchisq': np.float64(0.008695131272773321), 'wchisq': np.float64(10.578334522574815), 'rwchisq': np.float64(0.13561967336634378), 'niter': 2, 'nsynthesis': 12, 'status': 2}"
1386313708260213504,0c422cba58f20d7e,4859.76708984375,4.521399974822998,-0.1988999992609024,4740.660020505237,4.987816709880509,-1.2627535308654714,198.13074570827425,0.24414387805766685,0.2956424319301222,"{'days': 0, 'hours': 0, 'minutes': 0, 'seconds': 50, 'dof': 78, 'error': '', 'rms': np.float64(0.06752896044980483), 'chisq': np.float64(0.3693730004539356), 'rchisq': np.float64(0.004735551287870969), 'wchisq': np.float64(48.76487659898462), 'rwchisq': np.float64(0.6251907256280079), 'niter': 6, 'nsynthesis': 22, 'status': 5}"
1767906842245237376,e9f245c11b091f0a,4618.373046875,4.635200023651123,-0.2257000058889389,4792.523999424966,5.0,-1.3924632025806492,680.9176438533933,0.0,0.8617972299533458,"{'days': 0, 'hours': 0, 'minutes': 0, 'seconds': 49, 'dof': 78, 'error': '', 'rms': np.float64(0.08640014203194402), 'chisq': np.float64(0.604663747994348), 'rchisq': np.float64(0.007752099333260871), 'wchisq': np.float64(23.1859278656191), 'rwchisq': np.float64(0.29725548545665514), 'niter': 6, 'nsynthesis': 22, 'status': 5}"
1291094592545363456,cbbba6d9cd376d0b,5384.08642578125,4.702899932861328,-0.9961000084877014,5418.338660615598,4.719311815922543,-0.9889719191486881,65.88007164801047,0.06800123470305985,0.03350274239252552,"{'days': 0, 'hours': 0, 'minutes': 0, 'seconds': 54, 'dof': 78, 'error': '', 'rms': np.float64(0.0639381883056862), 'chisq': np.float64(0.33113544582888443), 'rchisq': np.float64(0.004245326228575441), 'wchisq': np.float64(13.598340974939775), 'rwchisq': np.float64(0.1743377048069202), 'niter': 5, 'nsynthesis': 24, 'status': 2}"
1385035148035879808,13c1c1e05c7fc725,5772.18359375,4.534599781036377,-0.9531000256538391,5795.581586892354,4.647755438620854,-0.9711899635012706,20.357304790622667,0.039955497180682364,0.02090536045060527,"{'days': 0, 'hours': 0, 'minutes': 0, 'seconds': 34, 'dof': 78, 'error': '', 'rms': np.float64(0.0633516361549664), 'chisq': np.float64(0.325087814084411), 'rchisq': np.float64(0.004167792488261679), 'wchisq': np.float64(15.123987777244416), 'rwchisq': np.float64(0.19389727919544122), 'niter': 3, 'nsynthesis': 16, 'status': 2}"
795956503372372096,bd19147a5dc76a5c,5929.19140625,4.628300189971924,-1.0622999668121338,5944.384637350693,4.706391702882085,-1.9379396083352933,26.396731560091286,0.5782027267575178,0.014216746984580744,"{'days': 0, 'hours': 0, 'minutes': 0, 'seconds': 43, 'dof': 78, 'error': '', 'rms': np.float64(0.05156302220518217), 'chisq': np.float64(0.21535836597350086), 'rchisq': np.float64(0.0027610046919679596), 'wchisq': np.float64(7.257825889617612), 'rwchisq': np.float64(0.09304904986689246), 'niter': 4, 'nsynthesis': 22, 'status': 2}"
2541859266085691136,c662016d6231e24f,4306.52197265625,4.582900047302246,0.35440000891685486,4615.926389532778,4.946688191138383,-0.7521701966145962,242.58440033237773,0.6695648410569499,0.28931057026442775,"{'days': 0, 'hours': 0, 'minutes': 0, 'seconds': 47, 'dof': 78, 'error': '', 'rms': np.float64(0.12698468056046916), 'chisq': np.float64(1.3061338368605957), 'rchisq': np.float64(0.016745305600776868), 'wchisq': np.float64(65.1597954664908), 'rwchisq': np.float64(0.8353819931601385), 'niter': 6, 'nsynthesis': 22, 'status': 5}"
